x,y,hover,eod
122.44092732667923,88.08795270323753,0.0,0.0
119.79781568050385,89.20582015812397,0.0,0.0
116.75168305635452,92.44635511934757,0.0,0.0
109.88128215074539,102.82607366144657,0.0,0.0
103.99103790521622,117.15717960894108,0.0,0.0
100.68974912166595,135.09077717363834,0.0,0.0
100.09081851691008,153.2756059318781,0.0,0.0
102.45910432189703,164.75980569422245,0.0,0.0
106.89882304519415,171.95737053453922,0.0,0.0
113.85495509952307,175.0847466737032,0.0,0.0
121.66551616042852,174.58736297488213,0.0,0.0
130.84277655929327,169.25544974207878,0.0,0.0
140.94202782958746,158.72103449702263,0.0,0.0
148.7627061828971,147.37202045321465,0.0,0.0
153.266922198236,134.0842044055462,0.0,0.0
155.96193995326757,120.02236005663872,0.0,0.0
156.52930539101362,107.18355891108513,0.0,0.0
155.35886209458113,99.6824800670147,0.0,0.0
153.6473109945655,95.41836705803871,0.0,0.0
150.42303796857595,91.08669903874397,0.0,0.0
146.93866934627295,88.28147855401039,0.0,0.0
143.0514633283019,85.32939997315407,0.0,0.0
139.47426315397024,83.93418055772781,0.0,0.0
133.9883315190673,82.62470346689224,0.0,0.0
127.50728245824575,83.50598511099815,0.0,0.0
122.75773610919714,84.4336051940918,0.0,0.0
119.03574910014868,85.63418959081173,0.0,0.0
116.72108229249716,86.93977554142475,0.0,1.0
