x,y,hover,eod
101.35033521056175,106.25998568534851,0.0,0.0
99.84386000037193,110.77166211605072,0.0,0.0
99.7445133626461,119.56775557994843,0.0,0.0
100.87194788455963,129.14673101902008,0.0,0.0
104.06670916080475,141.0045577287674,0.0,0.0
111.69395077228546,153.23834788799286,0.0,0.0
120.1751719713211,163.24782979488373,0.0,0.0
128.60085654258728,168.48794829845428,0.0,0.0
136.10206353664398,168.51794323697686,0.0,0.0
143.16765296459198,163.84145579114556,0.0,0.0
150.70078122615814,151.97808465734124,0.0,0.0
155.44924277067184,139.8003586269915,0.0,0.0
156.40370044112206,129.33669886365533,0.0,0.0
153.93754187226295,119.6546467281878,0.0,0.0
149.3770641386509,107.33955225721002,0.0,0.0
143.21526589989662,97.5536044575274,0.0,0.0
137.84601274132729,92.62929788604379,0.0,0.0
129.95085421204567,88.92270675674081,0.0,0.0
122.83416751027107,88.40083996579051,0.0,0.0
114.40583351254463,89.61294608935714,0.0,0.0
108.70705845952034,90.81712367758155,0.0,0.0
104.16881683468819,92.35230731591582,0.0,0.0
100.49067947268486,94.5218946300447,0.0,1.0
