x,y,hover,eod
150.1408775448799,78.31033881008625,0.0,0.0
147.2298123240471,78.71525748819113,0.0,0.0
142.99522358179092,79.20887376368046,0.0,0.0
133.58393150568008,83.15399850904942,0.0,0.0
123.97494393587112,90.0327714830637,0.0,0.0
106.64306002855301,103.91617740690708,0.0,0.0
94.40858560800552,121.01028169691563,0.0,0.0
87.54180210828781,137.5783094316721,0.0,0.0
86.10151308774948,153.80586589872837,0.0,0.0
90.05688714981079,166.18818606436253,0.0,0.0
99.91710352897644,176.148388043046,0.0,0.0
114.21129393577576,178.14123551547527,0.0,0.0
131.82423281669617,171.70973281562328,0.0,0.0
145.4698567390442,163.16470722854137,0.0,0.0
154.39758825302124,154.6417383402586,0.0,0.0
160.99093663692474,143.55189721286297,0.0,0.0
165.41804957389832,131.21481697261333,0.0,0.0
168.2872821688652,119.43165342509747,0.0,0.0
170.12524473667145,110.15272717177868,0.0,0.0
170.03343469649553,105.3546951264143,0.0,0.0
167.87711030989885,99.95652775466442,0.0,0.0
164.05075616389513,93.9956818073988,0.0,0.0
161.19359380751848,90.2179689258337,0.0,0.0
158.6077118590474,87.02903757989407,0.0,0.0
156.67304358631372,84.81618176400661,0.0,0.0
154.19675535708666,83.25688134133816,0.0,0.0
152.2010771110654,82.03206914663315,0.0,0.0
149.65240932255983,81.36168266832829,0.0,0.0
147.4834815338254,80.68120028078556,0.0,0.0
145.52731937915087,80.1501512080431,0.0,0.0
144.50997150689363,80.07006849348545,0.0,0.0
143.23645598441362,80.29743836447597,0.0,0.0
142.4859853759408,80.52159820869565,0.0,0.0
141.92146434634924,80.83338008448482,0.0,0.0
141.55501733720303,81.1396797299385,0.0,0.0
141.1944227963686,81.31287709996104,0.0,0.0
140.86079466342926,81.49847560748458,0.0,0.0
140.5404103845358,81.51658271625638,0.0,1.0
