x,y,hover,eod
117.41028612852097,84.26203382015228,0.0,0.0
113.7012488245964,87.08300840854645,0.0,0.0
107.25371366739273,94.56648242473602,0.0,0.0
101.83669275045395,106.51718032360077,0.0,0.0
95.58432286977768,125.37136924266815,0.0,0.0
94.57747927308083,142.05387604236603,0.0,0.0
98.27593019604683,158.6941374540329,0.0,0.0
106.15138640999794,169.68047153949738,0.0,0.0
115.12463918328285,174.5477546453476,0.0,0.0
129.06198254227638,172.08210882544518,0.0,0.0
142.6829551756382,161.73136767745018,0.0,0.0
153.65777006745338,148.6335593163967,0.0,0.0
160.71846655011177,135.4037159383297,0.0,0.0
162.31075248122215,122.99727854132652,0.0,0.0
160.1732306778431,107.09984120726585,0.0,0.0
156.6835924088955,96.19222220778465,0.0,0.0
153.45796844363213,91.42944422364235,0.0,0.0
149.20642575621605,87.65496399998665,0.0,0.0
142.35670349001884,84.51981154084206,0.0,0.0
135.5784269273281,83.19495749473572,0.0,0.0
131.0587822496891,82.5482965707779,0.0,0.0
127.4040194451809,82.32360864803195,0.0,0.0
124.75701174139977,82.20098803564906,0.0,0.0
123.53305189311504,83.17116613313556,0.0,1.0
