x,y,hover,eod
121.95605701208115,86.45463633537292,0.0,0.0
117.5765330195427,90.9995197057724,0.0,0.0
110.83213990926743,102.85925734043121,0.0,0.0
103.10460931062698,123.43918430805206,0.0,0.0
98.815583050251,148.4760056734085,0.0,0.0
101.20057111978531,167.03867185115814,0.0,0.0
108.59805351495743,172.98172104358673,0.0,0.0
124.39590936899185,170.46195703744888,0.0,0.0
140.83869463205338,159.9285038113594,0.0,0.0
152.6608014702797,146.95949393510818,0.0,0.0
158.0406112074852,135.3628130555153,0.0,0.0
158.4301217868924,124.59744650125504,0.0,0.0
155.68878228217363,109.00799471139908,0.0,0.0
152.14974100142717,98.02280622720718,0.0,0.0
148.36496347934008,92.14365261793137,0.0,0.0
143.87581998854876,89.06179535388947,0.0,0.0
139.30803532153368,86.11629801988602,0.0,0.0
134.46101719886065,84.74752116203308,0.0,0.0
130.08481616526842,83.48788145184517,0.0,1.0
