x,y,hover,eod
126.56271059811115,83.9691636711359,0.0,0.0
126.30431650951505,82.92928203940392,0.0,0.0
125.7913185544312,82.11982756853104,0.0,0.0
125.04636837914586,81.59424874931574,0.0,0.0
123.26151533797383,82.43457969278097,0.0,0.0
119.86140831187367,85.82377847284079,0.0,0.0
115.26971443369985,93.6122727021575,0.0,0.0
110.59432818368077,104.30788513273001,0.0,0.0
107.27220400050282,116.50198813527822,0.0,0.0
104.4122309871018,130.18259521573782,0.0,0.0
102.64501406624913,143.34623213857412,0.0,0.0
103.07648426666856,155.62003131955862,0.0,0.0
104.16832743957639,164.28675170987844,0.0,0.0
108.0575701482594,170.01885410398245,0.0,0.0
112.85703240707517,174.0871512517333,0.0,0.0
118.681756246835,175.92693265527487,0.0,0.0
126.52302085235715,174.3289503082633,0.0,0.0
133.376163829118,169.4677623733878,0.0,0.0
140.0589191801846,162.30906154960394,0.0,0.0
144.92874800041318,153.58719017356634,0.0,0.0
148.26053707674146,145.21690990775824,0.0,0.0
152.42627112939954,134.61971189826727,0.0,0.0
153.7584334500134,125.4842784628272,0.0,0.0
154.47188033536077,116.7720403894782,0.0,0.0
154.1150134690106,109.53845705837011,0.0,0.0
153.297773886472,104.44279577583075,0.0,0.0
151.70777722075582,100.36001678556204,0.0,0.0
148.39782132580876,96.16991903632879,0.0,0.0
144.24677355960011,92.35286202281713,0.0,0.0
140.08254512026906,89.23820432275534,0.0,0.0
135.91173454001546,87.03444164246321,0.0,0.0
131.6333617158234,85.52223559468985,0.0,0.0
126.60554661229253,84.50974483042955,0.0,0.0
122.53461285308003,83.46680138260126,0.0,0.0
120.08220820501447,83.07986300438643,0.0,0.0
118.56782703474164,83.15777892246842,0.0,1.0
