x,y,hover,eod
107.84656438231468,92.96699744835496,0.0,0.0
107.69266223721206,93.05228252150118,0.0,0.0
107.83424271456897,93.92337490059435,0.0,0.0
107.41555696539581,94.62848100997508,0.0,0.0
106.92286944203079,95.82061257399619,0.0,0.0
105.78871457092464,98.42122640646994,0.0,0.0
103.4038171004504,108.27040400542319,0.0,0.0
102.09130553714931,119.09102168120444,0.0,0.0
102.99638224951923,129.2826303485781,0.0,0.0
106.19519962184131,140.1082452777773,0.0,0.0
110.50256474129856,149.43789031542838,0.0,0.0
117.50812573544681,157.78422381915152,0.0,0.0
123.23222382180393,162.19652440585196,0.0,0.0
129.7836248409003,165.2026036027819,0.0,0.0
136.87454922311008,164.47489801980555,0.0,0.0
143.86972410790622,159.08024851419032,0.0,0.0
149.90914209000766,148.471760192886,0.0,0.0
153.5407207738608,136.99330751039088,0.0,0.0
154.16503438912332,126.62141386605799,0.0,0.0
152.44110131822526,114.31411091424525,0.0,0.0
148.9407815989107,105.47835055924952,0.0,0.0
144.00649184547365,98.77249423600733,0.0,0.0
139.47039360366762,95.37193659879267,0.0,0.0
134.71690351329744,92.94279966689646,0.0,0.0
128.11006123386323,91.4197370801121,0.0,0.0
122.43090743385255,91.41693204129115,0.0,0.0
115.95188671909273,92.47510566795245,0.0,0.0
110.54401869140565,94.88639294588938,0.0,0.0
106.65985310636461,98.49855839693919,0.0,0.0
104.0303137358278,102.08367078984156,0.0,1.0
