x,y,hover,eod
128.2274878025055,82.38096322119236,0.0,0.0
126.41802251338959,81.83140828460455,0.0,0.0
124.53182846307755,81.83190037682652,0.0,0.0
121.92649871110916,82.98811157420278,0.0,0.0
117.85096645355225,86.52843822911382,0.0,0.0
111.70333862304688,94.29712047055364,0.0,0.0
105.87339997291565,103.77101828530431,0.0,0.0
102.19279199838638,115.367541808635,0.0,0.0
99.83271092176437,127.17028667405248,0.0,0.0
98.46676737070084,140.4106633849442,0.0,0.0
99.13914829492569,151.30115558579564,0.0,0.0
102.05677270889282,161.89832617715,0.0,0.0
105.42678028345108,167.71270443871617,0.0,0.0
109.6365338563919,171.37615819647908,0.0,0.0
119.3462461233139,174.76278414204717,0.0,0.0
127.23057448863983,174.1034263856709,0.0,0.0
137.60508716106415,168.3463156707585,0.0,0.0
145.99995851516724,160.91465179994702,0.0,0.0
151.08599483966827,154.48411946371198,0.0,0.0
155.90962529182434,145.73890988901258,0.0,0.0
158.29513788223267,137.81447296217084,0.0,0.0
158.6296533420682,129.83414595201612,0.0,0.0
157.7822057530284,122.1640223748982,0.0,0.0
156.75560671836138,116.54916291311383,0.0,0.0
154.50291339308023,111.14936654642224,0.0,0.0
152.8140241280198,107.85132621601224,0.0,0.0
150.24424348026514,104.55662970617414,0.0,0.0
147.30089608579874,101.98055450990796,0.0,0.0
143.66678688675165,99.78809167817235,0.0,0.0
139.63020656257868,98.19481601193547,0.0,0.0
135.36926928907633,96.32184450700879,0.0,0.0
131.85233537107706,95.32397543266416,0.0,0.0
129.17252335697412,94.71540828421712,0.0,0.0
127.12812963873148,94.46933911368251,0.0,0.0
125.68481165915728,94.25885555520654,0.0,1.0
