x,y,hover,eod
114.63526487350464,82.72822163254023,0.0,0.0
114.15828160941601,82.46141066029668,0.0,0.0
113.406992405653,82.36792874708772,0.0,0.0
112.23891600966454,82.63574154302478,0.0,0.0
110.90561375021935,83.29678178951144,0.0,0.0
108.71018826961517,85.28757975623012,0.0,0.0
105.15704452991486,90.52666173502803,0.0,0.0
100.97792208194733,101.91409693285823,0.0,0.0
98.45346838235855,114.90865335986018,0.0,0.0
97.62341529130936,133.18271623179317,0.0,0.0
99.54665094614029,150.40507064387202,0.0,0.0
104.77294594049454,164.93606792017817,0.0,0.0
112.00335592031479,173.47972736880183,0.0,0.0
120.18277436494827,175.96985579654574,0.0,0.0
131.62882953882217,172.4569523446262,0.0,0.0
142.4523475766182,161.69673563167453,0.0,0.0
151.9193509221077,148.1213867776096,0.0,0.0
158.41456323862076,135.474475633353,0.0,0.0
160.31905874609947,125.69569827243686,0.0,0.0
159.0720058977604,114.77386356517673,0.0,0.0
154.91937592625618,103.31140638515353,0.0,0.0
150.95339730381966,94.21959401294589,0.0,0.0
147.9595436155796,89.19835449382663,0.0,0.0
144.29191306233406,85.65981508418918,0.0,0.0
137.96792522072792,82.65574158355594,0.0,0.0
129.9634988605976,80.56916789337993,0.0,0.0
124.63154450058937,80.1408766694367,0.0,0.0
120.20659103989601,80.37154671922326,0.0,0.0
116.23224928975105,81.14813936129212,0.0,0.0
111.82787880301476,82.48084900155663,0.0,0.0
108.02651897072792,83.47240557149053,0.0,1.0
