x,y,hover,eod
117.00597214698792,81.34542107582092,0.0,0.0
109.06698215007782,95.33543467521667,0.0,0.0
102.11824941635132,115.34365057945251,0.0,0.0
97.71841335296631,134.7699475288391,0.0,0.0
95.80454188585281,153.85018825531006,0.0,0.0
99.51495814323425,168.20165991783142,0.0,0.0
107.73341643810272,175.64343690872192,0.0,0.0
119.6106778383255,175.90878451243043,0.0,0.0
132.86362993717194,168.91395116224885,0.0,0.0
146.6470228433609,157.26448202505708,0.0,0.0
155.79447853565216,145.1853027381003,0.0,0.0
160.59536892175674,133.1952896155417,0.0,0.0
161.53950254619122,121.63482451811433,0.0,0.0
160.27275513112545,111.28594303503633,0.0,0.0
157.61496822535992,102.0559891499579,0.0,0.0
154.45197711884975,95.59805059805512,0.0,0.0
151.10051076114178,91.31245458498597,0.0,0.0
147.40227441489697,86.799839977175,0.0,0.0
144.12407855689526,84.28579861298203,0.0,0.0
140.31297574937344,82.15564364567399,0.0,0.0
136.5934042185545,81.59134658053517,0.0,0.0
132.38474886119366,81.49144751951098,0.0,0.0
128.30991099774837,81.78628707304597,0.0,0.0
124.07810191810131,82.00150575488806,0.0,0.0
120.13562600314617,82.24392604082823,0.0,0.0
117.29140143096447,82.29034631513059,0.0,0.0
115.18744419515133,82.31318109668791,0.0,0.0
114.08572833240032,82.67732002772391,0.0,0.0
113.30161246657372,83.33076753653586,0.0,1.0
