x,y,hover,eod
112.19565930962563,91.41215859353542,0.0,0.0
111.32153141498566,91.83738941699266,0.0,0.0
109.89527302980423,91.64415458589792,0.0,0.0
108.29014438390732,94.23912892490625,0.0,0.0
105.76436537504196,104.96970186382532,0.0,0.0
103.90434283018112,119.00448212772608,0.0,0.0
104.08994487673044,132.85667429119349,0.0,0.0
106.53394720703363,146.79222116619349,0.0,0.0
110.59688708931208,157.67812380939722,0.0,0.0
118.2045962586999,164.47834024578333,0.0,0.0
124.79268274456263,166.51988247781992,0.0,0.0
132.69908747822046,164.17946378141642,0.0,0.0
141.10065064579248,155.37933389097452,0.0,0.0
147.40066788345575,145.52705208212137,0.0,0.0
152.07155606895685,133.43662897497416,0.0,0.0
153.15264477580786,121.67433420568705,0.0,0.0
151.29817693680525,112.40458170324564,0.0,0.0
146.51003091782331,103.35034469515085,0.0,0.0
143.27098547667265,97.07317093759775,0.0,0.0
139.4122600480914,93.73814652115107,0.0,0.0
134.87049727886915,91.43069873005152,0.0,0.0
129.62774186581373,91.28597698546946,0.0,0.0
122.83049910515547,91.25594861246645,0.0,0.0
118.81734549254179,91.94413430429995,0.0,0.0
115.26496081799269,93.6682619843632,0.0,0.0
113.46823661774397,96.33041284419596,0.0,1.0
