x,y,hover,eod
114.1091200709343,87.88908341154456,0.0,0.0
113.27159337699413,87.84756795689464,0.0,0.0
111.92926056683064,88.0767464004457,0.0,0.0
108.40105332434177,91.78411626443267,0.0,0.0
104.05747689306736,102.0465316735208,0.0,0.0
100.53046353161335,116.09315538033843,0.0,0.0
100.03668770194054,131.60700702294707,0.0,0.0
103.18336918950081,151.48831152543426,0.0,0.0
109.67504814267159,163.99704718217254,0.0,0.0
117.78303161263466,169.2465742789209,0.0,0.0
128.72915402054787,169.51504343375564,0.0,0.0
138.16844776272774,163.5875582061708,0.0,0.0
148.73811557888985,152.9845046363771,0.0,0.0
154.55023124814034,142.37334006652236,0.0,0.0
156.20300814509392,131.5937280021608,0.0,0.0
154.39191237092018,122.17651062831283,0.0,0.0
150.56759402155876,112.59789639338851,0.0,0.0
146.83449164032936,105.36469870433211,0.0,0.0
143.8469000160694,101.20878868922591,0.0,0.0
139.33650210499763,98.10393476113677,0.0,0.0
135.10116562247276,95.06848269328475,0.0,0.0
131.3983090221882,93.00833770260215,0.0,0.0
128.0906681716442,91.24472209438682,0.0,0.0
125.006233304739,90.64130273833871,0.0,0.0
121.79273620247841,90.61778275482357,0.0,0.0
118.2225127518177,91.12948386184871,0.0,0.0
115.4921205341816,91.77047973684967,0.0,0.0
113.65675285458565,91.7809308746364,0.0,0.0
111.91406935453415,91.89257669798099,0.0,0.0
110.51916986703873,92.07532202429138,0.0,0.0
109.16610345244408,92.72202891833149,0.0,0.0
107.56200030446053,93.20617181784473,0.0,1.0
