x,y,hover,eod
106.93044270575047,86.90401329100132,0.0,0.0
105.87424698472023,87.85145981609821,0.0,0.0
104.76916636526585,89.04332725703716,0.0,0.0
102.46681939065456,91.0505181401968,0.0,0.0
101.25774900615215,94.3173381537199,0.0,0.0
99.75158701837063,100.17753092944622,0.0,0.0
98.90979807078838,108.94786565005779,0.0,0.0
100.29262374341488,120.11706082522869,0.0,0.0
102.39822174608707,132.02266900241375,0.0,0.0
106.07881988584995,142.64194576442242,0.0,0.0
110.74080581963062,151.84390215575695,0.0,0.0
117.75260742008686,161.55200390517712,0.0,0.0
124.33438237011433,168.24387757480145,0.0,0.0
128.70280201733112,170.87707696855068,0.0,0.0
136.51828642189503,170.56032570451498,0.0,0.0
143.7725066691637,167.0783364996314,0.0,0.0
150.24659450352192,157.60388197749853,0.0,0.0
155.04193778336048,147.406191252172,0.0,0.0
157.86617095768452,137.19352784007788,0.0,0.0
158.71708269417286,126.90141501277685,0.0,0.0
157.0367203205824,119.34768857806921,0.0,0.0
152.7557359188795,108.76224222034216,0.0,0.0
147.50436405837536,100.83949031680822,0.0,0.0
143.12347303330898,95.4709649309516,0.0,0.0
139.45167015492916,92.1646481975913,0.0,0.0
135.07771621644497,89.18411644548178,0.0,0.0
130.31834821403027,86.9808562323451,0.0,0.0
125.13187210261822,85.41791396588087,0.0,0.0
120.70986519753933,85.1857822984457,0.0,0.0
116.26847039163113,85.49577830731869,0.0,0.0
112.54227916896343,86.45826233923435,0.0,0.0
109.9427951425314,87.43216110765934,0.0,0.0
108.83843477070332,88.01097335666418,0.0,1.0
