x,y,hover,eod
114.45916384458542,86.82966499403119,0.0,0.0
113.84649410843849,86.64477447792888,0.0,0.0
113.22981294244528,87.08278915658593,0.0,0.0
112.26101879030466,87.40405349805951,0.0,0.0
110.44344130903482,88.36477472260594,0.0,0.0
108.90492219477892,90.74023409560323,0.0,0.0
105.78972298651934,99.62622805312276,0.0,0.0
103.29876247793436,112.18185826018453,0.0,0.0
102.22101841121912,126.63506193831563,0.0,0.0
102.50163115561008,140.08464856818318,0.0,0.0
104.88565735518932,154.45159121230245,0.0,0.0
109.35519687831402,164.7268991060555,0.0,0.0
114.28795568645,169.33219983056188,0.0,0.0
122.86899261176586,170.2717295177281,0.0,0.0
129.70949046313763,168.28571258857846,0.0,0.0
139.0065198391676,159.6939039118588,0.0,0.0
146.9235848635435,149.41010831668973,0.0,0.0
152.17209808528423,139.08034681156278,0.0,0.0
154.3426599353552,129.95596228912473,0.0,0.0
154.6429313905537,122.44493423774838,0.0,0.0
152.86258371546865,113.85085879638791,0.0,0.0
149.9642345495522,105.80740629509091,0.0,0.0
146.56863482668996,99.64358745887876,0.0,0.0
144.11844896152616,96.28790228441358,0.0,0.0
140.4632850177586,93.04759292677045,0.0,0.0
135.6911532767117,90.51851301267743,0.0,0.0
131.86418430879712,88.76857637241483,0.0,0.0
127.61477963998914,87.76284686103463,0.0,0.0
124.48820846155286,87.08986765518785,0.0,0.0
121.40389578416944,87.22848022170365,0.0,0.0
119.4800646789372,87.42617679573596,0.0,0.0
118.57174845412374,87.4838871769607,0.0,0.0
118.05148938670754,87.9251350723207,0.0,0.0
117.17320227995515,88.73199830576777,0.0,1.0
