x,y,hover,eod
125.42339292168617,84.99481599777937,0.0,0.0
124.05014884471893,85.0046933372505,0.0,0.0
121.89392474293709,86.23941189842299,0.0,0.0
113.62524178624153,95.29968685703352,0.0,0.0
105.54093506932259,108.63204664783552,0.0,0.0
99.27738335728645,122.73146338062361,0.0,0.0
97.19732281565666,140.32719916896895,0.0,0.0
100.00925150513649,154.42165083484724,0.0,0.0
106.69041123986244,164.93277735309675,0.0,0.0
113.74252226948738,170.24458057479933,0.0,0.0
122.01559153199196,171.9342904468067,0.0,0.0
132.1873840391636,167.41141787962988,0.0,0.0
143.4903749525547,157.81861595110968,0.0,0.0
151.15157094597816,146.69347456889227,0.0,0.0
156.31128218770027,133.0644505401142,0.0,0.0
158.9122989475727,120.62887839274481,0.0,0.0
159.0364505983889,108.58582548098639,0.0,0.0
157.4819648899138,101.27019099192694,0.0,0.0
155.64167788997293,97.12709776358679,0.0,0.0
152.73306092992425,93.44005457358435,0.0,0.0
148.879515144974,90.43030373053625,0.0,0.0
144.22137639299035,87.31214336352423,0.0,0.0
137.74533054605126,87.8905727644451,0.0,0.0
129.92723247781396,89.14192176656798,0.0,0.0
124.31094906106591,90.73243118124083,0.0,0.0
120.1293291784823,91.83642267482355,0.0,0.0
117.61867186799645,92.67003043787554,0.0,0.0
115.68868255987763,92.53735073143616,0.0,1.0
