x,y,hover,eod
125.5644919872284,77.86842948198318,0.0,0.0
122.08367609977722,79.81187602877617,0.0,0.0
114.52056193351746,90.80771943926811,0.0,0.0
104.29972076416016,112.55568048357964,0.0,0.0
98.12660717964172,140.40730974078178,0.0,0.0
98.65719819068909,162.75398275256157,0.0,0.0
106.09755182266235,176.3442196547985,0.0,0.0
119.03790378570557,179.27946737408638,0.0,0.0
135.5643286705017,170.47873190045357,0.0,0.0
148.79803562164307,156.8447189629078,0.0,0.0
156.76205599308014,142.8464894592762,0.0,0.0
159.19931346178055,128.17916920781136,0.0,0.0
158.61792550981045,112.17747142910957,0.0,0.0
155.27333037555218,98.00289562344551,0.0,0.0
153.17201034724712,90.26157966256142,0.0,0.0
150.81605733931065,86.1245404779911,0.0,0.0
147.5164726525545,82.49120196700096,0.0,0.0
143.08202089369297,80.4038574397564,0.0,0.0
139.54753549396992,78.94793918728828,0.0,1.0
