x,y,hover,eod
109.98233759403229,83.62865543365479,0.0,0.0
105.98476135730743,86.9027636051178,0.0,0.0
98.55394983291626,105.4812262058258,0.0,0.0
96.06875205039978,123.01073050498962,0.0,0.0
97.44390466809273,149.49104046821594,0.0,0.0
106.51647904515266,166.19057512283325,0.0,0.0
117.20719435811043,173.1195012331009,0.0,0.0
127.77906396985054,173.51576624810696,0.0,0.0
142.21167185902596,163.12248288094997,0.0,0.0
153.0165801346302,146.68091593682766,0.0,0.0
159.76317444443703,130.89704333245754,0.0,0.0
161.28436097502708,117.1258252710104,0.0,0.0
158.42585036158562,106.65603576600552,0.0,0.0
152.46614107489586,98.85282157361507,0.0,0.0
145.0446546971798,91.89323602616787,0.0,0.0
139.57037100195885,88.81860642135143,0.0,0.0
131.52242848277092,86.76184414327145,0.0,0.0
125.60463735461235,85.93489935994148,0.0,0.0
121.39787712693214,86.20068738609552,0.0,0.0
116.3573125898838,87.01240407675505,0.0,0.0
112.38983044028282,89.06480389088392,0.0,1.0
