x,y,hover,eod
119.12004202604294,87.36234134435654,0.0,0.0
118.2318989187479,88.81311586499214,0.0,0.0
116.51602186262608,91.4652102291584,0.0,0.0
111.45009316504002,102.28604367375374,0.0,0.0
106.46283395588398,122.27079203724861,0.0,0.0
102.09351904690266,144.57063964009285,0.0,0.0
102.97239236533642,158.78524354100227,0.0,0.0
109.80168275535107,167.490947753191,0.0,0.0
120.0202315300703,168.87859961390495,0.0,0.0
132.4568586796522,162.46985217928886,0.0,0.0
143.03108386695385,151.16215726733208,0.0,0.0
150.00054113566875,139.91420885920525,0.0,0.0
154.50174741446972,126.48495575785637,0.0,0.0
154.8034305125475,113.55666181445122,0.0,0.0
152.35517762601376,102.78908869624138,0.0,0.0
148.94601188600063,97.10554561018944,0.0,0.0
144.8101183027029,92.83986231684685,0.0,0.0
139.01335559785366,89.70243951678276,0.0,0.0
133.94244216382504,87.85427516698837,0.0,0.0
129.64286051690578,87.80120870471,0.0,0.0
127.15626306831837,88.14545503258705,0.0,0.0
126.3360333442688,88.91114315390587,0.0,1.0
