x,y,hover,eod
126.07838386297226,86.45355367660522,0.0,0.0
123.14755403995514,88.99961972236633,0.0,0.0
119.54457902908325,91.89876997470856,0.0,0.0
112.52413773536682,103.49298202991486,0.0,0.0
106.78521060943604,117.17015588283539,0.0,0.0
103.82201248407364,133.87962901592255,0.0,0.0
102.98996345698833,149.67889273166656,0.0,0.0
106.26788870990276,162.16979110240936,0.0,0.0
111.58177988231182,169.17865478992462,0.0,0.0
117.89502756297588,171.5398288667202,0.0,0.0
126.3335587233305,168.6803419291973,0.0,0.0
135.3627903908491,159.92812702059746,0.0,0.0
143.557691141963,149.23797199130058,0.0,0.0
150.2706010788679,137.1217162311077,0.0,0.0
153.74247001111507,125.25646874308586,0.0,0.0
154.79766117036343,112.36304470896721,0.0,0.0
154.39737835526466,102.24530765414238,0.0,0.0
152.85678619146347,96.8528194129467,0.0,0.0
151.73112542927265,93.62631657719612,0.0,0.0
147.65223921835423,90.85964122414589,0.0,0.0
142.8747764378786,89.48913717269897,0.0,0.0
138.45116378366947,88.58050534129143,0.0,0.0
132.28993655741215,88.4818414002657,0.0,0.0
127.1157872825861,88.25610836595297,0.0,0.0
123.81702037155628,88.16713939979672,0.0,0.0
122.04369874298573,87.8299141637981,0.0,1.0
