x,y,hover,eod
117.76708287000656,72.78565482795238,0.0,0.0
113.74554765224457,71.60315328836441,0.0,0.0
109.34498709440231,73.53546971082687,0.0,0.0
101.35273855924606,87.72693508863449,0.0,0.0
95.78453463315964,109.78776806592941,0.0,0.0
91.92698401212692,139.52358120679855,0.0,0.0
92.44688083231449,163.33501929044724,0.0,0.0
99.42210663855076,178.98815387487411,0.0,0.0
113.83774270117283,185.86731070280075,0.0,0.0
129.42978371679783,184.21682754158974,0.0,0.0
145.73224176466465,170.70908823609352,0.0,0.0
157.95578230917454,152.87960329651833,0.0,0.0
164.77437306940556,133.22379031777382,0.0,0.0
165.05489666759968,110.61802783608437,0.0,0.0
159.18318112194538,95.80375829339027,0.0,0.0
150.2241154462099,86.608113437891,0.0,0.0
141.5237297564745,81.17204824090004,0.0,0.0
133.3755864650011,77.56366917490959,0.0,0.0
128.33580453693867,76.14562371373177,0.0,0.0
125.24907846748829,74.90510942041874,0.0,1.0
