x,y,hover,eod
101.53079557418823,90.97408217191696,0.0,0.0
100.36485630273819,94.97014147043228,0.0,0.0
99.90185438841581,107.98626166582108,0.0,0.0
99.96885589510202,125.32269340753555,0.0,0.0
101.49405769258738,145.22071462869644,0.0,0.0
105.91062269359827,162.360908806324,0.0,0.0
113.16678724437952,170.51020961999893,0.0,0.0
124.64382372051477,170.43214109539986,0.0,0.0
135.355913259089,164.03237548470497,0.0,0.0
145.76754651218653,152.84506526589394,0.0,0.0
153.28592739254236,138.84521809220314,0.0,0.0
156.2552820816636,126.23393502831459,0.0,0.0
155.31785710901022,114.11164131760597,0.0,0.0
151.54568477720022,102.77612057328224,0.0,0.0
146.24856217950583,94.12067142128944,0.0,0.0
142.29413940757513,89.95560821890831,0.0,0.0
134.9591149315238,87.19774332642555,0.0,0.0
126.65884568542242,86.21031296253204,0.0,0.0
121.42990543693304,86.9599814414978,0.0,0.0
117.51929356902838,87.91323010623455,0.0,0.0
114.28048028796911,89.19546310603619,0.0,0.0
110.8636896237731,91.57929141819477,0.0,1.0
