x,y,hover,eod
111.2712824344635,99.46426129341125,0.0,0.0
106.87628328800201,105.22050774097443,0.0,0.0
102.3640313744545,117.79881036281586,0.0,0.0
99.84110891819,130.60201799869537,0.0,0.0
98.65262970328331,146.78114807605743,0.0,0.0
101.95588901638985,159.66097748279572,0.0,0.0
108.85891154408455,167.56011998653412,0.0,0.0
117.21415653824806,171.57710081338882,0.0,0.0
127.93235197663307,171.967358648777,0.0,0.0
137.69149497151375,167.19197845458984,0.0,0.0
148.05160358548164,158.1786493062973,0.0,0.0
154.70055237412453,146.29347598552704,0.0,0.0
158.27021822333336,133.23340928554535,0.0,0.0
157.5631970912218,120.3775862455368,0.0,0.0
154.00047160685062,109.97352993488312,0.0,0.0
147.58431173861027,100.02062058448792,0.0,0.0
142.06940568983555,92.91576719284058,0.0,0.0
139.09272350370884,89.34838777780533,0.0,0.0
135.64828254282475,86.92146888375282,0.0,0.0
130.78645147383213,85.75429438054562,0.0,0.0
124.54636372625828,86.0003370270133,0.0,0.0
120.16000039875507,87.14773940294981,0.0,0.0
115.58264173567295,90.26103424280882,0.0,0.0
112.51888252794743,94.7989692017436,0.0,1.0
