x,y,hover,eod
134.8611984848976,87.72712403535843,0.0,0.0
132.60880079865456,86.41958498954773,0.0,0.0
130.48291411995888,86.01386481523514,0.0,0.0
124.80418708920479,91.39557057619095,0.0,0.0
117.35370841622353,101.61401683092117,0.0,0.0
106.37067404389381,121.18379765748978,0.0,0.0
99.15701892971992,141.63973027467728,0.0,0.0
97.88731586933136,156.21050769090652,0.0,0.0
101.77711886167526,164.98381787538528,0.0,0.0
107.97780495882034,169.9076076745987,0.0,0.0
120.77533465623856,170.0145235620439,0.0,0.0
134.32408434152603,162.6799437366426,0.0,0.0
146.24559861421585,152.53253668174148,0.0,0.0
154.12970584630966,139.77537124976516,0.0,0.0
158.74855560064316,128.87953966483474,0.0,0.0
158.63401804864407,112.79953807219863,0.0,0.0
156.54973302781582,103.89797597751021,0.0,0.0
153.72984920442104,98.63889902457595,0.0,0.0
149.5574641674757,94.54089402779937,0.0,0.0
145.63185815513134,92.47038274630904,0.0,0.0
139.78567723929882,90.51248654350638,0.0,0.0
135.56713585555553,89.86796743795276,0.0,0.0
131.31208811700344,90.45071616396308,0.0,1.0
