x,y,hover,eod
114.20967948436737,79.14438927173615,0.0,0.0
111.38761740922928,79.36829458549619,0.0,0.0
106.31619256734848,83.84304146841168,0.0,0.0
99.09070593118668,97.69869904592633,0.0,0.0
94.135651409626,115.27026157453656,0.0,0.0
91.7743484377861,135.02508502081037,0.0,0.0
96.34816032648087,155.02346377447248,0.0,0.0
108.9575646519661,174.88568406179547,0.0,0.0
122.0360432267189,184.6665720231831,0.0,0.0
133.9844964146614,186.8458216972649,0.0,0.0
146.77666169404984,181.05401690676808,0.0,0.0
155.135384619236,168.79289205744863,0.0,0.0
162.6844475865364,150.95592196658254,0.0,0.0
166.05079513788223,135.63969548419118,0.0,0.0
165.89043293893337,121.98970134928823,0.0,0.0
163.07695005834103,110.20312603190541,0.0,0.0
159.12240658700466,100.60222562029958,0.0,0.0
153.6162659972906,91.23271759226918,0.0,0.0
148.5564676374197,83.95015950873494,0.0,0.0
144.5887557119131,80.277995724231,0.0,0.0
140.60236279666424,77.08538498356938,0.0,0.0
136.71386842429638,74.06222190335393,0.0,0.0
132.9946858137846,71.89169700816274,0.0,0.0
129.47256390750408,70.61511899903417,0.0,0.0
126.04185853898525,70.26799708232284,0.0,0.0
122.23807637393475,70.46334135904908,0.0,0.0
118.06225900352001,71.63788999989629,0.0,0.0
112.45508317649364,73.42995430901647,0.0,0.0
105.90738300979137,77.32775445654988,0.0,1.0
