x,y,hover,eod
118.3664590716362,81.25158995389938,0.0,0.0
115.84167069196701,82.50364288687706,0.0,0.0
113.43659347295761,85.07807299494743,0.0,0.0
108.39084094762802,93.97493466734886,0.0,0.0
104.3103534579277,106.13424643874168,0.0,0.0
100.83774244785309,121.6781710088253,0.0,0.0
99.761001303792,138.4444998204708,0.0,0.0
100.6238162368536,159.075977653265,0.0,0.0
104.48577938973904,170.95429047942162,0.0,0.0
111.0384160131216,176.13657221198082,0.0,0.0
120.15691338479519,175.8932525292039,0.0,0.0
130.15819726884365,168.6560434475541,0.0,0.0
142.1634811013937,156.08066502958536,0.0,0.0
151.1338567584753,144.8121327534318,0.0,0.0
155.98324625194073,133.9933818951249,0.0,0.0
156.8897303789854,123.11240617185831,0.0,0.0
155.5193626731634,112.1106642857194,0.0,0.0
152.79549418389797,101.57106582075357,0.0,0.0
150.01774905622005,96.64657477289438,0.0,0.0
143.37313710153103,92.30361256748438,0.0,0.0
134.51176999509335,89.4871586933732,0.0,0.0
127.41110740602016,88.15297547727823,0.0,0.0
123.63062201440334,87.73742858320475,0.0,0.0
119.7994184345007,88.26188389211893,0.0,0.0
116.18069706857204,89.17323220521212,0.0,1.0
