x,y,hover,eod
121.96776747703552,87.72217035293579,0.0,0.0
112.85240769386292,102.13542938232422,0.0,0.0
104.56016600131989,122.36077785491943,0.0,0.0
99.05525922775269,140.97870707511902,0.0,0.0
99.04746204614639,156.9718861579895,0.0,0.0
105.97333878278732,166.10701382160187,0.0,0.0
117.91503995656967,169.29267704486847,0.0,0.0
130.9232410788536,164.89211946725845,0.0,0.0
142.16792911291122,156.21050089597702,0.0,0.0
151.17616146802902,144.52991098165512,0.0,0.0
156.08273595571518,131.58740133047104,0.0,0.0
158.62251996994019,119.09774035215378,0.0,0.0
158.35288900882006,109.75088506937027,0.0,0.0
154.94671989232302,103.27418774366379,0.0,0.0
151.44165504723787,98.49047213792801,0.0,0.0
147.27791476994753,94.90364462137222,0.0,0.0
142.93335039168596,91.45438402891159,0.0,0.0
139.08690202981234,89.62182387709618,0.0,0.0
135.34437287598848,89.24709402024746,0.0,0.0
131.65856678038836,89.03083613142371,0.0,0.0
128.68356961756945,89.08750414848328,0.0,0.0
126.28011453896761,89.30569298565388,0.0,0.0
123.51771373301744,89.49260637164116,0.0,1.0
