x,y,hover,eod
100.2991954088211,102.10504472255707,0.0,0.0
99.0105048418045,115.31655013561249,0.0,0.0
99.52552995085716,130.18564760684967,0.0,0.0
99.70351500809193,147.6524406671524,0.0,0.0
102.60519517958164,160.88254749774933,0.0,0.0
114.88588465750217,170.04856407642365,0.0,0.0
127.31294049322605,169.41395595669746,0.0,0.0
138.94969953596592,162.0433695614338,0.0,0.0
149.56694974005222,150.02906039357185,0.0,0.0
155.35453452169895,139.20951440930367,0.0,0.0
157.11538119614124,123.61731722950935,0.0,0.0
152.78072430193424,109.32622507214546,0.0,0.0
147.0088024288416,98.06034043431282,0.0,0.0
142.38614274561405,91.5070267021656,0.0,0.0
136.5357114225626,88.29752281308174,0.0,0.0
128.08321668207645,87.07299135625362,0.0,0.0
119.7928108125925,88.34264241158962,0.0,0.0
114.99464853107929,89.65046383440495,0.0,0.0
111.81077940762043,91.00746549665928,0.0,1.0
