x,y,hover,eod
129.7603542804718,88.54576842486858,0.0,0.0
127.52968576550484,88.18713789433241,0.0,0.0
123.88617840409279,89.24669196456671,0.0,0.0
113.49139776825905,103.68531992286444,0.0,0.0
104.64773443341255,119.50707723945379,0.0,0.0
96.82146456837654,138.26066663116217,0.0,0.0
93.88466712832451,151.97224190086126,0.0,0.0
96.47168603539467,165.28767516463995,0.0,0.0
103.39284089207649,173.38996758311987,0.0,0.0
114.11435869336128,177.8954034075141,0.0,0.0
125.06304052472115,176.55396720021963,0.0,0.0
138.47426202893257,168.34561725705862,0.0,0.0
149.00031712651253,157.18621035665274,0.0,0.0
155.9613987505436,146.33307715505362,0.0,0.0
160.02937045693398,135.64690133184195,0.0,0.0
161.85083177685738,127.12880035489798,0.0,0.0
162.25574326515198,119.56629534810781,0.0,0.0
162.37622885778546,114.38261409848928,0.0,0.0
161.83090275898576,109.98712142556906,0.0,0.0
160.9393469132483,105.62509497255087,0.0,0.0
159.93745266273618,100.55482586473227,0.0,0.0
158.30349131301045,96.43074055761099,0.0,0.0
155.49804731085896,92.33919193595648,0.0,0.0
152.42323114350438,89.06329085677862,0.0,0.0
149.73315014317632,86.56611179560423,0.0,0.0
146.7438815422356,84.22608082741499,0.0,0.0
143.45190628245473,82.6317440494895,0.0,0.0
140.08391900733113,81.107706181705,0.0,0.0
137.7987547107041,80.38010587543249,0.0,0.0
135.91384156420827,79.93335129320621,0.0,0.0
134.3106020875275,79.90626657009125,0.0,0.0
132.13473900035024,80.27283845096827,0.0,1.0
