x,y,hover,eod
117.42134073376656,95.15924496948719,0.0,0.0
115.94692894816399,94.37103381752968,0.0,0.0
114.82302406430244,94.42632404528558,0.0,0.0
113.32063177227974,96.40797880850732,0.0,0.0
109.02466097474098,104.18441501818597,0.0,0.0
104.56756511330605,119.34767094813287,0.0,0.0
102.16578358411789,136.2334403153509,0.0,0.0
103.5441684126854,151.69670072756708,0.0,0.0
109.37506967782974,163.32984892092645,0.0,0.0
117.72371762990952,169.02727333270013,0.0,0.0
126.13593035936356,169.32885696552694,0.0,0.0
135.94209963083267,163.36522092483938,0.0,0.0
144.48229485750198,154.24546827934682,0.0,0.0
151.84848898649216,141.32303824089468,0.0,0.0
154.91026455163956,128.75988115929067,0.0,0.0
153.7246889770031,117.55517711304128,0.0,0.0
150.28964766860008,107.69232322834432,0.0,0.0
144.98893508315086,99.06302621029317,0.0,0.0
141.90406748652458,95.06396492384374,0.0,0.0
137.5038824379444,91.20906313322484,0.0,0.0
132.4268756210804,89.31449060700834,0.0,0.0
127.95865187048912,88.61856689117849,0.0,0.0
121.91006192564964,88.66502591781318,0.0,0.0
116.70734593272209,91.43970736674964,0.0,1.0
