x,y,hover,eod
121.7801114320755,89.17612227797508,0.0,0.0
119.5414691567421,90.44264230132103,0.0,0.0
115.88891589641571,93.78188881278038,0.0,0.0
110.2415200471878,103.1661978662014,0.0,0.0
105.11089527606964,114.95950254797935,0.0,0.0
100.09343945980072,129.77184328436852,0.0,0.0
98.67120826244354,143.91654404997826,0.0,0.0
102.6103767156601,158.9069286286831,0.0,0.0
111.32401967048645,167.098891466856,0.0,0.0
123.45566773414612,167.92676317691803,0.0,0.0
136.9232943058014,161.59573364257812,0.0,0.0
147.81831765174866,153.19975125789642,0.0,0.0
155.80646181106567,142.43631827831268,0.0,0.0
158.4784301519394,132.41899716854095,0.0,0.0
158.12183351814747,120.44778096675873,0.0,0.0
155.51152648031712,110.11385905742645,0.0,0.0
152.72181124985218,104.48964166641235,0.0,0.0
146.71609969437122,99.8825688958168,0.0,0.0
139.0412154942751,97.51883345842361,0.0,0.0
130.7547220736742,95.94603124260902,0.0,0.0
124.14606542885303,95.91165001224726,0.0,0.0
121.21829630434513,95.43015739601105,0.0,1.0
