x,y,hover,eod
102.39878097176552,100.12851595878601,0.0,0.0
100.96756228804588,107.53419697284698,0.0,0.0
100.05761207640171,118.14156711101532,0.0,0.0
101.07947701215744,130.05590617656708,0.0,0.0
103.5546206831932,142.3092097043991,0.0,0.0
110.07515424489975,156.51054561138153,0.0,0.0
118.7888532280922,166.36804044246674,0.0,0.0
128.8650673031807,170.09279251098633,0.0,0.0
138.72837418317795,169.02538560330868,0.0,0.0
146.4917158484459,163.9006694406271,0.0,0.0
152.55501919984818,153.93145583570004,0.0,0.0
156.7532136440277,139.0912177413702,0.0,0.0
156.72175118792802,127.0463278144598,0.0,0.0
153.06266555655748,113.52107904851437,0.0,0.0
146.24252805579454,101.99537299573421,0.0,0.0
138.8433367954567,93.59680853784084,0.0,0.0
131.11965069640428,89.24290768802166,0.0,0.0
126.02592418063432,87.66502745449543,0.0,0.0
120.64414629805833,87.50252071768045,0.0,0.0
114.53790316451341,89.33020759373903,0.0,0.0
108.05040607322007,92.11536634713411,0.0,0.0
104.1102550374344,94.7997622564435,0.0,0.0
100.64787635672837,98.67511708289385,0.0,1.0
