x,y,hover,eod
123.34323927760124,75.95383722707629,0.0,0.0
121.85097187757492,75.92016323842108,0.0,0.0
119.79262843728065,76.10539473034441,0.0,0.0
118.97827751934528,77.17191017605364,0.0,0.0
117.75731027126312,78.11075724102557,0.0,0.0
116.25646933913231,79.04992862977087,0.0,0.0
113.67357835173607,81.23833804763854,0.0,0.0
110.00326409935951,86.10236286558211,0.0,0.0
106.30592301487923,92.46189891733229,0.0,0.0
100.61055198311806,105.04539787210524,0.0,0.0
97.86896660923958,116.9856887999922,0.0,0.0
96.74464911222458,128.8220554534346,0.0,0.0
96.85022540390491,143.4774976912886,0.0,0.0
98.37680898606777,155.59879600442946,0.0,0.0
100.44578365981579,167.70132004655898,0.0,0.0
103.14906321465969,174.39122676290572,0.0,0.0
107.08864323794842,178.55155735649168,0.0,0.0
114.42127637565136,181.66575014032423,0.0,0.0
120.33775083720684,181.44501126743853,0.0,0.0
129.56203274428844,176.89542330242693,0.0,0.0
138.35012309253216,169.47983778454363,0.0,0.0
146.40647046267986,161.9502208326012,0.0,0.0
152.45944552123547,154.63232851959765,0.0,0.0
156.34557358920574,148.8035080526024,0.0,0.0
159.41746912896633,138.47852922417223,0.0,0.0
160.19791387021542,128.47548104263842,0.0,0.0
159.28113654255867,119.45328033901751,0.0,0.0
158.0930896103382,111.82594872452319,0.0,0.0
156.4708100259304,107.24466569162905,0.0,0.0
154.09407705068588,102.92628622986376,0.0,0.0
150.94061076641083,98.28956253267825,0.0,0.0
147.31372773647308,93.83803404308856,0.0,0.0
143.43046337366104,90.65889335609972,0.0,0.0
138.64452600479126,87.42611772753298,0.0,0.0
133.8479244709015,84.88459117151797,0.0,0.0
129.82374042272568,83.10748136974871,0.0,0.0
125.83401918411255,82.86991243623197,0.0,0.0
123.32540780305862,82.80681235156953,0.0,0.0
122.09015905857086,83.24383666180074,0.0,1.0
