x,y,hover,eod
134.6982866153121,83.86286681890488,0.0,0.0
134.401625264436,81.81433594226837,0.0,0.0
133.4921189583838,80.48564022779465,0.0,0.0
130.75007254257798,80.0871113538742,0.0,0.0
122.08595568314195,84.05211961269379,0.0,0.0
109.27611047402024,98.35690891742706,0.0,0.0
99.19447356835008,117.85560405254364,0.0,0.0
91.56242663040757,144.4872668981552,0.0,0.0
93.11687881127,162.80775105953217,0.0,0.0
101.46805817261338,173.5265747308731,0.0,0.0
113.51260120049119,176.6323403120041,0.0,0.0
128.57442313805223,169.92539739608765,0.0,0.0
143.3825426734984,157.46819591522217,0.0,0.0
155.22328788414598,142.98765635490417,0.0,0.0
162.287701908499,127.9344699382782,0.0,0.0
165.11262321844697,113.20768928527832,0.0,0.0
163.79145929589868,103.68465340137482,0.0,0.0
161.05623135343194,97.8695080280304,0.0,0.0
156.7133084870875,92.74044013023376,0.0,0.0
150.5361215211451,87.98680520057678,0.0,0.0
146.55444094911218,85.28018689155579,0.0,0.0
140.73596904054284,83.51812428236008,0.0,0.0
133.65858206525445,82.62358790636063,0.0,1.0
