x,y,hover,eod
137.39827527850866,76.82793904840946,0.0,0.0
136.78814417868853,76.7324444539845,0.0,0.0
135.82650519162416,77.29872158542275,0.0,0.0
130.53456581383944,80.7173287011683,0.0,0.0
124.21312666684389,88.52191499248147,0.0,0.0
117.14301861077547,98.13314786925912,0.0,0.0
108.71454156190157,112.64875403419137,0.0,0.0
100.96282101422548,129.36676374450326,0.0,0.0
95.10682559758425,147.4473332501948,0.0,0.0
92.70186728984118,160.11468878760934,0.0,0.0
92.94804617017508,168.25132957473397,0.0,0.0
96.45714386552572,175.5500238277018,0.0,0.0
103.12804444879293,179.39868888631463,0.0,0.0
115.92795713990927,178.76054092124104,0.0,0.0
129.42078932374716,172.9174749441445,0.0,0.0
140.58131083101034,166.59047051146626,0.0,0.0
150.38516625016928,158.75135286524892,0.0,0.0
155.99048360437155,151.25508888438344,0.0,0.0
160.85164829343557,141.70924528315663,0.0,0.0
163.79693224281073,131.4837668724358,0.0,0.0
165.1916687116027,123.76402719691396,0.0,0.0
164.1824757233262,114.73817094042897,0.0,0.0
162.8122562840581,110.5879579372704,0.0,0.0
160.76367772370577,105.88613911345601,0.0,0.0
158.17320293933153,101.87370135262609,0.0,0.0
154.34278137236834,98.56337650492787,0.0,0.0
150.10189539939165,95.56446715071797,0.0,0.0
146.66483110934496,93.89009921625257,0.0,0.0
143.5694578960538,92.42184697464108,0.0,0.0
141.3175978437066,91.86932994797826,0.0,0.0
139.37576762586832,91.3347959779203,0.0,0.0
138.78879181295633,91.17620809748769,0.0,1.0
