x,y,hover,eod
111.75359815359116,87.98289889097214,0.0,0.0
108.6317589879036,91.98593997955322,0.0,0.0
104.38464373350143,105.24457716941833,0.0,0.0
102.3876029253006,120.22222661972046,0.0,0.0
102.57081512361765,148.1238284111023,0.0,0.0
107.30953339487314,165.53323411941528,0.0,0.0
116.0613763704896,171.76331424713135,0.0,0.0
128.16518429666758,170.76660165190697,0.0,0.0
138.6994219198823,164.94559118151665,0.0,0.0
150.292705334723,150.4859764277935,0.0,0.0
154.8585817590356,137.82716938853264,0.0,0.0
154.9659626185894,125.49196431040764,0.0,0.0
151.54606565833092,112.70964094996452,0.0,0.0
146.01675495505333,99.7673029601574,0.0,0.0
138.8481543958187,91.4040900170803,0.0,0.0
131.4761857688427,86.16108784079552,0.0,0.0
126.52703538537025,84.83007112145424,0.0,0.0
121.52217224240303,84.42274713516235,0.0,0.0
116.55746296048164,85.25584349036217,0.0,0.0
111.68831571936607,87.26671332120895,0.0,1.0
