x,y,hover,eod
114.77439510822296,81.81756845116615,0.0,0.0
111.70079845190048,82.6611859947443,0.0,0.0
106.7188258767128,89.22572506964207,0.0,0.0
99.96663647890091,102.34601153433323,0.0,0.0
95.5845143198967,116.66788710653782,0.0,0.0
92.92503672838211,132.54453791677952,0.0,0.0
93.26692163199186,148.96371974051,0.0,0.0
97.80892937630415,161.48339761793613,0.0,0.0
105.13063579052687,171.01214779913425,0.0,0.0
114.92942064255476,174.24273712933064,0.0,0.0
128.40357869118452,174.2453452795744,0.0,0.0
142.17488735169172,166.89050643146038,0.0,0.0
151.70832841843367,158.68717996776104,0.0,0.0
157.5757208392024,149.63166563212872,0.0,0.0
160.5705076381564,140.92823474109173,0.0,0.0
162.07070394605398,130.60591904819012,0.0,0.0
163.3515548631549,119.33818785846233,0.0,0.0
162.24243923276663,111.2500443905592,0.0,0.0
160.52781923860312,106.42387418448925,0.0,0.0
157.07461043447256,102.37795947492123,0.0,0.0
152.5103034004569,98.0186235755682,0.0,0.0
148.12481357902288,93.67346702516079,0.0,0.0
143.34829404205084,91.45273847877979,0.0,0.0
139.10529657453299,89.7543972581625,0.0,0.0
135.36952509731054,88.83644057810307,0.0,0.0
132.72457017749548,88.81191823072731,0.0,0.0
129.90711673349142,89.47535726614296,0.0,1.0
