x,y,hover,eod
107.4826038479805,85.14183175563812,0.0,0.0
104.1259685754776,88.38912498950958,0.0,0.0
99.750701546669,99.52538025379181,0.0,0.0
98.58164763450623,112.86094915866852,0.0,0.0
100.07559975981712,133.09210073947906,0.0,0.0
105.03294965624809,153.31617844104767,0.0,0.0
113.19507917761803,166.48707401752472,0.0,0.0
124.65704044699669,172.01153826713562,0.0,0.0
135.6153663098812,171.37931470572948,0.0,0.0
147.03415831923485,161.39014367759228,0.0,0.0
154.7034760415554,147.26282839477062,0.0,0.0
158.21079364418983,135.01454477012157,0.0,0.0
157.78298451006413,122.69323115050793,0.0,0.0
154.69603104889393,111.88274864852428,0.0,0.0
148.58630640804768,99.66975693404675,0.0,0.0
141.3548026829958,91.79949109256268,0.0,0.0
134.93303699791431,87.73150716722012,0.0,0.0
127.96797259151936,85.50300587713718,0.0,0.0
120.31183345615864,85.99266354739666,0.0,0.0
115.6974477916956,87.29504589736462,0.0,0.0
111.18191494047642,89.10360921919346,0.0,0.0
107.13086767494678,91.54302735626698,0.0,0.0
105.84568320214748,93.44275195896626,0.0,0.0
105.9007000727579,94.53948241472244,0.0,1.0
