x,y,hover,eod
106.25451081991196,93.72230398654938,0.0,0.0
104.07854953408241,102.1813200712204,0.0,0.0
105.31225675344467,115.9178899526596,0.0,0.0
109.06458908319473,135.10221230983734,0.0,0.0
114.99664121866226,152.74543154239655,0.0,0.0
122.0608543753624,165.50716388225555,0.0,0.0
128.38647776842117,169.27291351556778,0.0,0.0
136.54233568906784,166.53909105062485,0.0,0.0
144.31770020723343,154.10782235860825,0.0,0.0
149.6404110789299,139.64754837751389,0.0,0.0
152.02038192749023,126.30738753080368,0.0,0.0
150.6739583015442,115.74619787931442,0.0,0.0
144.80426394939423,104.65334194898605,0.0,0.0
138.2634093761444,96.92833441495895,0.0,0.0
131.45756328105927,91.78591686487198,0.0,0.0
127.25978547334671,89.45827114582062,0.0,0.0
122.60389351844788,88.37313461303711,0.0,0.0
117.16366791725159,88.92758104205132,0.0,0.0
113.31940287351608,90.35526084899902,0.0,1.0
