x,y,hover,eod
100.37432062625885,95.63688540458679,0.0,0.0
99.14470534026623,105.82232737541199,0.0,0.0
97.94395151734352,120.20931029319763,0.0,0.0
98.38505330681801,133.75298404693604,0.0,0.0
103.55842414498329,150.62011623382568,0.0,0.0
110.07962766289711,162.48868131637573,0.0,0.0
117.47223618626595,168.59988832473755,0.0,0.0
127.77496698498726,169.7596779614687,0.0,0.0
137.3175758421421,164.49873657524586,0.0,0.0
148.39761200547218,151.55566902458668,0.0,0.0
156.9190025627613,137.02545614540577,0.0,0.0
159.43983885645866,126.07583375275135,0.0,0.0
158.49434207379818,113.55916710197926,0.0,0.0
154.27251707017422,104.49030311405659,0.0,0.0
148.60070477426052,96.56873674690723,0.0,0.0
142.54349718987942,91.66873754560947,0.0,0.0
136.32194708287716,88.72001768648624,0.0,0.0
129.064857468009,88.02721367776394,0.0,0.0
121.160165771842,89.16782589256763,0.0,0.0
114.14017628133297,91.27366842329502,0.0,0.0
108.50295315682888,93.01019431650639,0.0,0.0
104.64889805018902,94.74209071695805,0.0,0.0
102.48785804212093,95.7761092633009,0.0,1.0
