x,y,hover,eod
140.13736772537231,87.84256438910961,0.0,0.0
137.21406000852585,87.66579385101795,0.0,0.0
132.6110102534294,89.3386232405901,0.0,0.0
122.4507309794426,101.02991695702076,0.0,0.0
114.23857766389847,116.12062807381153,0.0,0.0
104.29444032907486,145.4777776747942,0.0,0.0
102.59985584020615,162.97828789055347,0.0,0.0
106.39196115732193,169.62861712276936,0.0,0.0
115.11213320493698,170.2137239575386,0.0,0.0
126.61363261938095,164.01949483156204,0.0,0.0
140.4759742617607,150.09363490343094,0.0,0.0
149.33491069078445,137.29758101701736,0.0,0.0
154.1399146914482,125.36482053995132,0.0,0.0
154.994791328907,116.07248681783676,0.0,0.0
153.30205890536308,108.64517766237259,0.0,0.0
150.61215791106224,103.44374257326126,0.0,0.0
146.39045450091362,99.17292165756226,0.0,0.0
142.05202761292458,96.10267239809036,0.0,0.0
138.14234319329262,93.42593657970428,0.0,0.0
135.61188969016075,91.860664665699,0.0,1.0
