x,y,hover,eod
111.39187270402908,91.30244064331055,0.0,0.0
108.71069812774658,94.58260315656662,0.0,0.0
104.89905023574829,113.02718180418015,0.0,0.0
104.56622222065926,136.04905623197556,0.0,0.0
107.96926924586296,158.0627252459526,0.0,0.0
116.81223639845848,166.05551081895828,0.0,0.0
126.52711817622185,165.89444144815207,0.0,0.0
138.9180381000042,155.1189635619521,0.0,0.0
148.7834800183773,139.00386913865805,0.0,0.0
153.19814601540565,124.69650610536337,0.0,0.0
151.46560648083687,113.56735571473837,0.0,0.0
147.10854449868202,105.73818846791983,0.0,0.0
140.24367848038673,98.86965020745993,0.0,0.0
135.46321699023247,96.26258327811956,0.0,0.0
130.45490273833275,94.5262744948268,0.0,0.0
126.01270565390587,94.50584265589714,0.0,1.0
