x,y,hover,eod
104.52357418835163,80.44667724519968,0.0,0.0
104.22072120010853,80.82315113395452,0.0,0.0
104.231844432652,81.2916224449873,0.0,0.0
103.27381525188684,83.01500506699085,0.0,0.0
101.80531863123178,87.49526478350163,0.0,0.0
99.94003895670176,98.26995112001896,0.0,0.0
99.54770870506763,111.18558384478092,0.0,0.0
100.53012035787106,128.08230854570866,0.0,0.0
104.67035286128521,148.0089733749628,0.0,0.0
111.81926839053631,164.98668886721134,0.0,0.0
121.34361378848553,174.12616230547428,0.0,0.0
129.81293432414532,176.15109764039516,0.0,0.0
137.8855925053358,174.04798679053783,0.0,0.0
147.65483550727367,164.26730684936047,0.0,0.0
153.8266735523939,150.355951115489,0.0,0.0
157.03797839581966,136.44109539687634,0.0,0.0
156.7720240354538,124.56527881324291,0.0,0.0
154.87370491027832,112.54118852317333,0.0,0.0
150.97416013479233,99.81383733451366,0.0,0.0
145.73463827371597,91.34966783225536,0.0,0.0
140.93649804592133,86.33489899337292,0.0,0.0
136.01504534482956,83.72045807540417,0.0,0.0
129.87035781145096,82.31733568012714,0.0,0.0
123.13209861516953,81.34306453168392,0.0,0.0
117.31224566698074,81.72946821898222,0.0,0.0
112.28517919778824,82.91128423064947,0.0,0.0
108.1349042057991,84.32620894163847,0.0,0.0
104.86384838819504,86.59965690225363,0.0,1.0
