x,y,hover,eod
109.05502039194107,91.31408429145813,0.0,0.0
106.40616226196289,99.98472666740417,0.0,0.0
103.2176421880722,113.56992697715759,0.0,0.0
102.43295165896416,131.8163547515869,0.0,0.0
107.35981705784798,152.35925769805908,0.0,0.0
115.02260687947273,167.36168956756592,0.0,0.0
122.57660391926765,173.40885078907013,0.0,0.0
129.13234415650368,173.56226602941751,0.0,0.0
139.6347600519657,164.30779377371073,0.0,0.0
147.7606672346592,150.94535986334085,0.0,0.0
153.59068694710732,137.5740079060197,0.0,0.0
155.41460248827934,124.92382327467203,0.0,0.0
154.51179134845734,112.47647086530924,0.0,0.0
150.14171320199966,100.64824620634317,0.0,0.0
144.89285844564438,92.44237522035837,0.0,0.0
139.47419303655624,87.07752982527018,0.0,0.0
130.6354756951332,84.07471070438623,0.0,0.0
123.22787123918533,84.2830966822803,0.0,0.0
116.07898491621017,85.05866978690028,0.0,0.0
112.7305080294609,85.56802440807223,0.0,0.0
109.58385813236237,87.14880098029971,0.0,1.0
