x,y,hover,eod
112.19026806950569,88.73605877161026,0.0,0.0
111.40400360524654,87.5240733474493,0.0,0.0
110.03536696732044,87.19131279736757,0.0,0.0
107.25779141485691,91.21616620570421,0.0,0.0
103.22437311708927,100.74563760310411,0.0,0.0
100.66826935112476,113.89470595866442,0.0,0.0
101.17152686417103,127.5431515648961,0.0,0.0
104.08979411423206,141.05620879679918,0.0,0.0
110.6396930962801,155.7643999531865,0.0,0.0
119.05420835316181,165.2711357548833,0.0,0.0
127.15452010929585,170.08958000689745,0.0,0.0
136.03457386791706,169.20524183660746,0.0,0.0
144.15745432674885,163.93570844084024,0.0,0.0
153.31294353306293,151.16857592016459,0.0,0.0
157.16849590837955,138.78335777670145,0.0,0.0
157.27624506875873,128.21639601141214,0.0,0.0
153.53936941549182,116.23059097677469,0.0,0.0
149.24662531539798,106.72316376119852,0.0,0.0
143.50099385902286,97.86322716623545,0.0,0.0
139.71639872714877,93.72101668268442,0.0,0.0
135.8532542102039,90.9154287353158,0.0,0.0
130.43397725746036,89.07365504652262,0.0,0.0
125.85537911579013,88.08410707861185,0.0,0.0
120.64586700126529,87.69424181431532,0.0,0.0
116.35696829482913,87.8648093342781,0.0,0.0
112.96022595092654,88.22624552994967,0.0,0.0
110.7272823266685,88.88469453901052,0.0,0.0
109.47107971832156,89.2982666194439,0.0,0.0
108.30371284112334,90.3327065706253,0.0,1.0
