x,y,hover,eod
107.57290133833885,95.27678918838501,0.0,0.0
106.29654148221016,98.6583389043808,0.0,0.0
104.63384875655174,108.5496277809143,0.0,0.0
102.92081514000893,120.61659049987793,0.0,0.0
103.11774689331651,133.8194544315338,0.0,0.0
104.87017083540559,148.26394391059875,0.0,0.0
109.11460775509477,160.00912976264954,0.0,0.0
115.91377693787217,165.45179855823517,0.0,0.0
126.02335530892015,166.21422317624092,0.0,0.0
136.73088032379746,161.13800433278084,0.0,0.0
145.7970704473555,151.86777618527412,0.0,0.0
152.52758521214128,140.46749380230904,0.0,0.0
154.85076862946153,129.42140844464302,0.0,0.0
153.5498956181109,117.91602757573128,0.0,0.0
149.32898733392358,106.58165839314461,0.0,0.0
143.55637821927667,97.8025224506855,0.0,0.0
139.3946111537516,93.90999254584312,0.0,0.0
131.7876595593989,91.46125656366348,0.0,0.0
125.02103749290109,91.36762006022036,0.0,0.0
120.27233961597085,91.7839189786464,0.0,0.0
115.99697444215417,93.46174353547394,0.0,0.0
112.50073466077447,95.22579440660775,0.0,0.0
108.56005642190576,97.74648913927376,0.0,0.0
106.12424853816628,99.82777798362076,0.0,1.0
