x,y,hover,eod
133.96090757846832,85.64663572609425,0.0,0.0
130.93873512744904,85.42871710285544,0.0,0.0
124.46396720409393,87.87945296987891,0.0,0.0
113.56735241413116,99.7214987538755,0.0,0.0
104.30233907699585,115.83537724241614,0.0,0.0
99.03158557415009,138.1004824899137,0.0,0.0
101.58698004484177,158.98510601744056,0.0,0.0
111.59266155958176,170.37618663534522,0.0,0.0
122.79004377126694,172.31028613075614,0.0,0.0
135.32589596509933,165.45074519142509,0.0,0.0
147.91896504163742,150.33899959549308,0.0,0.0
156.76142674684525,131.69969853386283,0.0,0.0
158.83450117707253,112.77021702751517,0.0,0.0
155.80234852433205,100.74754294380546,0.0,0.0
150.5655476152897,94.15853973850608,0.0,0.0
143.61190584301949,89.57092639431357,0.0,0.0
138.02654829621315,87.06199702247977,0.0,0.0
134.21995189785957,85.4313963316381,0.0,1.0
