x,y,hover,eod
106.16975504159927,84.80797117948532,0.0,0.0
104.46252274513245,88.6486587524414,0.0,0.0
101.9918851852417,100.50521230697632,0.0,0.0
101.06872174143791,122.73288345336914,0.0,0.0
102.17469590902328,149.61999988555908,0.0,0.0
107.04224008321762,167.19352459907532,0.0,0.0
113.11639147996902,172.5212845802307,0.0,0.0
124.85155540704727,170.65333446860313,0.0,0.0
135.90428072214127,161.04096373915672,0.0,0.0
145.84208446741104,148.55317077040672,0.0,0.0
152.88871425390244,135.0500532090664,0.0,0.0
155.111387103796,123.88334235548973,0.0,0.0
154.71647533774376,111.72813257575035,0.0,0.0
150.46337309479713,101.75549110770226,0.0,0.0
146.1094728410244,94.72645542025566,0.0,0.0
142.711305052042,91.14579847455025,0.0,0.0
137.7498022019863,87.9670732319355,0.0,0.0
131.5773740708828,86.29462695121765,0.0,0.0
125.39545926451683,86.08897222578526,0.0,0.0
120.99076095223427,86.62085475772619,0.0,0.0
116.90082851052284,88.31164034456015,0.0,0.0
115.94228680431843,89.54093480855227,0.0,0.0
115.57905270904303,90.11634154617786,0.0,1.0
