x,y,hover,eod
110.96336278319359,89.93363299965858,0.0,0.0
109.05523079633713,90.92761175334454,0.0,0.0
108.06598524749279,93.3199609965086,0.0,0.0
104.07056848704815,110.28854505717754,0.0,0.0
103.05015447735786,130.97807781398296,0.0,0.0
105.17784464359283,152.01959745585918,0.0,0.0
111.58013927936554,163.86870400607586,0.0,0.0
118.30773758888245,168.38574187457561,0.0,0.0
128.82169890403748,167.85915987193584,0.0,0.0
138.26703655719757,160.51643805205822,0.0,0.0
146.68690967559814,149.13201527297497,0.0,0.0
151.25161218643188,137.97752933204174,0.0,0.0
153.4932713508606,128.4901030510664,0.0,0.0
152.87055771052837,116.3193197697401,0.0,0.0
150.306951507926,106.80071787536144,0.0,0.0
146.72701339423656,100.23612336814404,0.0,0.0
144.0817351192236,96.54835538566113,0.0,0.0
140.28402219712734,93.80536602437496,0.0,0.0
134.64527855813503,91.4126511067152,0.0,0.0
127.57820378243923,89.93983389437199,0.0,0.0
121.69132541120052,89.42558144778013,0.0,0.0
115.77948521077633,89.67215835675597,0.0,0.0
110.8905563801527,90.84271721169353,0.0,0.0
107.69024829566479,91.93271897360682,0.0,1.0
