x,y,hover,eod
134.94159743707957,65.95110130576973,0.0,0.0
133.77157875187635,72.13162202645356,0.0,0.0
131.43567739934915,91.99984233779207,0.0,0.0
128.18062328967002,125.57027371109155,0.0,0.0
126.63214932203769,151.65187290566985,0.0,0.0
125.0479137071354,170.92981244810392,0.0,0.0
123.46269700942776,185.46190704234198,0.0,0.0
122.65994538621639,192.0305992345344,0.0,1.0
