x,y,hover,eod
139.33885308497554,66.68579372370692,0.0,0.0
138.67675974302048,70.39695894002034,0.0,0.0
135.20290058745852,92.36145856720304,0.0,0.0
129.72977045487116,130.91246579373092,0.0,0.0
126.33133248656813,155.7640341473534,0.0,0.0
122.2062701511015,176.81330474633432,0.0,0.0
119.91733644081523,188.1298154585504,0.0,0.0
119.2064537008929,189.45197344374554,0.0,0.0
118.11399405955336,188.023882231202,0.0,1.0
