x,y,hover,eod
120.9766028765589,78.85590386390686,0.0,0.0
121.06044910289347,80.70551750063896,0.0,0.0
122.15996987558901,85.72400924563408,0.0,0.0
123.04007239080966,95.50861892104149,0.0,0.0
125.08619255758822,109.91594371199608,0.0,0.0
126.57389170862734,127.71942552924156,0.0,0.0
127.35725491680205,143.13402351737022,0.0,0.0
129.17781412042677,157.61234697699547,0.0,0.0
131.2560290042311,166.7226868569851,0.0,0.0
133.06361242569983,172.27293786406517,0.0,0.0
134.27361316420138,175.5327510535717,0.0,0.0
134.74771268106997,177.57745069265366,0.0,0.0
134.88958130963147,177.44883999973536,0.0,0.0
135.35122189112008,177.09710390120745,0.0,0.0
135.7852770704776,176.7462199628353,0.0,1.0
