x,y,hover,eod
127.08878200314939,74.77869123220444,0.0,0.0
127.23231920786202,74.60338277742267,0.0,0.0
127.41521788574755,74.76615576073527,0.0,0.0
127.96847430802882,76.69470159336925,0.0,0.0
129.10256257094443,87.54009691998363,0.0,0.0
130.16914052702487,107.1636506728828,0.0,0.0
130.136017578654,129.76071087643504,0.0,0.0
130.03097512107342,154.6973249129951,0.0,0.0
130.1123692309484,171.59568754956126,0.0,0.0
129.59713181760162,178.68274657055736,0.0,0.0
129.91236968245357,181.22857300564647,0.0,0.0
130.17444093059748,182.1940222941339,0.0,0.0
130.30631186719984,181.9036190956831,0.0,0.0
130.384118671529,181.56069092452526,0.0,0.0
130.48763563204557,181.4202217478305,0.0,1.0
