x,y,hover,eod
114.91718330979347,54.49333465099335,0.0,0.0
116.14675441384315,60.549633860588074,0.0,0.0
117.98044183850288,68.3209697008133,0.0,0.0
122.04571375250816,92.43997251987457,0.0,0.0
125.93494692444801,118.55575716495514,0.0,0.0
130.5595544874668,144.63548815250397,0.0,0.0
134.1206175982952,165.88034307956696,0.0,0.0
137.765060454607,186.3172093629837,0.0,0.0
140.23876705765724,198.52508103847504,0.0,0.0
141.19428464770317,201.4731571674347,0.0,0.0
141.71551363170147,202.41819298267365,0.0,0.0
141.88354333490133,201.71535103023052,0.0,0.0
141.9243325488642,200.9353025853634,0.0,0.0
141.39207335282117,197.63617596030235,0.0,1.0
