x,y,hover,eod
131.60385210812092,67.82087054848671,0.0,0.0
131.32996274903417,68.74865409731865,0.0,0.0
130.97761983796954,71.92885872721672,0.0,0.0
129.87490075454116,83.29286929965019,0.0,0.0
129.951183822006,98.27432391047478,0.0,0.0
129.25173419341445,113.99451372027397,0.0,0.0
128.86407757923007,137.2227918803692,0.0,0.0
128.15477858111262,155.8296727836132,0.0,0.0
126.62567491456866,173.14056155085564,0.0,0.0
125.3060253970325,184.127855271101,0.0,0.0
124.56367078050971,188.74764290452003,0.0,1.0
