x,y,hover,eod
127.00662909820676,70.76669150590897,0.0,0.0
127.075180856511,72.56841146945953,0.0,0.0
127.54259802214801,78.35080766677856,0.0,0.0
128.78446303121746,90.30760550498962,0.0,0.0
129.52087901346385,103.87468481063843,0.0,0.0
129.86154656670988,123.79396224021912,0.0,0.0
130.1769377645105,145.29945158958435,0.0,0.0
129.2824057098478,166.4395740032196,0.0,0.0
128.3641209062189,177.53898286819458,0.0,0.0
128.1392259877175,183.15557324886322,0.0,0.0
127.72308669798076,185.51839807629585,0.0,0.0
126.73149838857353,186.46254235506058,0.0,0.0
126.75926843471825,185.98009591549635,0.0,1.0
