x,y,hover,eod
129.09253540039086,77.04500041774156,0.0,0.0
129.18467425115796,78.09020830978744,0.0,0.0
128.93849807576848,81.14216974442695,0.0,0.0
129.32366543299503,91.7806055551481,0.0,0.0
128.3941117154064,110.86187216458427,0.0,0.0
128.57038114097134,134.0671003890783,0.0,0.0
128.25566439857317,154.0783640916851,0.0,0.0
128.3678906830841,170.30340697667327,0.0,0.0
129.1477849704988,178.28384084416666,0.0,0.0
129.05002379579028,180.28615898202133,0.0,1.0
