x,y,hover,eod
126.32537568360567,67.30375337228179,0.0,0.0
126.822385661304,67.7393536157906,0.0,0.0
127.30955405533314,68.83302091434598,0.0,0.0
129.2514039427042,81.53444646671414,0.0,0.0
129.72763462364674,98.70620845630765,0.0,0.0
128.17027120292187,122.88083671405911,0.0,0.0
127.62139624357224,143.3089387305081,0.0,0.0
127.97983279824257,160.60772060230374,0.0,0.0
129.1925131380558,174.59841488674283,0.0,0.0
130.33646112680435,182.92282162979245,0.0,0.0
130.56661697477102,186.95845602825284,0.0,0.0
130.73721340298653,189.19986828044057,0.0,0.0
130.69470010139048,189.4357363767922,0.0,0.0
130.67583673074841,188.98934676125646,0.0,0.0
130.93814570829272,188.6655751504004,0.0,0.0
131.0421677902341,188.0983761958778,0.0,0.0
131.15180725604296,187.57146841660142,0.0,0.0
130.35363445430994,187.70865048095584,0.0,1.0
