x,y,hover,eod
138.89540441334248,73.55003482103348,0.0,0.0
137.84397304058075,76.18057405948639,0.0,0.0
135.8416348695755,87.39224827289581,0.0,0.0
134.57981452345848,103.02644646167755,0.0,0.0
132.01530322432518,119.75925600528717,0.0,0.0
128.83167669177055,139.51061761379242,0.0,0.0
124.45873335003853,158.08488285541534,0.0,0.0
120.62904223799706,171.7586795091629,0.0,0.0
118.08099195361137,179.8588684797287,0.0,0.0
117.11388498544693,182.17013469338417,0.0,0.0
117.39410597831011,182.45951248705387,0.0,0.0
119.10661403089762,180.70341451466084,0.0,1.0
