x,y,hover,eod
125.37189799791773,78.33529142634586,0.0,0.0
125.74418681227893,79.67212693560319,0.0,0.0
126.41511641978862,85.59978804243067,0.0,0.0
129.60611218180892,105.75817521991578,0.0,0.0
130.85245015947936,127.75627933065019,0.0,0.0
131.8048200366835,149.99967134282045,0.0,0.0
131.708139256638,169.08529955577072,0.0,0.0
130.610648886343,178.81459127371707,0.0,1.0
