x,y,hover,eod
137.83931815624237,77.15664505958557,0.0,0.0
134.98370254039764,92.1445095539093,0.0,0.0
132.5795046389103,110.47123312950134,0.0,0.0
128.57917615771294,132.4623429775238,0.0,0.0
125.35038867592812,150.74923515319824,0.0,0.0
123.20302361249924,163.76578569412231,0.0,0.0
120.98406249284744,174.66863632202148,0.0,0.0
119.9433476626873,180.8363002538681,0.0,1.0
