x,y,hover,eod
121.29493179172277,74.35509979724884,0.0,0.0
121.73313344269991,73.87617606669664,0.0,0.0
121.6502128019929,74.22502808272839,0.0,0.0
121.69382060319185,75.29682651162148,0.0,0.0
123.16547477990389,79.20964047312737,0.0,0.0
124.88969216495752,90.17617270350456,0.0,0.0
128.06583980470896,109.15532991290092,0.0,0.0
130.14137322455645,127.0484308898449,0.0,0.0
132.54829878360033,141.70869514346123,0.0,0.0
133.67785120755434,153.34724709391594,0.0,0.0
134.19505129009485,164.78515192866325,0.0,0.0
134.58283270150423,176.06509134173393,0.0,0.0
135.16356470435858,181.22744485735893,0.0,0.0
135.09535915590823,182.82178089022636,0.0,0.0
135.32021827436984,182.6736043021083,0.0,0.0
135.36485645826906,182.42673629894853,0.0,0.0
135.50444718357176,182.2662615031004,0.0,0.0
135.77869539987296,180.37174738943577,0.0,1.0
