x,y,hover,eod
108.69971245527267,71.10917890071869,0.0,0.0
112.68197000026703,79.85138857364655,0.0,0.0
119.14065718650818,97.31825196743011,0.0,0.0
126.655113697052,117.22938859462738,0.0,0.0
133.1367188692093,133.99386131763458,0.0,0.0
139.92974281311035,150.3398164510727,0.0,0.0
145.65727531909943,167.7897139787674,0.0,0.0
148.23067545890808,180.64471447467804,0.0,0.0
149.04178589582443,185.80367529392242,0.0,1.0
