x,y,hover,eod
139.33680793642998,83.2945351600647,0.0,0.0
136.5204774439335,98.0973916053772,0.0,0.0
131.76094821095467,119.90014362335205,0.0,0.0
126.64566805958748,141.16575050354004,0.0,0.0
121.35750761628151,157.4212007522583,0.0,0.0
118.5124303996563,168.18469095230103,0.0,0.0
116.9433588385582,174.435427069664,0.0,1.0
