x,y,hover,eod
114.05381006002426,77.92894065380096,0.0,0.0
116.32446956634521,80.84370166063309,0.0,0.0
120.14327239990234,87.78850585222244,0.0,0.0
125.22672009468079,105.02084523439407,0.0,0.0
130.5271120071411,126.44266873598099,0.0,0.0
134.86671817302704,147.2956684231758,0.0,0.0
138.10508739948273,162.453433573246,0.0,0.0
140.63888174295425,171.6905316710472,0.0,0.0
142.15638664364815,176.40789091587067,0.0,0.0
142.79670444130898,179.26968544721603,0.0,1.0
