x,y,hover,eod
121.10148102045059,71.60946418344975,0.0,0.0
122.28703916072845,71.28855404257774,0.0,0.0
123.69048491120338,72.80358222126961,0.0,0.0
126.2362177670002,84.62486889958382,0.0,0.0
128.01378473639488,99.68672421574593,0.0,0.0
129.53367412090302,124.17365935444832,0.0,0.0
130.33592358231544,146.19033959507942,0.0,0.0
132.20467641949654,163.08789160847664,0.0,0.0
133.82088288664818,175.2177098095417,0.0,0.0
135.09643152356148,181.9721236526966,0.0,0.0
135.3102035447955,184.59488865733147,0.0,0.0
135.12832451611757,185.29102009534836,0.0,0.0
135.12803587131202,185.04477881640196,0.0,1.0
