x,y,hover,eod
143.69414404034615,73.83551448583603,0.0,0.0
142.404662668705,77.6282986998558,0.0,0.0
138.0789479613304,93.35304468870163,0.0,0.0
131.56895607709885,117.71393746137619,0.0,0.0
125.35585552453995,142.49601572752,0.0,0.0
117.31254607439041,165.93099802732468,0.0,0.0
114.03222024440765,178.5737082362175,0.0,0.0
113.50086536258459,182.69635826349258,0.0,1.0
