x,y,hover,eod
124.29304148629308,69.10833364725113,0.0,0.0
124.77885964885354,72.24352902173996,0.0,0.0
127.32308867946267,85.67806071043015,0.0,0.0
130.04949900880456,102.07485145330429,0.0,0.0
132.12645623460412,125.31212991476059,0.0,0.0
133.37111692503095,146.8452734351158,0.0,0.0
133.18378273025155,164.53702276945114,0.0,0.0
133.1810748912394,175.94782775640488,0.0,0.0
133.18259711936116,181.79344362020493,0.0,0.0
132.7310559488833,185.03671026229858,0.0,0.0
133.2099024169147,187.20438113808632,0.0,0.0
133.5299202017486,187.35313091799617,0.0,1.0
