x,y,hover,eod
144.29174302316676,69.51768797149623,0.0,0.0
142.2335377660698,81.71817020506285,0.0,0.0
136.29128499051535,107.2976200007123,0.0,0.0
127.68024189229892,133.93828253483014,0.0,0.0
119.45314372784999,159.1827744745923,0.0,0.0
114.19545630673859,176.4070869216515,0.0,0.0
111.79931125371677,186.56082952249687,0.0,1.0
