x,y,hover,eod
122.37324715405703,75.45524996519089,0.0,0.0
122.77655393630266,79.08219349384308,0.0,0.0
123.18172038346529,82.82999885082245,0.0,0.0
124.8731806948781,96.97200429439545,0.0,0.0
126.73069820553064,112.40258586406708,0.0,0.0
128.91556606441736,127.32233417034149,0.0,0.0
130.64194873720407,142.32066524028778,0.0,0.0
133.129136569798,158.37419521808624,0.0,0.0
133.85265842825174,170.24188649654388,0.0,0.0
133.73802026547492,177.8515900373459,0.0,0.0
133.45975881256163,180.88193666934967,0.0,1.0
