x,y,hover,eod
131.5498966574669,80.76758575439453,0.0,0.0
130.29519340395927,97.0268566608429,0.0,0.0
128.13959217071533,121.38771843910217,0.0,0.0
126.49366787075996,141.57006096839905,0.0,0.0
126.02996549010277,158.56723260879517,0.0,0.0
125.35209341347218,169.17298984527588,0.0,0.0
125.20207401737571,173.85414403676987,0.0,0.0
125.58716014400125,176.07284140586853,0.0,1.0
