x,y,hover,eod
138.09964171324344,77.48537085761154,0.0,0.0
137.21259056784476,81.17215405535637,0.0,0.0
135.8820824022825,91.8646465751616,0.0,0.0
131.60931458488034,112.75084285969831,0.0,0.0
125.92357244695938,140.11168022846857,0.0,0.0
123.53401844113108,155.30208272593575,0.0,0.0
122.0674552412663,166.96785504666616,0.0,0.0
120.59235008282464,172.79755944561532,0.0,0.0
119.64260324447201,176.18444232427953,0.0,0.0
119.74276988746776,178.93579499695477,0.0,1.0
