x,y,hover,eod
125.36737352609634,84.71072626113892,0.0,0.0
125.70527669042349,87.56044936180115,0.0,0.0
127.61112730950117,102.02911806106567,0.0,0.0
129.53265827149153,119.179696559906,0.0,0.0
130.44303070753813,134.45249032974243,0.0,0.0
131.6496555134654,147.72799801826477,0.0,0.0
131.2861554697156,158.73582911491394,0.0,0.0
131.2124633975327,168.49438738822937,0.0,0.0
130.66928749904037,172.59420198202133,0.0,1.0
