x,y,hover,eod
125.93248915299773,63.8339826464653,0.0,0.0
125.9736269004643,62.58993178606033,0.0,0.0
126.3368222899735,62.179326452314854,0.0,0.0
127.1001711525023,63.14198363572359,0.0,0.0
128.1452729590237,64.82010904699564,0.0,0.0
131.15837268903852,78.46437994390726,0.0,0.0
131.67399052903056,94.7388619557023,0.0,0.0
129.51478008553386,113.8476962223649,0.0,0.0
127.81965364143252,133.17850772291422,0.0,0.0
125.48829917237163,151.82445231825113,0.0,0.0
124.45905354246497,166.57777849584818,0.0,0.0
124.853650521487,180.43288055807352,0.0,0.0
125.4057541154325,188.62725142389536,0.0,0.0
125.5908541418612,191.90083269029856,0.0,0.0
125.7912896797061,194.2688013985753,0.0,0.0
125.8286155401729,194.70147874206305,0.0,0.0
125.5541183068417,194.55378025770187,0.0,0.0
125.44609405240044,194.3828216008842,0.0,0.0
125.42446513334289,194.2961579374969,0.0,0.0
125.12932252744213,194.2016596533358,0.0,0.0
124.91803048783913,194.07320705242455,0.0,0.0
124.77672381931916,194.03045611921698,0.0,0.0
124.81903669098392,194.2654531309381,0.0,0.0
124.52181693771854,194.23027566168457,0.0,1.0
