x,y,hover,eod
117.14349489472806,65.35137349367142,0.0,0.0
117.33800515346229,66.6793597638607,0.0,0.0
118.04728314094245,71.2590009868145,0.0,0.0
119.65014576725662,84.34497901797295,0.0,0.0
121.97611152939498,99.33608004450798,0.0,0.0
124.43699121288955,116.77125045657158,0.0,0.0
127.76577770523727,133.943960160017,0.0,0.0
132.8134542685002,156.89271876215935,0.0,0.0
135.76248019747436,172.36337849497795,0.0,0.0
138.27313571982086,183.2763428390026,0.0,0.0
139.48400206677616,188.384353607893,0.0,0.0
139.84920970909297,191.10067376494408,0.0,0.0
140.47115057520568,192.6221446096897,0.0,0.0
140.57022647745907,192.26418913900852,0.0,0.0
140.66816852241755,191.89801102131605,0.0,0.0
140.45150642096996,191.36441288143396,0.0,1.0
