x,y,hover,eod
121.17353240400553,72.2271118760109,0.0,0.0
121.49496788531542,72.59779275208712,0.0,0.0
121.9847017377615,73.69287908822298,0.0,0.0
123.974017187953,84.36363280564547,0.0,0.0
125.43168379366398,97.33614862710238,0.0,0.0
126.24544484913349,112.50703633576632,0.0,0.0
127.26072138547897,130.77880204468966,0.0,0.0
129.05647984147072,145.20353496819735,0.0,0.0
130.8644618690014,158.01778376847506,0.0,0.0
132.8157909810543,168.82218063622713,0.0,0.0
134.0319146811962,175.24399638921022,0.0,0.0
134.9287492632866,180.04120440036058,0.0,0.0
135.4388983398676,183.01039368659258,0.0,0.0
135.33429516851902,184.42034170776606,0.0,0.0
134.85824494063854,183.85882959514856,0.0,1.0
