x,y,hover,eod
111.38659639656544,62.62116019427776,0.0,0.0
111.94970535486937,63.27041853964329,0.0,0.0
113.55157332867384,65.52553077042103,0.0,0.0
121.7318077608943,83.3543588668108,0.0,0.0
128.25474875420332,108.64267607033253,0.0,0.0
134.42257361859083,138.0460812598467,0.0,0.0
138.0483173057437,162.71065969765186,0.0,0.0
140.85428165644407,179.86275692284107,0.0,0.0
142.63645844906569,189.50104911625385,0.0,0.0
144.06252282112837,192.67695923149586,0.0,0.0
144.624172732234,194.09084324538708,0.0,0.0
144.45439981669188,194.393104955554,0.0,0.0
144.37059702724218,194.29664972051978,0.0,0.0
144.10017874464393,193.45595973357558,0.0,0.0
143.62898007407784,192.14193451032043,0.0,1.0
