x,y,hover,eod
137.3406696766615,76.93112975731492,0.0,0.0
137.79045861959457,76.94297396857291,0.0,0.0
137.9994156844914,78.24762695748359,0.0,0.0
136.99881932511926,86.1929940553382,0.0,0.0
135.545914683491,101.1440860601142,0.0,0.0
132.9974111057818,117.37899654824287,0.0,0.0
129.65473553910851,134.2554175229743,0.0,0.0
124.71982977166772,153.55340474564582,0.0,0.0
121.08690163865685,167.6780568929389,0.0,0.0
119.14719722047448,177.0865135760978,0.0,0.0
118.35497512295842,180.07111751753837,0.0,0.0
119.08250613883138,180.89523152727634,0.0,0.0
119.730911988765,180.26901469845325,0.0,0.0
120.48996387794614,178.63446922320873,0.0,1.0
