x,y,hover,eod
109.2874087691307,74.48218715190887,0.0,0.0
110.67261385917664,77.01691341400146,0.0,0.0
114.86007261276245,85.03186178207397,0.0,0.0
122.26802396774292,102.47995328903198,0.0,0.0
128.92419266700745,125.75855207443237,0.0,0.0
135.84992933273315,146.98902320861816,0.0,0.0
141.3460694551468,163.589195728302,0.0,0.0
145.0419654250145,174.87030220031738,0.0,0.0
147.91444736719131,181.98633861541748,0.0,1.0
