x,y,hover,eod
122.79149289429188,61.32618749141693,0.0,0.0
122.75424379110336,63.71729427576065,0.0,0.0
123.61340063810349,70.14704996347427,0.0,0.0
123.68266309797764,82.63871365785599,0.0,0.0
124.27889346331358,98.94594484567642,0.0,0.0
124.40789957717061,115.81373029947281,0.0,0.0
125.64472680166364,136.2465482354164,0.0,0.0
127.92679046466947,160.80469185113907,0.0,0.0
130.04761879518628,178.02014642953873,0.0,0.0
131.89090524986386,190.35125190019608,0.0,0.0
133.385040063411,195.24335646629333,0.0,1.0
