x,y,hover,eod
133.3485181182623,66.89999330043793,0.0,0.0
133.8546170219779,70.90593236684799,0.0,0.0
133.92913683503866,90.01119273900986,0.0,0.0
132.38096579164267,116.63304704427719,0.0,0.0
129.54223289340734,142.13704007863998,0.0,0.0
126.88480927795172,165.6138672232628,0.0,0.0
124.26487638801336,181.757264316082,0.0,0.0
123.88362168520689,187.7876998782158,0.0,0.0
124.40169188380241,189.7728115618229,0.0,0.0
125.85128101706505,188.02854704856873,0.0,1.0
