x,y,hover,eod
121.44152706861496,69.25112736970186,0.0,0.0
121.97719363868237,69.5280265584588,0.0,0.0
122.56628433614969,69.79945446923375,0.0,0.0
125.29613891988993,76.79626609757543,0.0,0.0
126.91101411730051,88.1470611281693,0.0,0.0
128.10116062313318,103.80279447510839,0.0,0.0
129.67045808583498,119.44400813058019,0.0,0.0
130.94140092283487,133.50324775651097,0.0,0.0
132.60311836749315,151.96625735238194,0.0,0.0
133.91910711675882,167.06797267869115,0.0,0.0
134.99563539773226,177.87316228821874,0.0,0.0
135.47295140475035,183.58956183865666,0.0,0.0
135.54524056054652,185.96004452183843,0.0,0.0
135.4438908714801,187.92356606200337,0.0,0.0
135.43710860796273,188.3194385804236,0.0,1.0
