x,y,hover,eod
120.351488776505,70.32494716346264,0.0,0.0
120.74425280094147,70.72143357247114,0.0,0.0
121.59548200666904,71.3897505030036,0.0,0.0
124.96314890682697,79.17347636073828,0.0,0.0
126.69736288487911,91.6785391792655,0.0,0.0
128.3796987682581,108.10844864696264,0.0,0.0
130.76632417738438,121.31590690463781,0.0,0.0
132.40121848881245,133.30691065639257,0.0,0.0
133.30436848104,150.72825636714697,0.0,0.0
134.04740117490292,166.26351322978735,0.0,0.0
134.42669674754143,176.7403980717063,0.0,0.0
134.74692676216364,181.65378000587225,0.0,0.0
135.33332850784063,183.75628974288702,0.0,0.0
135.33619042485952,185.96443470567465,0.0,0.0
135.56154415011406,186.88131552189589,0.0,0.0
135.6564598158002,186.51062313467264,0.0,1.0
