x,y,hover,eod
137.03952285647392,71.06257486343384,0.0,0.0
136.30048605799675,74.18451416492462,0.0,0.0
135.26451568305492,82.30866062641144,0.0,0.0
132.6243529766798,93.30310332775116,0.0,0.0
129.5276362746954,109.93986475467682,0.0,0.0
125.15601794421673,134.91878616809845,0.0,0.0
122.99122522771358,156.6767464876175,0.0,0.0
121.24135266244411,172.75328147411346,0.0,0.0
119.74149848520756,181.80076348781586,0.0,0.0
119.81828677654266,185.09510564804077,0.0,1.0
