x,y,hover,eod
143.90568561851978,76.68850773572922,0.0,0.0
142.94015064835548,79.46420454978943,0.0,0.0
139.69949916005135,90.74443483352661,0.0,0.0
135.50101831555367,105.80542707443237,0.0,0.0
130.54153993725777,125.13664865493774,0.0,0.0
125.92115893959999,142.21072101593018,0.0,0.0
121.1085619032383,160.33305311203003,0.0,0.0
117.04425022006035,171.86831140518188,0.0,0.0
114.75618347525597,177.3547431230545,0.0,0.0
113.53291623294353,179.83531215786934,0.0,0.0
113.61625218763947,179.58110345155,0.0,0.0
114.05637634918094,178.78063520044088,0.0,1.0
