x,y,hover,eod
127.87860672302641,67.52801769662153,0.0,0.0
128.10977228236817,75.91012719352295,0.0,0.0
128.71938256213602,94.75975375187375,0.0,0.0
129.50529687868394,118.31607248675903,0.0,0.0
129.28963977864245,147.10601436866511,0.0,0.0
128.15419399061298,171.17381175930097,0.0,0.0
127.67391461224949,184.68680234572514,0.0,0.0
127.49139054933727,189.3909887018633,0.0,0.0
127.48165954967878,189.82133726790937,0.0,1.0
