x,y,hover,eod
135.1938281059265,66.72966504096985,0.0,0.0
133.19591304659843,83.71599698066711,0.0,0.0
129.8458876311779,106.92549252510071,0.0,0.0
126.48240348696709,126.7480399608612,0.0,0.0
124.74230980873108,149.75599312782288,0.0,0.0
123.24747389554977,170.98259234428406,0.0,0.0
122.40850871801376,182.60352396965027,0.0,0.0
122.55641883611679,188.22369122505188,0.0,0.0
123.16245274990797,189.44986933469772,0.0,0.0
124.02751939743757,189.33410713076591,0.0,1.0
