x,y,hover,eod
123.44848774911901,73.1628800350826,0.0,0.0
123.89642480031044,74.32614202816006,0.0,0.0
125.28778528783816,78.7179092269825,0.0,0.0
128.06514299831503,91.60790995064548,0.0,0.0
130.1220156119801,110.88556797317545,0.0,0.0
131.1352350422525,133.98322431431683,0.0,0.0
130.21812224779103,160.74188669823474,0.0,0.0
131.20936985345872,177.24610446561422,0.0,0.0
132.71109661879586,184.01302772527373,0.0,1.0
