x,y,hover,eod
122.99030610133114,73.10123730367476,0.0,0.0
122.97884271545325,73.20078259360955,0.0,0.0
122.86500544635125,74.63369055794962,0.0,0.0
123.17197191147675,88.61524560974428,0.0,0.0
124.68384659577318,107.8897873633359,0.0,0.0
127.81600597163619,135.90619661376738,0.0,0.0
130.02481869358442,158.5606037759139,0.0,0.0
131.7726641573641,172.84771056111387,0.0,0.0
132.7330834867186,179.82876636407318,0.0,0.0
133.31548091071716,183.5844090371091,0.0,1.0
