x,y,hover,eod
127.08003909140825,74.74728383123875,0.0,0.0
127.29963674023747,74.49317391961813,0.0,0.0
127.60347819700837,74.43302519619465,0.0,0.0
127.82947110757232,75.18299870193005,0.0,0.0
128.09225450083613,79.07523147761822,0.0,0.0
128.6381481848657,91.8300174921751,0.0,0.0
128.56050270423293,110.9364091604948,0.0,0.0
128.17766669020057,128.62608186900616,0.0,0.0
127.57332491502166,140.81357948482037,0.0,0.0
128.44330075010657,151.43751375377178,0.0,0.0
129.18700466677547,160.95120422542095,0.0,0.0
128.91967418417335,170.75320355594158,0.0,0.0
128.59301994368434,177.79060117900372,0.0,0.0
128.06775114312768,181.11687116324902,0.0,0.0
127.42322324588895,183.3229187875986,0.0,0.0
127.386264892295,182.94902615249157,0.0,0.0
127.33990957774222,182.5776743143797,0.0,0.0
127.41814881376922,182.17334408313036,0.0,0.0
128.01641724817455,180.0894883647561,0.0,1.0
