x,y,hover,eod
119.20614571869373,86.95361268520355,0.0,0.0
119.48969188705087,86.9473974952707,0.0,0.0
119.78418428078294,87.42690669244621,0.0,0.0
121.03020447865129,89.27687780803535,0.0,0.0
123.79680771008134,96.83696823066566,0.0,0.0
126.86761129274964,109.30881457275245,0.0,0.0
129.08570754900575,123.70213227218483,0.0,0.0
130.90451765432954,139.05794219917152,0.0,0.0
133.0774249471724,151.92985491699073,0.0,0.0
134.94448352232575,160.41651682800148,0.0,0.0
136.65554601326585,165.13894783204887,0.0,0.0
137.7923832423985,168.75449078029487,0.0,0.0
136.77371676638722,170.55310951417778,0.0,1.0
