x,y,hover,eod
129.2780039422214,74.27245510369539,0.0,0.0
129.6011783145368,74.65504241734743,0.0,0.0
129.7769993878901,78.79252744466066,0.0,0.0
130.3115213625133,91.3521988466382,0.0,0.0
129.848657656461,112.26823402196169,0.0,0.0
128.95938086882234,133.1198580339551,0.0,0.0
128.93556106463075,148.25738859921694,0.0,0.0
128.56088142469525,163.86501026898623,0.0,0.0
127.95398685708642,175.25535655766726,0.0,0.0
128.3930889852345,180.94321859627962,0.0,0.0
127.63097595050931,182.83042264729738,0.0,0.0
127.43609871342778,183.05418001115322,0.0,0.0
127.53687451221049,182.63521240651608,0.0,0.0
127.69039420038462,181.4515900015831,0.0,1.0
