x,y,hover,eod
105.60967735946178,78.64746037125587,0.0,0.0
106.32113806903362,79.33498556911945,0.0,0.0
107.2067729383707,80.22992479801178,0.0,0.0
111.56061746180058,87.20885860919952,0.0,0.0
119.85573746263981,100.57191121578217,0.0,0.0
129.96075250208378,120.56886422634125,0.0,0.0
140.09187079966068,145.79649674892426,0.0,0.0
146.77128352224827,162.51761305332184,0.0,0.0
150.3639728575945,174.06206715106964,0.0,0.0
151.5936614573002,177.7215473651886,0.0,0.0
151.86078699305654,179.05437994003296,0.0,0.0
151.7383774369955,178.88715255260468,0.0,0.0
151.37882214039564,178.44526044279337,0.0,0.0
150.9080896154046,177.82556700706482,0.0,1.0
