x,y,hover,eod
115.00453624773583,72.65250952924166,0.0,0.0
115.0086480122945,72.30737767353918,0.0,0.0
116.52464174380982,75.56238142900668,0.0,0.0
122.86320552671494,87.67180859109374,0.0,0.0
128.5987863853269,108.0602170802157,0.0,0.0
132.73634127045574,129.55374759284712,0.0,0.0
135.8935650611504,149.1698042700922,0.0,0.0
139.24336833245292,166.3798980069954,0.0,0.0
141.02782254741058,178.81833787199514,0.0,0.0
142.6347532943245,185.58090734813788,0.0,1.0
