x,y,hover,eod
113.47172263788092,82.88514268683625,0.0,0.0
114.95176599051962,84.84086268244087,0.0,0.0
119.4516087459007,89.03935327085836,0.0,0.0
126.05250106607608,100.21385967395216,0.0,0.0
131.3305107636085,115.87601133070487,0.0,0.0
135.14195493897523,137.95832117275225,0.0,0.0
138.198781375013,154.94270632654937,0.0,0.0
141.01735438843443,167.8111551375546,0.0,0.0
142.45024100994848,172.96051097078342,0.0,0.0
142.81109912439808,174.2730359411353,0.0,1.0
