x,y,hover,eod
129.75254397839308,68.48373067378998,0.0,0.0
129.50875762850046,69.999636977911,0.0,0.0
129.70709033310413,73.17291614413261,0.0,0.0
129.10049051046371,86.63492318987846,0.0,0.0
128.84426079690456,100.29018279910088,0.0,0.0
127.92867638170719,115.71461436152458,0.0,0.0
127.6578327268362,131.27044317126274,0.0,0.0
128.27316273003817,150.1123547255993,0.0,0.0
128.5890331864357,168.02048203349113,0.0,0.0
128.04143004119396,179.5818507373333,0.0,0.0
127.45841816067696,184.78189226984978,0.0,0.0
127.24075607955456,187.27465879917145,0.0,0.0
127.55445830523968,188.4252731204033,0.0,0.0
127.8990314528346,188.13637175410986,0.0,1.0
