x,y,hover,eod
123.02460515191905,81.47214308644016,0.0,0.0
123.04907424826787,86.68367620723654,0.0,0.0
124.04667700895058,94.74817064734236,0.0,0.0
125.59000493645652,105.97387946049264,0.0,0.0
126.0219302142901,120.80850726916435,0.0,0.0
126.51227864270201,138.87713896358275,0.0,0.0
127.83133071935163,155.58763457568796,0.0,0.0
130.33442844651793,165.89933721271984,0.0,0.0
132.609821892165,173.140386910855,0.0,0.0
133.1793144687747,176.29488830493642,0.0,1.0
