x,y,hover,eod
145.62584106353052,78.50716054576048,0.0,0.0
144.6113484764566,86.3268377505201,0.0,0.0
139.59205453056887,105.86822127320465,0.0,0.0
130.71731881126902,130.19427016585996,0.0,0.0
120.13475301612976,155.76353636997874,0.0,0.0
115.171963509032,169.64354191386906,0.0,0.0
112.27138219120576,178.94566334484284,0.0,1.0
