x,y,hover,eod
132.2449676208198,65.53621619939804,0.0,0.0
132.52546387538314,66.07350938022137,0.0,0.0
133.4891860447824,66.575718075037,0.0,0.0
133.2551874667406,68.78640443086624,0.0,0.0
132.3870939463377,74.96576577425003,0.0,0.0
130.6943268030882,88.80097299814224,0.0,0.0
128.5077581256628,106.49396687746048,0.0,0.0
126.21098254621029,129.81190234422684,0.0,0.0
124.83030040562153,150.66001683473587,0.0,0.0
123.98488838970661,168.740716278553,0.0,0.0
123.76066547632217,182.21990376710892,0.0,0.0
123.47858832031488,188.91750246286392,0.0,0.0
123.81301418691874,190.87051913142204,0.0,0.0
123.8635859247297,192.40192234516144,0.0,0.0
123.92145346198231,191.9781405478716,0.0,0.0
123.99161218944937,191.7398709617555,0.0,0.0
124.01201115269214,191.62697575986385,0.0,0.0
124.05642643384635,191.51417765766382,0.0,0.0
124.14777088724077,191.48261251859367,0.0,0.0
124.22812552005053,191.86975973658264,0.0,1.0
