x,y,hover,eod
129.26340959593654,77.78258652612567,0.0,0.0
129.68272614851594,77.61536355316639,0.0,0.0
130.1821965686977,77.76282092742622,0.0,0.0
131.0775437168777,83.15072914771736,0.0,0.0
131.84199437126517,93.65250131301582,0.0,0.0
130.79449139162898,102.75354763679206,0.0,0.0
129.05290461704135,120.39582750014961,0.0,0.0
127.02407993003726,135.80077668838203,0.0,0.0
127.13102768734097,146.90317770652473,0.0,0.0
126.46905336156487,157.5348999183625,0.0,0.0
126.46823469176888,166.53166493587196,0.0,0.0
126.10456686094403,174.36653396300972,0.0,0.0
125.9298124499619,177.17015525512397,0.0,0.0
126.46171424165368,178.57690086774528,0.0,0.0
126.65509517863393,178.1825928967446,0.0,0.0
126.82714303582907,177.83661170117557,0.0,0.0
127.07043915614486,177.74079539068043,0.0,0.0
127.39096134528518,177.9521687719971,0.0,0.0
127.5146882198751,177.44526162929833,0.0,0.0
127.46121483016759,176.98639229126275,0.0,0.0
127.42035566922277,176.81735202856362,0.0,0.0
127.90553904231638,178.12691495008767,0.0,1.0
