x,y,hover,eod
119.50649099051952,74.11065107584,0.0,0.0
120.22362308204174,77.3040092587471,0.0,0.0
122.27455647289753,89.85696202516556,0.0,0.0
124.90559847652912,106.09387880563736,0.0,0.0
128.3622798472643,133.5847926735878,0.0,0.0
131.32084937393665,154.03004175424576,0.0,0.0
133.5588243752718,165.83402758836746,0.0,0.0
135.3157207518816,174.02491158246994,0.0,0.0
136.28788651525974,177.87744200229645,0.0,0.0
136.73551896214485,180.86484289169312,0.0,0.0
137.0273113399744,182.94149807095528,0.0,0.0
136.46104575693607,183.5594188645482,0.0,1.0
