x,y,hover,eod
126.16506802290678,70.63568526506424,0.0,0.0
126.47982409596443,72.39021801948547,0.0,0.0
128.45950922369957,77.45840811729431,0.0,0.0
130.3767488002777,91.90629148483276,0.0,0.0
130.81688283383846,111.7502989768982,0.0,0.0
128.78007201850414,134.52110195159912,0.0,0.0
125.96698163449764,162.40585470199585,0.0,0.0
125.51262187212706,178.36070442199707,0.0,0.0
126.14386508613825,187.11437904834747,0.0,1.0
