x,y,hover,eod
120.15603017993271,79.36103416234255,0.0,0.0
120.38548563607037,79.80418441444635,0.0,0.0
121.35701050050557,81.56777096539736,0.0,0.0
123.57796330936253,91.11401868611574,0.0,0.0
125.88506122119725,103.0956013277173,0.0,0.0
128.120073126629,115.67296219617128,0.0,0.0
129.73911602981389,128.60069943219423,0.0,0.0
131.52354155667126,142.85235954076052,0.0,0.0
134.04023681767285,154.85295844823122,0.0,0.0
134.98244737274945,165.29630256444216,0.0,0.0
135.4616390261799,170.95184338837862,0.0,0.0
135.62533515505493,173.6667956188321,0.0,0.0
135.8182432409376,176.2079699113965,0.0,0.0
135.6758575513959,177.5453498736024,0.0,0.0
135.86374044418335,178.3618519976735,0.0,0.0
135.79903486650437,178.557524304837,0.0,0.0
135.6475730938837,178.21331217512488,0.0,0.0
135.65742263104767,177.2034050486982,0.0,1.0
