x,y,hover,eod
127.4266120493412,81.76265313103795,0.0,0.0
128.06480412185192,81.49766533449292,0.0,0.0
128.74739874899387,81.57757396623492,0.0,0.0
130.1709349900484,88.29899961873889,0.0,0.0
131.10917073488235,106.23466784879565,0.0,0.0
129.86055497825146,128.14168031141162,0.0,0.0
128.4503226429224,148.1883078329265,0.0,0.0
127.1519075781107,161.6107147447765,0.0,0.0
126.7600182890892,170.40243024751544,0.0,0.0
127.09903661906719,173.65399415418506,0.0,0.0
126.90452535450459,176.12453709170222,0.0,0.0
127.25114230811596,175.98565775714815,0.0,0.0
127.29093475081027,175.61809547059238,0.0,0.0
127.37562110461295,175.30620150081813,0.0,1.0
