x,y,hover,eod
127.9388268403709,80.92190101742744,0.0,0.0
128.04766419529915,81.91545203328133,0.0,0.0
127.63652808219194,85.53533747792244,0.0,0.0
128.75421515852213,94.38297167420387,0.0,0.0
128.637850984931,107.08703055977821,0.0,0.0
128.59003478847444,120.769974142313,0.0,0.0
128.4536907095462,136.7863680422306,0.0,0.0
128.26414553634822,151.11452355980873,0.0,0.0
128.20047000609338,164.29858818650246,0.0,0.0
128.06072906777263,172.409800440073,0.0,0.0
128.11400151532143,176.44847378134727,0.0,1.0
