x,y,hover,eod
127.4502672702074,71.39342410862446,0.0,0.0
127.92299073934555,71.84773574024439,0.0,0.0
128.17162173613906,73.19150427728891,0.0,0.0
129.34541771933436,79.32431320101023,0.0,0.0
129.8971199505031,89.69092587381601,0.0,0.0
129.67670882865787,102.05719927698374,0.0,0.0
129.7428965549916,118.17463616281748,0.0,0.0
129.3782418947667,132.182940043509,0.0,0.0
129.46845621615648,145.91626147180796,0.0,0.0
129.19434510916471,160.89333633333445,0.0,0.0
129.5270815566182,171.0300693884492,0.0,0.0
129.7556236460805,178.20439556986094,0.0,0.0
129.93513240292668,180.77528486400843,0.0,0.0
130.21197060868144,183.57132057100534,0.0,0.0
130.37139522656798,185.5716804638505,0.0,0.0
130.51626766845584,186.13120483607054,0.0,1.0
