x,y,hover,eod
124.40645347783482,78.39904969743733,0.0,0.0
124.81071515022893,79.79791635806203,0.0,0.0
125.55076482813782,82.56907683961418,0.0,0.0
127.50930657765808,95.72463685280701,0.0,0.0
129.38418654454222,117.22015755476042,0.0,0.0
130.15740118005263,144.20856559540908,0.0,0.0
130.4189548727001,163.94125362292044,0.0,0.0
131.3511144798414,175.88248046230962,0.0,0.0
131.59924509472523,178.23894159764063,0.0,1.0
