x,y,hover,eod
123.69389870762825,66.96998509764671,0.0,0.0
123.4915716163814,65.94666938483715,0.0,0.0
123.426982793957,65.40639239549637,0.0,0.0
123.47744747623801,65.62731967493892,0.0,0.0
123.6142048202455,66.12902113422751,0.0,0.0
124.44422259554267,71.84558817371726,0.0,0.0
125.6215860657394,87.62167164310813,0.0,0.0
126.82387001439929,112.94320770725608,0.0,0.0
128.8493510298431,142.55075642094016,0.0,0.0
130.23504338786006,168.6613745354116,0.0,0.0
132.5285553149879,184.48663422092795,0.0,0.0
132.70701301842928,190.20927556976676,0.0,0.0
133.31522268801928,191.9311290346086,0.0,0.0
133.45932739414275,192.32519050315022,0.0,0.0
133.19993334449828,192.3279207777232,0.0,0.0
133.02284723706543,192.35123276431113,0.0,0.0
132.91532967798412,192.51096388045698,0.0,0.0
132.89584752963856,192.3919500382617,0.0,0.0
132.83540752576664,191.72229885775596,0.0,0.0
132.6534930509515,190.63536904472858,0.0,0.0
132.203275736887,188.03609214443713,0.0,1.0
