x,y,hover,eod
121.44746119529009,82.69001960754395,0.0,0.0
122.09946090728045,85.46594619750977,0.0,0.0
125.0327088907361,95.65907597541809,0.0,0.0
126.17954278737307,112.15205550193787,0.0,0.0
129.01393020898104,131.78330063819885,0.0,0.0
130.5653960481286,152.0438539981842,0.0,0.0
133.29615334421396,166.18123769760132,0.0,0.0
134.56116715818644,172.69809067249298,0.0,0.0
135.14934799075127,175.0224894285202,0.0,1.0
