x,y,hover,eod
131.99385339988604,77.28498624009902,0.0,0.0
131.98736249145114,77.56903450817383,0.0,0.0
133.1054048673164,82.22216947795407,0.0,0.0
132.97475668539371,102.81568867719936,0.0,0.0
131.00484137796155,123.20646467051476,0.0,0.0
128.7666683418183,146.62755219147033,0.0,0.0
126.54757783069964,167.0066333787699,0.0,0.0
124.30571001384565,178.9413862378646,0.0,1.0
