x,y,hover,eod
147.5901639105546,73.21150281570112,0.0,0.0
140.66955006627202,88.15712864405828,0.0,0.0
135.31097117633044,102.83787747765314,0.0,0.0
127.80966063617177,123.03867836568884,0.0,0.0
122.66051362845724,141.48173544254882,0.0,0.0
117.1673184589317,160.63410928776034,0.0,0.0
112.45743001933536,175.85470968243976,0.0,0.0
109.85959134791804,183.5538318532698,0.0,1.0
