x,y,hover,eod
120.23456955328584,60.15923424065113,0.0,0.0
120.54524881765246,59.416423201560974,0.0,0.0
120.8014558069408,59.11748344451189,0.0,0.0
120.77537074685097,59.673610389232635,0.0,0.0
121.22673500329256,61.151369869709015,0.0,0.0
123.82929284125566,75.87781316041946,0.0,0.0
126.69380623847246,99.51438075304031,0.0,0.0
129.69947893172503,129.86137276887894,0.0,0.0
132.80482906848192,162.019985973835,0.0,0.0
134.28031090646982,183.95203000307083,0.0,0.0
136.53886202722788,196.0150766968727,0.0,0.0
136.45862497389317,197.40006870031357,0.0,0.0
136.34906600229442,197.58925525844097,0.0,0.0
136.51157568208873,197.66297076269984,0.0,0.0
136.68534674681723,197.62801418919116,0.0,0.0
136.84554376639426,197.55715736560524,0.0,0.0
136.94329844787717,197.70395384542644,0.0,0.0
137.299650516361,197.32223340682685,0.0,1.0
