x,y,hover,eod
80.88984602689743,98.16993474960327,0.0,0.0
84.54310411214828,89.51171576976776,0.0,0.0
92.54209691286087,81.28397405147552,0.0,0.0
102.7666204571724,76.14516496658325,0.0,0.0
111.80802935361862,73.29550236463547,0.0,0.0
118.05155807733536,75.84543973207474,0.0,0.0
124.49450308084488,86.8157747387886,0.0,0.0
128.31562423706055,105.66553622484207,0.0,0.0
127.60897541046143,126.50899201631546,0.0,0.0
122.53140950202942,145.63417702913284,0.0,0.0
112.52181434631348,164.1293802857399,0.0,0.0
100.85664415359497,177.32295542955399,0.0,0.0
91.3352187871933,182.63353496789932,0.0,0.0
87.5145953297615,183.3911757171154,0.0,0.0
86.90475871413946,182.84338984638453,0.0,0.0
87.58506541699171,182.44209561496973,0.0,0.0
88.87142395228148,182.25557582452893,0.0,0.0
94.12049745768309,180.9736648388207,0.0,0.0
104.63869189471006,179.09868182614446,0.0,0.0
117.41444324702024,176.55821504071355,0.0,0.0
135.800767891109,174.17983205989003,0.0,0.0
151.1156508848071,172.9725900478661,0.0,0.0
162.81846617907286,172.71651707589626,0.0,0.0
169.3270484134555,173.82190622389317,0.0,0.0
172.3893610164523,174.35939110815525,0.0,0.0
175.12999450415373,175.01039020717144,0.0,0.0
175.7402395233512,175.09561587125063,0.0,0.0
175.7416847415734,174.97584402561188,0.0,0.0
175.54260677401908,174.8909406363964,0.0,1.0
