x,y,hover,eod
110.50369903445244,97.15449976921082,0.0,0.0
114.93170842528343,89.40138149261475,0.0,0.0
123.05686935782433,83.42931258678436,0.0,0.0
132.24843606352806,80.57840245962143,0.0,0.0
141.98479637503624,81.88515993952751,0.0,0.0
149.50680181384087,87.47660312056541,0.0,0.0
152.82579228281975,95.89943560957909,0.0,0.0
151.10640361905098,112.20780166983604,0.0,0.0
141.0289604961872,129.2763713300228,0.0,0.0
127.37793877720833,145.2776971757412,0.0,0.0
115.94752982258797,155.30841860175133,0.0,0.0
106.88238874077797,160.5479482114315,0.0,0.0
99.73938181996346,162.50959146022797,0.0,0.0
98.18193584680557,162.5815270440653,0.0,0.0
98.35507247596979,162.34937913436443,0.0,0.0
98.8604461401701,162.31571288965642,0.0,0.0
103.40807937085629,161.87201233766973,0.0,0.0
117.37375281751156,161.9868141617626,0.0,0.0
130.17991803586483,164.22160418890417,0.0,0.0
142.47674487531185,167.89604278467596,0.0,0.0
151.43049739301205,171.01934286020696,0.0,0.0
156.19335435330868,173.30050947330892,0.0,0.0
158.3453782647848,175.43062554858625,0.0,0.0
158.4503648802638,175.6973329205066,0.0,0.0
158.2212986983359,175.1927858237177,0.0,0.0
157.72920781746507,174.35258325375617,0.0,1.0
