x,y,hover,eod
113.08127903938293,86.63914835453033,0.0,0.0
123.6053421497345,81.58451116085052,0.0,0.0
135.91492080688477,78.18410462141037,0.0,0.0
149.92774510383606,81.98402559757233,0.0,0.0
156.81189560890198,94.03610980510712,0.0,0.0
154.40772527456284,113.11097657680511,0.0,0.0
145.93266957998276,133.0199030637741,0.0,0.0
131.4502882361412,149.84844839572906,0.0,0.0
115.73840373754501,161.7208627462387,0.0,0.0
103.51983541250229,166.88128983974457,0.0,0.0
96.2961887717247,167.69426798820496,0.0,0.0
93.87443909049034,166.4513067752123,0.0,0.0
94.60941830277443,164.71245376765728,0.0,0.0
104.81858769059181,162.11043952405453,0.0,0.0
120.49683013558388,161.13678424060345,0.0,0.0
136.27573290467262,164.4129535406828,0.0,0.0
149.9416414797306,168.579413279891,0.0,0.0
158.8067183792591,173.39953599870205,0.0,0.0
162.1308676302433,175.81924273073673,0.0,0.0
163.2122159898281,177.58558629453182,0.0,0.0
162.95113833248615,177.83387944474816,0.0,0.0
162.26392337679863,177.74751808866858,0.0,1.0
