x,y,hover,eod
102.4064456820488,106.93443724513054,0.0,0.0
100.90706104040146,104.87378099560738,0.0,0.0
100.34488500654697,101.92654231190681,0.0,0.0
102.42251114547253,96.37666979432106,0.0,0.0
110.03675298392773,89.62157049775124,0.0,0.0
117.93190197646618,84.00608578324318,0.0,0.0
126.66137830913067,81.81406342983246,0.0,0.0
134.6079500168562,84.08588373661041,0.0,0.0
140.08461014926434,91.1725183725357,0.0,0.0
142.94133858382702,104.22908747196198,0.0,0.0
142.07514734566212,122.0415815114975,0.0,0.0
136.77667112648487,138.15953814983368,0.0,0.0
128.53749246895313,151.45292007923126,0.0,0.0
119.30282028019428,162.3287101984024,0.0,0.0
110.65167458355427,169.90409219264984,0.0,0.0
101.84826822578907,173.87978160381317,0.0,0.0
97.8482017070055,174.87019249796867,0.0,0.0
95.87538303434849,174.7557763159275,0.0,0.0
96.0252996776253,174.60364872217178,0.0,0.0
97.64786119200289,174.3232555836439,0.0,0.0
102.17120105959475,173.38832700252533,0.0,0.0
111.35174865461886,170.96708887815475,0.0,0.0
122.75759215094149,169.66240176558495,0.0,0.0
133.76149530149996,169.74552487581968,0.0,0.0
143.77317065931857,170.26578018069267,0.0,0.0
152.29433114267886,171.24202327430248,0.0,0.0
156.2973218653351,172.3759281784296,0.0,0.0
159.58321327902377,173.71231408417225,0.0,0.0
160.87044710852206,174.7879775762558,0.0,0.0
161.0609685126692,175.87175676226616,0.0,0.0
160.9408347364515,176.0357508212328,0.0,1.0
