x,y,hover,eod
84.99802488088608,103.15145047008991,0.0,0.0
82.18241560459137,102.51699933409691,0.0,0.0
80.70480871200562,100.5556313097477,0.0,0.0
83.05445867776871,95.27734914422035,0.0,0.0
90.15059489011765,87.88970389962196,0.0,0.0
98.16406148672104,85.05724051594734,0.0,0.0
109.48861020803452,86.8496153652668,0.0,0.0
120.24103897809982,93.98777166008949,0.0,0.0
128.20076423883438,106.0550586283207,0.0,0.0
131.35777640342712,119.85854426026344,0.0,0.0
130.49526277184486,134.12942925095558,0.0,0.0
124.17962494492531,148.0404523909092,0.0,0.0
113.62234655022621,160.0768474638462,0.0,0.0
102.54886570572853,169.0613422691822,0.0,0.0
95.51526430249214,172.78900453448296,0.0,0.0
93.97137048840523,172.92890041694045,0.0,0.0
94.46106421947479,172.4988215379417,0.0,0.0
101.56187999248505,169.02983985468745,0.0,0.0
113.28083980083466,163.62329445406795,0.0,0.0
125.97587096691132,160.04759065434337,0.0,0.0
143.06064355373383,155.53045563027263,0.0,0.0
157.95382845401764,153.2340592853725,0.0,0.0
168.09886801242828,152.9733543805778,0.0,0.0
172.47225004434586,154.07218016311526,0.0,0.0
174.95549830794334,155.0871055535972,0.0,0.0
175.723481208086,155.41793163493276,0.0,0.0
175.80015860684216,155.24008459970355,0.0,1.0
