x,y,hover,eod
94.68372446298599,92.81390058994293,0.0,0.0
101.11942929029465,85.70177602767944,0.0,0.0
111.48616832494736,78.96270024776459,0.0,0.0
123.9339844584465,76.82240682840347,0.0,0.0
134.569417655468,80.26952701807022,0.0,0.0
140.88040095567703,89.73894435167313,0.0,0.0
142.10666593909264,103.15654355287552,0.0,0.0
138.38635769486427,122.00292664766312,0.0,0.0
130.31689968705177,138.9219840168953,0.0,0.0
119.31027737259865,153.03859788179398,0.0,0.0
107.80856218934059,162.42022651433945,0.0,0.0
98.01177170872688,166.86998236179352,0.0,0.0
90.64268973469734,168.77482730150223,0.0,0.0
88.16611793637276,168.62679409980774,0.0,0.0
88.76173623651266,168.1340426877141,0.0,0.0
95.10712989419699,167.721190482378,0.0,0.0
105.76881655305624,167.58253107964993,0.0,0.0
120.91328867524862,168.02999424934387,0.0,0.0
136.04396828263998,169.95197328925133,0.0,0.0
150.741758428514,172.7495575249195,0.0,0.0
160.99082120507956,175.39059075713158,0.0,0.0
165.3374684676528,177.6938881278038,0.0,0.0
167.6839382275939,179.43549919128418,0.0,0.0
167.89947069063783,180.20011539757252,0.0,1.0
