x,y,hover,eod
109.06104078888893,112.14199566841125,0.0,0.0
108.94946879148483,105.51990115642548,0.0,0.0
113.24124431610107,98.24801230430603,0.0,0.0
119.4468275308609,91.5784319639206,0.0,0.0
128.36042320728302,86.5430953502655,0.0,0.0
135.54792261123657,86.23514053970575,0.0,0.0
139.969968855381,91.99614164978266,0.0,0.0
142.59551918506622,102.33828423172235,0.0,0.0
139.87333869934082,117.6511430516839,0.0,0.0
133.0737099647522,131.3847172036767,0.0,0.0
123.14782297611237,143.85799048095942,0.0,0.0
112.89163267612457,152.53748831897974,0.0,0.0
105.4824880361557,157.6856648698449,0.0,0.0
97.82319164276123,159.0759780779481,0.0,0.0
94.44520419836044,159.23779518902302,0.0,0.0
94.60440572723746,159.18381774425507,0.0,0.0
95.08493557944894,159.1698201149702,0.0,0.0
96.3094189800322,159.3251268900931,0.0,0.0
103.91623884811997,158.5266660489142,0.0,0.0
115.4696014560759,158.94736032560468,0.0,0.0
129.16476637497544,160.97495447471738,0.0,0.0
142.08160788193345,164.0479100830853,0.0,0.0
152.83452183380723,167.41047601774335,0.0,0.0
157.52609253302217,169.82168715074658,0.0,0.0
160.73473632708192,171.15023251250386,0.0,0.0
161.79511614516377,171.66335410997272,0.0,0.0
161.61631813645363,171.5973952235654,0.0,1.0
