x,y,hover,eod
94.33093497157097,101.58049309253693,0.0,0.0
94.84712941199541,99.04791468381882,0.0,0.0
99.09953994303942,94.40645062923431,0.0,0.0
110.17958445101976,86.48024582862854,0.0,0.0
121.0783581212163,83.46677386760712,0.0,0.0
129.5598660185933,88.26478743553162,0.0,0.0
135.71277482062578,99.60077667236328,0.0,0.0
137.2867457345128,113.7053599357605,0.0,0.0
134.1802398636937,131.90881633758545,0.0,0.0
126.25599844008684,147.6915373802185,0.0,0.0
115.70025069266558,160.31165266036987,0.0,0.0
106.0118935778737,167.86995673179626,0.0,0.0
98.99363202601671,170.89394742250443,0.0,0.0
95.77423197776079,170.7835109308362,0.0,0.0
95.00729163736105,170.2462792545557,0.0,0.0
95.53767641633749,169.8263125270605,0.0,0.0
97.92328526824713,169.2906270697713,0.0,0.0
106.41999473422766,167.58452577143908,0.0,0.0
119.45158352702856,167.2354562357068,0.0,0.0
133.23704352229834,167.5049618780613,0.0,0.0
146.51801576465368,168.21858072280884,0.0,0.0
155.52926113456488,169.60751646757126,0.0,0.0
159.4782709106803,171.28199020028114,0.0,0.0
161.75499369949102,172.63730549812317,0.0,0.0
161.78193975333124,172.46775859594345,0.0,1.0
