x,y,hover,eod
98.60390001535416,103.43742793798447,0.0,0.0
98.50966676697135,100.9229371547699,0.0,0.0
102.06703140959144,97.43050849437714,0.0,0.0
110.82158520445228,90.36397671699524,0.0,0.0
119.02905121073127,87.04020297527313,0.0,0.0
127.90294363722205,85.50845092535019,0.0,0.0
137.94261529669166,88.99555093050003,0.0,0.0
143.11748936399817,97.5399917960167,0.0,0.0
144.23551231250167,111.92086166143417,0.0,0.0
141.5450042448938,126.11381834745407,0.0,0.0
135.57690024003386,139.08822482824326,0.0,0.0
126.66999458894134,148.99735814332962,0.0,0.0
116.62769436463714,156.80335468053818,0.0,0.0
104.77605223283172,162.80800765752792,0.0,0.0
97.07445919141173,164.95517200231552,0.0,0.0
94.81619521602988,164.85908905416727,0.0,0.0
94.96785748377442,164.42604510486126,0.0,0.0
96.60709235444665,163.59524397552013,0.0,0.0
104.8000255562365,160.7639986127615,0.0,0.0
114.19142160192132,159.74056488275528,0.0,0.0
125.21249685063958,160.9456349015236,0.0,0.0
136.06276068463922,163.19617918133736,0.0,0.0
147.76255640760064,166.57874217629433,0.0,0.0
155.22880289331079,169.47349479794502,0.0,0.0
158.61930582299829,170.7524458169937,0.0,0.0
160.98514917865396,171.82320846617222,0.0,0.0
161.48748002573848,172.12173788249493,0.0,1.0
