x,y,hover,eod
88.79672646522522,98.25878323614597,0.0,0.0
86.41183525323868,94.56125439703465,0.0,0.0
87.5510136783123,87.56549419462681,0.0,0.0
92.80925676226616,82.33301700651646,0.0,0.0
105.44226214289665,75.71652354300022,0.0,0.0
118.09439823031425,74.0420767813921,0.0,0.0
130.59310600161552,80.93685181438923,0.0,0.0
138.4485898911953,96.41711504757404,0.0,0.0
140.83390191197395,118.95647318661213,0.0,0.0
134.08650770783424,142.96036751568317,0.0,0.0
122.88169875741005,159.7295609265566,0.0,0.0
104.79635372757912,174.3934372216463,0.0,0.0
90.57529464364052,181.33576603233814,0.0,0.0
82.21093252301216,182.23261477053165,0.0,0.0
80.53369089961052,181.80096486210823,0.0,0.0
81.24278493225574,180.98069244623184,0.0,0.0
86.34410090744495,178.01684999465942,0.0,0.0
101.26545138657093,172.43609869480133,0.0,0.0
118.92386384308338,169.2424418926239,0.0,0.0
137.97104187309742,167.89257326722145,0.0,0.0
153.71796198189259,168.48146633803844,0.0,0.0
165.36857075989246,171.22943030297756,0.0,0.0
171.2940026074648,173.84502337872982,0.0,0.0
174.4088564068079,175.16553090512753,0.0,0.0
176.2011208385229,176.1288239955902,0.0,0.0
176.07429404743016,176.21277862787247,0.0,0.0
175.1603474933654,176.03514708206058,0.0,1.0
