x,y,hover,eod
105.23475918918848,108.08898991346359,0.0,0.0
105.59333965182304,104.84319722652435,0.0,0.0
107.85338416695595,101.09992599487305,0.0,0.0
114.25231352448463,95.38230574131012,0.0,0.0
122.51231148838997,91.30901402235031,0.0,0.0
130.19020572304726,89.75186145305634,0.0,0.0
136.0846222937107,92.6808021068573,0.0,0.0
140.71898087859154,99.09802055358887,0.0,0.0
142.65422359108925,109.21812152862549,0.0,0.0
140.2736333012581,126.08099794387817,0.0,0.0
133.00199002027512,139.79129886627197,0.0,0.0
123.47067087888718,151.9168815612793,0.0,0.0
114.1502657532692,160.37174201011658,0.0,0.0
108.11932295560837,164.72003257274628,0.0,0.0
102.77491837739944,167.51116460561752,0.0,0.0
100.42187720537186,167.77261279895902,0.0,0.0
100.395399145782,167.1735506542027,0.0,0.0
100.62488218769431,166.87303647771478,0.0,0.0
101.82466706261039,166.77894302085042,0.0,0.0
107.01796552166343,164.5996084101498,0.0,0.0
118.18925162777305,161.69090949371457,0.0,0.0
130.41539808735251,160.77515356615186,0.0,0.0
141.22403165325522,161.0084642879665,0.0,0.0
148.91946336254478,162.0079806856811,0.0,0.0
152.82804062590003,163.35995767638087,0.0,0.0
156.00994935259223,164.37207762524486,0.0,1.0
