x,y,hover,eod
94.32989990711212,95.33219265937805,0.0,0.0
102.37089490890503,86.36965560913086,0.0,0.0
113.01261281967163,80.27376222610474,0.0,0.0
123.2272253036499,79.38479247689247,0.0,0.0
131.78880190849304,85.2462148964405,0.0,0.0
135.97541904449463,98.78026965260506,0.0,0.0
136.246066711843,120.24604085087776,0.0,0.0
131.3906985744834,140.9874511063099,0.0,0.0
124.55145420879126,157.56319525837898,0.0,0.0
116.65818574279547,168.89852765202522,0.0,0.0
107.91435720771551,174.78686991333961,0.0,0.0
101.19075479358435,176.86945486068726,0.0,0.0
99.07662051171064,176.8281751703471,0.0,0.0
99.29980082809925,176.2402782421559,0.0,0.0
100.21678505837917,175.73418727330863,0.0,0.0
106.16242884099483,173.26673170737922,0.0,0.0
117.6246547549963,170.90082859806716,0.0,0.0
131.5319955199957,170.08075466565788,0.0,0.0
144.78536961972713,170.1322343032807,0.0,0.0
155.33183334767818,171.25962561182678,0.0,0.0
160.1043510288,171.89332289807498,0.0,0.0
162.47872604429722,173.95840509049594,0.0,0.0
163.64264963567257,175.09122623316944,0.0,0.0
163.55207045935094,175.06757475621998,0.0,0.0
163.45522639714181,174.8233289849013,0.0,1.0
