x,y,hover,eod
96.33107799291611,111.56276559829712,0.0,0.0
96.82958866655827,105.43070828914642,0.0,0.0
102.10249568521976,95.88813102245331,0.0,0.0
110.14210368692875,89.17249476909637,0.0,0.0
121.06241251528263,84.69520962238312,0.0,0.0
131.0159417539835,85.18998569250107,0.0,0.0
138.495018735528,91.35900264978409,0.0,0.0
142.74544502794743,102.5552869439125,0.0,0.0
142.38770659267902,120.24164205789566,0.0,0.0
135.95767076313496,138.26318269968033,0.0,0.0
126.33569057285786,154.29381495714188,0.0,0.0
116.64333935081959,164.76846462488174,0.0,0.0
108.99463172256947,170.01548117399216,0.0,0.0
104.24466486275196,171.75506672263145,0.0,0.0
102.53813634812832,172.18399284780025,0.0,0.0
102.81422301381826,172.1139160208404,0.0,0.0
103.90497206896544,171.41066316887736,0.0,0.0
108.11831294745207,170.37298534438014,0.0,0.0
119.92944657057524,167.83041093870997,0.0,0.0
130.90316712111235,166.8544727228582,0.0,0.0
142.43411361426115,167.3116498105228,0.0,0.0
152.02017664164305,167.37009531259537,0.0,0.0
156.59650563448668,168.2417563199997,0.0,0.0
160.06067722290754,169.272086083889,0.0,0.0
160.32055315747857,170.2910823225975,0.0,0.0
160.0694257505238,170.69789292663336,0.0,0.0
159.86816155910492,170.87521052360535,0.0,1.0
