x,y,hover,eod
86.83199945092201,116.08154183626175,0.0,0.0
87.29997593164444,111.28448462486267,0.0,0.0
94.06716305017471,101.73288381099701,0.0,0.0
100.45529919862747,95.1131979227066,0.0,0.0
109.11246019601822,95.04434904456139,0.0,0.0
116.3388540148735,102.15363642573357,0.0,0.0
120.61070191860199,113.49989911913872,0.0,0.0
122.70973372459412,127.89830705523491,0.0,0.0
121.55942241847515,143.12840244174004,0.0,0.0
118.17336450517178,153.22036764025688,0.0,0.0
114.13711945712566,159.93581554293633,0.0,0.0
111.86286787688732,162.27071380615234,0.0,0.0
111.03301632404327,162.00317237898707,0.0,0.0
111.92330780625343,160.4752830080688,0.0,0.0
116.3715109527111,155.70795957371593,0.0,0.0
124.86785742640495,150.07603530213237,0.0,0.0
134.37780532240868,147.6074533574283,0.0,0.0
145.03966841101646,145.5793849043548,0.0,0.0
156.30543622374535,144.3814816735685,0.0,0.0
163.81784054636955,143.78514390811324,0.0,0.0
167.8986704647541,143.4440230987966,0.0,0.0
169.5043094754219,143.7121108584106,0.0,0.0
169.0753683373332,144.0329712294042,0.0,1.0
