x,y,hover,eod
97.23473972082138,102.79071843624115,0.0,0.0
103.07791179418564,96.40736079216003,0.0,0.0
114.61411899328232,90.62322413921356,0.0,0.0
125.58483904600143,89.06699231266975,0.0,0.0
135.7520813345909,92.04884937405586,0.0,0.0
144.3292230963707,100.9489213526249,0.0,0.0
147.32644534111023,113.54699245095253,0.0,0.0
144.07423561811447,129.98530021309853,0.0,0.0
136.07961124181747,146.1111902296543,0.0,0.0
126.45125216245651,157.37938037514687,0.0,0.0
116.56840568780899,164.8965679705143,0.0,0.0
107.36218935251236,168.05437883734703,0.0,0.0
102.08255177736282,168.16277077794075,0.0,0.0
100.22537669539452,167.71800415962934,0.0,0.0
100.78607788681984,167.20090372860432,0.0,0.0
101.48761367797852,166.98897283896804,0.0,0.0
106.72441220283508,165.4840251468122,0.0,0.0
117.36505246162415,163.84410348162055,0.0,0.0
129.0482256412506,163.11800700053573,0.0,0.0
141.40378332138062,164.05592318996787,0.0,0.0
151.79636693000793,164.9776556752622,0.0,0.0
156.1011848449707,166.12054255232215,0.0,0.0
158.98181056976318,167.3737136684358,0.0,0.0
159.9803023636341,168.00989639386535,0.0,0.0
160.00936109479517,168.05055616330355,0.0,0.0
159.84007872547954,168.03196021728218,0.0,0.0
159.71972143184394,167.6838053520769,0.0,1.0
