x,y,hover,eod
97.45841123908758,104.91380649805069,0.0,0.0
98.34916756302118,101.62398833036423,0.0,0.0
103.07486847788095,95.11361020803452,0.0,0.0
111.71813324838877,87.86537009477615,0.0,0.0
119.61060658842325,82.99015629291534,0.0,0.0
127.83939496427774,81.61987516283989,0.0,0.0
135.13266936689615,85.14724406599998,0.0,0.0
139.81835976988077,94.27405509352684,0.0,0.0
140.95114097744226,109.35154828429222,0.0,0.0
138.47719878703356,126.19618448615074,0.0,0.0
133.5771322324872,141.51802691817284,0.0,0.0
125.7749670818448,157.09212812781334,0.0,0.0
118.30392301827669,166.94738778471947,0.0,0.0
113.57677698880434,172.43472310900688,0.0,0.0
110.38856387883425,174.58223286271095,0.0,0.0
107.93239206820726,175.5428219139576,0.0,0.0
107.44787518680096,175.48936794698238,0.0,0.0
107.8343255892396,175.3110137321055,0.0,0.0
108.71506110578775,175.31440220028162,0.0,0.0
112.28911475092173,174.40288162976503,0.0,0.0
119.77828399091959,172.45222530514002,0.0,0.0
129.69658748060465,170.95346442610025,0.0,0.0
140.00852958112955,169.59768525511026,0.0,0.0
149.67689529806376,169.6913222707808,0.0,0.0
154.91390661150217,169.68556094169617,0.0,0.0
158.06864247471094,170.46529683470726,0.0,0.0
160.00746772438288,171.08701038360596,0.0,0.0
160.29800207167864,172.17130023241043,0.0,1.0
