x,y,hover,eod
108.25773864984512,96.50170588493347,0.0,0.0
106.58207163214684,94.01473367214203,0.0,0.0
105.82465380430222,90.0018339753151,0.0,0.0
108.91854137182236,85.1388885974884,0.0,0.0
111.96173250675201,81.44494050741196,0.0,0.0
118.80819499492645,77.23212385177612,0.0,0.0
126.5983134508133,77.54447901248932,0.0,0.0
132.85527884960175,84.02733170986176,0.0,0.0
136.41660571098328,96.28883445262909,0.0,0.0
136.42858553677797,112.99929583072662,0.0,0.0
130.94073880463839,132.62662494182587,0.0,0.0
122.08448458462954,148.2567414045334,0.0,0.0
110.87620545178652,159.6090635061264,0.0,0.0
97.18726444989443,167.72005224227905,0.0,0.0
87.56338108330965,169.45111909508705,0.0,0.0
83.38872481137514,169.34556349739432,0.0,0.0
81.61191869527102,168.2186570726335,0.0,0.0
81.65316225960851,167.53284617885947,0.0,0.0
82.10375042632222,167.04796868935227,0.0,0.0
83.65716757252812,166.61728854849935,0.0,0.0
88.92098130658269,165.1583604104817,0.0,0.0
101.4046305604279,164.68505911156535,0.0,0.0
115.26464762166142,165.0296797938645,0.0,0.0
131.4797038026154,166.18851821497083,0.0,0.0
146.19641246274114,167.78796653822064,0.0,0.0
157.63229550793767,169.63565017655492,0.0,0.0
165.26172341778874,172.0938440747559,0.0,0.0
168.98159505799413,173.94801865890622,0.0,0.0
172.81044961884618,176.1059256978333,0.0,0.0
175.48666955903172,178.04973091557622,0.0,0.0
176.19936937466264,179.44625030830503,0.0,0.0
176.08796674758196,179.60994297266006,0.0,0.0
175.84156803786755,179.5593564081937,0.0,0.0
174.71071556210518,179.45805126428604,0.0,1.0
