x,y,hover,eod
92.02233022451401,98.98137497901917,0.0,0.0
90.33123797178268,93.2204966545105,0.0,0.0
94.55846643447876,86.29663455486298,0.0,0.0
103.27316439151764,79.64591610431671,0.0,0.0
115.95969831943512,76.14045369625092,0.0,0.0
127.89944446086884,78.8175191283226,0.0,0.0
139.30986082553864,89.89891904592514,0.0,0.0
143.74682343006134,107.0024933218956,0.0,0.0
141.73037073016167,131.45794051885605,0.0,0.0
131.49801036715508,152.7902426123619,0.0,0.0
118.14986488223076,167.46113795042038,0.0,0.0
101.58717533946037,177.94711488485336,0.0,0.0
89.32347556948662,181.81283968687057,0.0,0.0
84.55542317032814,181.6343883909285,0.0,0.0
83.86785289645195,180.99754137173295,0.0,0.0
85.37058985233307,179.3831170834601,0.0,0.0
92.68631911277771,174.62076318636537,0.0,0.0
106.38662314414978,170.11301470175385,0.0,0.0
123.19791173934937,168.21375397220254,0.0,0.0
141.19984364509583,168.57151040062308,0.0,0.0
155.72122311592102,170.244751509279,0.0,0.0
165.7286021709442,172.97405683621764,0.0,0.0
169.8581869006157,174.77888175472617,0.0,0.0
172.893190741539,176.30345978960395,0.0,0.0
173.8296758234501,176.52618074044585,0.0,0.0
173.63739001005888,176.8223566301167,0.0,0.0
169.98260574787855,175.73020895197988,0.0,1.0
