x,y,hover,eod
90.31796818971634,97.70764625072479,0.0,0.0
89.99455711245537,94.26902151107788,0.0,0.0
96.44694945216179,88.18522667884827,0.0,0.0
108.56320998072624,82.87011241912842,0.0,0.0
123.53505036234856,80.907988011837,0.0,0.0
137.14961192011833,84.41278672218323,0.0,0.0
146.11784955859184,95.19166684150696,0.0,0.0
148.03087463974953,108.62416362762451,0.0,0.0
144.16302105784416,124.3548367023468,0.0,0.0
135.21270713210106,140.33661222457886,0.0,0.0
122.43658384680748,153.11697578430176,0.0,0.0
107.94401368498802,162.34131848812103,0.0,0.0
95.36596021056175,166.60640007257462,0.0,0.0
90.95401993393898,166.84739167243242,0.0,0.0
89.39563176035881,166.39556078612804,0.0,0.0
89.83024089038372,165.23531763255596,0.0,0.0
96.0645350664854,161.40940396487713,0.0,0.0
106.54504625499249,158.0499088615179,0.0,0.0
117.89097873866558,157.8302850611508,0.0,0.0
133.3092471808195,159.96658765152097,0.0,0.0
147.13601200282574,163.35177444294095,0.0,0.0
157.87147609889507,168.20617638900876,0.0,0.0
163.7869998663664,172.01439671590924,0.0,0.0
166.69446437060833,173.9218746908009,0.0,0.0
168.21039660274982,175.8774622566998,0.0,0.0
168.24820842966437,175.77194317616522,0.0,0.0
168.20022874418646,175.49744620360434,0.0,0.0
166.90637701097876,173.30644741095603,0.0,1.0
