x,y,hover,eod
116.53192257881165,84.88747161626816,0.0,0.0
117.16020619869232,82.86069166660309,0.0,0.0
118.52558574080467,81.29649248719215,0.0,0.0
123.54924461245537,79.02692329883575,0.0,0.0
133.2001777589321,76.50346857309341,0.0,0.0
143.32334956526756,77.83023712038994,0.0,0.0
152.96658954024315,81.51570108532906,0.0,0.0
160.01579543948174,86.60264459252357,0.0,0.0
164.24380710721016,94.364891320467,0.0,0.0
163.48532831668854,107.21864250302315,0.0,0.0
158.13651776313782,121.54295352101326,0.0,0.0
148.1990531682968,134.62558415532112,0.0,0.0
138.22611725330353,144.19854548573494,0.0,0.0
127.12244665622711,150.90911236405373,0.0,0.0
115.2532867193222,155.9400590956211,0.0,0.0
104.40435206890106,158.40008136630058,0.0,0.0
96.74804663658142,159.0842646062374,0.0,0.0
93.8989776968956,159.16621215455234,0.0,0.0
92.76203988492489,158.6587087791413,0.0,0.0
93.78902523219585,158.75519333221018,0.0,0.0
97.2340810149908,159.71138400770724,0.0,0.0
105.80455957353115,160.25083361007273,0.0,0.0
115.60751377046108,162.57780713774264,0.0,0.0
125.4130738824606,166.23326105810702,0.0,0.0
137.59752570092678,170.7287473771721,0.0,0.0
146.77298544347286,174.48094172216952,0.0,0.0
150.7648062556982,176.46336553432047,0.0,0.0
153.0548526197672,178.39496401883662,0.0,0.0
153.46348544955254,179.48328843154013,0.0,0.0
153.12162259966135,179.89552588947117,0.0,0.0
152.81659370660782,180.16865333355963,0.0,1.0
