x,y,hover,eod
89.75725263357162,99.89694476127625,0.0,0.0
94.34801787137985,91.5593296289444,0.0,0.0
102.38325148820877,84.57863748073578,0.0,0.0
109.74513858556747,80.64461708068848,0.0,0.0
117.75562912225723,81.68146818876266,0.0,0.0
124.61060672998428,92.4455115199089,0.0,0.0
127.17449992895126,109.28958982229233,0.0,0.0
126.34665176272392,130.074745118618,0.0,0.0
121.78091362118721,149.42699521780014,0.0,0.0
112.89786472916603,165.50043910741806,0.0,0.0
104.66725364327431,174.8080089688301,0.0,0.0
100.0493822991848,177.09269300103188,0.0,0.0
96.74635872244835,176.76069539040327,0.0,0.0
95.64711391925812,174.59903549402952,0.0,0.0
97.40430742502213,172.16715183109045,0.0,0.0
103.44280928373337,168.37877061218023,0.0,0.0
113.37165147066116,165.36513086408377,0.0,0.0
123.7652400135994,164.1243227943778,0.0,0.0
137.59665042161942,163.76651633530855,0.0,0.0
150.44077426195145,165.75106251984835,0.0,0.0
159.70515817403793,167.23526049405336,0.0,0.0
163.85297387838364,168.72866351157427,0.0,0.0
166.1144571006298,169.53877601772547,0.0,0.0
166.33579287678003,170.118587911129,0.0,0.0
165.73241766542196,169.48257848620415,0.0,1.0
