x,y,hover,eod
94.38540855050087,103.02703458070755,0.0,0.0
95.62007756531239,97.68928784132004,0.0,0.0
103.13673527538776,90.99986094236374,0.0,0.0
114.46008117496967,83.47289580106735,0.0,0.0
125.3074017316103,80.42085933685303,0.0,0.0
133.81987662613392,82.14059177041054,0.0,0.0
140.10963709652424,91.36144462227821,0.0,0.0
142.0545488744974,102.49985399842262,0.0,0.0
140.35329835116863,116.22747722268105,0.0,0.0
134.6052439659834,130.44014874100685,0.0,0.0
127.1007581204176,144.1133374273777,0.0,0.0
116.70849160850048,157.87126126885414,0.0,0.0
106.42716483771801,168.05070701241493,0.0,0.0
97.92804972827435,174.03781536221504,0.0,0.0
94.50259314477444,175.94881537556648,0.0,0.0
93.09735016524792,175.96111188828945,0.0,0.0
93.69351775944233,175.70885564386845,0.0,0.0
96.98222966492176,174.00007735192776,0.0,0.0
105.9642174988985,170.5086148828268,0.0,0.0
116.7050257474184,168.79479940235615,0.0,0.0
127.38670738041401,168.55821739137173,0.0,0.0
139.72965987026691,169.3470344990492,0.0,0.0
150.0903263837099,170.38269679248333,0.0,0.0
156.24696405231953,171.9581973105669,0.0,0.0
160.0529724508524,173.16882307827473,0.0,0.0
162.23884569108486,174.25421486794949,0.0,0.0
163.1408235579729,174.94719940423965,0.0,1.0
