x,y,hover,eod
80.534936606884,90.89546716213226,0.0,0.0
82.0276829302311,85.27901983261108,0.0,0.0
88.4056695997715,78.05490291118622,0.0,0.0
98.48163810372353,72.90678656101227,0.0,0.0
111.32565823197365,75.03983846306801,0.0,0.0
121.79080930352211,85.18108239769936,0.0,0.0
128.64057210087776,99.70611324906349,0.0,0.0
131.54571977257729,123.80164375901222,0.0,0.0
127.88128253817558,150.29781809449196,0.0,0.0
121.43893179297447,168.18789115548134,0.0,0.0
113.95953652262688,178.74808660149574,0.0,0.0
108.25446304678917,182.63630083203316,0.0,0.0
105.72885391116142,183.4550548195839,0.0,0.0
104.82428629696369,182.2509210407734,0.0,0.0
106.18777503073215,179.64877238869667,0.0,0.0
114.40776516497135,172.97009161114693,0.0,0.0
124.72836901247501,168.11601302027702,0.0,0.0
139.17840649187565,163.50081285834312,0.0,0.0
153.81809164583683,160.85411897301674,0.0,0.0
166.038343206048,159.33278357982635,0.0,0.0
172.09972967207432,159.28948543407023,0.0,0.0
174.88947261869907,160.159479374066,0.0,0.0
175.61702248454094,161.1218391302973,0.0,0.0
175.0329403653741,162.0967977438122,0.0,1.0
