x,y,hover,eod
89.6093413233757,101.8222564458847,0.0,0.0
89.32760899886489,98.59813243150711,0.0,0.0
96.65888613089919,91.28822237253189,0.0,0.0
104.81489008292556,87.1105808019638,0.0,0.0
111.03092914447188,86.8367800116539,0.0,0.0
122.13685875758529,91.91444486379623,0.0,0.0
128.48284369334579,102.42441266775131,0.0,0.0
130.8390816114843,116.35459154844284,0.0,0.0
127.76804050430655,131.2815162539482,0.0,0.0
122.33254930004478,143.9326211810112,0.0,0.0
110.78528186306357,157.96668380498886,0.0,0.0
100.07327815517783,166.89238280057907,0.0,0.0
93.45806678757071,169.3810486793518,0.0,0.0
91.13324185833335,169.43197697866708,0.0,0.0
91.08711613342166,168.7942235963419,0.0,0.0
96.96955097839236,166.76875912118703,0.0,0.0
109.54156769439578,162.59575717616826,0.0,0.0
122.51781834289432,161.84996717143804,0.0,0.0
137.70930422469974,162.64216088224202,0.0,0.0
148.587796818465,163.8643164234236,0.0,0.0
160.00722778961062,166.77536793518811,0.0,0.0
164.67631740495563,168.42932336498052,0.0,0.0
167.55087418481708,169.13122013676912,0.0,1.0
