x,y,hover,eod
102.22650814056396,77.57646763324738,0.0,0.0
100.87003591656685,74.16516894102097,0.0,0.0
102.98588547110558,69.75407445430756,0.0,0.0
110.0963416993618,64.0461596250534,0.0,0.0
122.37358483672142,60.49503707885742,0.0,0.0
132.54294547438622,64.0540965795517,0.0,0.0
141.5180889070034,74.86077988147736,0.0,0.0
146.74880775809288,89.95627725124359,0.0,0.0
146.4524878114462,106.84818589687347,0.0,0.0
139.7366274446249,130.11362636089325,0.0,0.0
127.67244945466518,148.81935560703278,0.0,0.0
114.98654256761074,161.1711665391922,0.0,0.0
99.25018201768398,173.58466470241547,0.0,0.0
85.33980618417263,181.71885097026825,0.0,0.0
81.07067774236202,182.58272105455399,0.0,0.0
81.00584955140948,182.64107199478894,0.0,0.0
82.18411469087005,182.62523826770484,0.0,0.0
90.09411894902587,181.7863575797528,0.0,0.0
103.14111196622252,180.6963196825236,0.0,0.0
121.7048033438623,182.58806307427585,0.0,0.0
140.55165731534362,186.02044392935932,0.0,0.0
156.04572260007262,189.98040635697544,0.0,0.0
166.42105185613036,193.90570093505085,0.0,0.0
171.45609759911895,195.69992501847446,0.0,0.0
174.23373931273818,196.62837278656662,0.0,0.0
175.108442094177,196.09972611628473,0.0,1.0
