x,y,hover,eod
106.7568241506815,96.89983659982681,0.0,0.0
106.71230774186552,94.77093288302422,0.0,0.0
108.12480982206762,91.54221096634865,0.0,0.0
112.37124379538,88.23658981919289,0.0,0.0
122.11253043077886,85.11169651150703,0.0,0.0
131.9298535194248,85.25434555113316,0.0,0.0
139.84282787702978,88.16160561144352,0.0,0.0
144.83565833233297,95.24189414083958,0.0,0.0
145.51195721887052,106.6391426473856,0.0,0.0
139.9359236266464,123.56343211233616,0.0,0.0
129.2463849093765,139.39573229849339,0.0,0.0
116.41860704682767,153.16036047041416,0.0,0.0
105.55479626916349,162.19579519331455,0.0,0.0
98.3728144671768,165.72030992805958,0.0,0.0
96.24653246067464,166.34618954360485,0.0,0.0
96.5077448990196,165.92559726536274,0.0,0.0
97.507353534922,165.6778226569295,0.0,0.0
102.280382623896,164.57174909859896,0.0,0.0
113.40338300727308,162.996638096869,0.0,0.0
128.30124925635755,163.39615178853273,0.0,0.0
141.56211089156568,165.18615243583918,0.0,0.0
151.36466573737562,167.22254601866007,0.0,0.0
156.48127924464643,169.27568016201258,0.0,0.0
159.24071471951902,170.7975366488099,0.0,0.0
160.32110940478742,171.0204296335578,0.0,0.0
159.97520163469017,171.05237654969096,0.0,0.0
159.45765476487577,171.2644354403019,0.0,1.0
