x,y,hover,eod
83.86502575874329,108.99936908483505,0.0,0.0
80.78167122602463,109.07185388822109,0.0,0.0
79.0264208316803,104.94257254619151,0.0,0.0
85.19337844848633,93.07474536914378,0.0,0.0
96.57727909088135,84.34885067958385,0.0,0.0
108.82269215583801,81.24647958297282,0.0,0.0
120.97523403167725,85.89937610644847,0.0,0.0
128.83163464069366,97.70974559802562,0.0,0.0
130.2003165781498,116.17321534175426,0.0,0.0
125.75455304980278,135.27199549693614,0.0,0.0
114.85163208842278,154.96919913310558,0.0,0.0
103.35456845164299,168.45480008143932,0.0,0.0
94.62669131159782,174.66569705028087,0.0,0.0
92.33457145094872,175.00281768012792,0.0,0.0
92.70508189499378,173.3302945094183,0.0,0.0
98.37682683765888,168.73253526259214,0.0,0.0
111.02079589664936,161.68754043150693,0.0,0.0
126.22507174313068,156.17986800242215,0.0,0.0
145.8613749295473,151.793495436199,0.0,0.0
162.3675652295351,150.01570927072316,0.0,0.0
173.66860111057758,150.93669967819005,0.0,0.0
177.57713277637959,151.7335860626772,0.0,0.0
178.94737680256367,152.16529639530927,0.0,0.0
178.48535374552011,152.05319464299828,0.0,0.0
173.88059452921152,149.61514398548752,0.0,1.0
