x,y,hover,eod
72.63758283853531,108.54813596606255,0.0,0.0
69.5012058019638,103.84981593489647,0.0,0.0
72.28123378753662,91.16043528914452,0.0,0.0
80.64656090736389,81.65624639391899,0.0,0.0
91.4109833240509,75.75539371371269,0.0,0.0
104.68723249435425,76.46556010842323,0.0,0.0
117.39520740509033,85.6655298769474,0.0,0.0
125.8617730140686,101.45969143509865,0.0,0.0
126.07265799120069,120.71272960305214,0.0,0.0
116.8386992700398,144.52418914437294,0.0,0.0
98.94296257570386,166.8005978167057,0.0,0.0
85.96549003198743,177.23199358582497,0.0,0.0
75.7536789663136,180.95806828141212,0.0,0.0
72.09533958509564,180.1720236837864,0.0,0.0
72.08019782602787,177.90626069903374,0.0,0.0
76.93162609636784,172.7392574250698,0.0,0.0
90.73346664011478,165.11021873354912,0.0,0.0
107.85496880114079,159.41530606150627,0.0,0.0
126.48879100382328,154.4558455646038,0.0,0.0
150.2839546352625,152.28949224948883,0.0,0.0
166.94786716997623,152.51254266500473,0.0,0.0
178.92646481096745,155.7121697664261,0.0,0.0
183.07731200754642,158.1752068400383,0.0,0.0
185.60327877104282,159.2726091146469,0.0,0.0
186.68287467956543,159.39298743754625,0.0,0.0
186.371747225523,159.05038772523403,0.0,0.0
185.6642451584339,158.43691727519035,0.0,1.0
