x,y,hover,eod
93.705282330513,96.06278443336487,0.0,0.0
91.08459335565567,92.75327169895172,0.0,0.0
91.30513413622975,88.67579126358032,0.0,0.0
97.34382851794362,83.52082753181458,0.0,0.0
108.95265801623464,80.03814750909805,0.0,0.0
119.73280652239919,80.01591356098652,0.0,0.0
133.6124132461846,85.79976172745228,0.0,0.0
141.93840666487813,97.24670858681202,0.0,0.0
145.00203891471028,110.1606902629137,0.0,0.0
142.28692008927464,126.48712010681629,0.0,0.0
133.66460992768407,142.09061355888844,0.0,0.0
119.46207000687718,157.37954707443714,0.0,0.0
104.68780114129186,168.7220391780138,0.0,0.0
92.94994546845555,175.15729339420795,0.0,0.0
87.40923716500401,176.50070966780186,0.0,0.0
86.25455102697015,176.64046403579414,0.0,0.0
86.72025377675891,175.9718376081437,0.0,0.0
89.72557957097888,174.63258591108024,0.0,0.0
99.32504053041339,171.32165220193565,0.0,0.0
111.15806574746966,169.55558684282005,0.0,0.0
123.91617293283343,169.4323020298034,0.0,0.0
139.5282876007259,170.07061428017914,0.0,0.0
153.03774709627032,170.79849703796208,0.0,0.0
161.31878013536334,172.27829559333622,0.0,0.0
165.4432308189571,173.6602298785001,0.0,0.0
168.69700188562274,174.72689180262387,0.0,0.0
170.6089956574142,176.33079557307065,0.0,0.0
170.7489488720894,176.74285041727126,0.0,0.0
170.65827864035964,176.85542422905564,0.0,1.0
