x,y,hover,eod
95.40073525905609,102.55864804983139,0.0,0.0
94.00252294540405,99.13402444124222,0.0,0.0
98.81631147861481,91.77431529760361,0.0,0.0
104.24612653255463,85.98684018850327,0.0,0.0
110.86331975460052,83.22770482301712,0.0,0.0
120.00062119960785,81.27987942099571,0.0,0.0
130.44751298427582,85.40997794270515,0.0,0.0
137.34983336925507,95.00452747941017,0.0,0.0
140.7164294719696,107.20339289307594,0.0,0.0
141.1813874989748,120.34673085808754,0.0,0.0
136.81077559292316,133.88737431168556,0.0,0.0
127.20262725651264,148.53768101334572,0.0,0.0
115.61608631908894,161.6374742090702,0.0,0.0
105.29034812748432,169.46935704350471,0.0,0.0
99.20421321690083,172.5155766904354,0.0,0.0
96.63112242519855,172.24719416722655,0.0,0.0
96.54922933131456,171.1712708733976,0.0,0.0
96.82321133837104,170.12685623392463,0.0,0.0
99.33957191929221,168.551796939224,0.0,0.0
104.48877009376884,166.92823510989547,0.0,0.0
115.7511988542974,166.19896065816283,0.0,0.0
127.78251561149955,166.7528012804687,0.0,0.0
140.14048131927848,167.58939195796847,0.0,0.0
151.5606585405767,169.64669112488627,0.0,0.0
157.0601758621633,171.56382773444057,0.0,0.0
160.70801469311118,173.57769687101245,0.0,0.0
162.3087035380304,174.53286078199744,0.0,0.0
162.30437980778515,174.72937709093094,0.0,0.0
162.12313400395215,174.68376364000142,0.0,0.0
162.06407496519387,174.7166778743267,0.0,1.0
