x,y,hover,eod
84.92218135297298,101.66807472705841,0.0,0.0
84.17034482955933,98.51825773715973,0.0,0.0
85.28513169288635,94.74399298429489,0.0,0.0
91.4552036523819,87.7261283993721,0.0,0.0
101.47547042369843,81.70206755399704,0.0,0.0
110.76628243923187,81.09875410795212,0.0,0.0
120.83561098575592,86.06871604919434,0.0,0.0
127.40177547931671,95.66741347312927,0.0,0.0
130.31909888982773,108.98966431617737,0.0,0.0
130.25322405993938,127.17791080474854,0.0,0.0
124.18592302501202,144.50209498405457,0.0,0.0
115.25307027995586,158.96501779556274,0.0,0.0
103.73283831775188,169.05705213546753,0.0,0.0
93.19012014567852,174.0686309337616,0.0,0.0
88.00201742351055,175.63381001353264,0.0,0.0
86.72911776602268,175.95327734947205,0.0,0.0
87.2983438372612,175.9980849828571,0.0,0.0
90.56156432628632,174.7637566830963,0.0,0.0
100.98410880565643,171.87390475533903,0.0,0.0
114.78825962543488,169.4992647971958,0.0,0.0
129.89480888843536,168.49253266118467,0.0,0.0
145.48417603969574,168.32977634854615,0.0,0.0
156.75371325016022,169.65756949968636,0.0,0.0
166.74948132038116,171.9795532245189,0.0,0.0
170.77809756994247,173.37332350201905,0.0,0.0
172.62193432450294,174.12610379047692,0.0,0.0
172.786009632051,174.1309477435425,0.0,0.0
172.35915581136942,173.97137506399304,0.0,1.0
