x,y,hover,eod
99.9683544933796,103.16414552927017,0.0,0.0
104.4843582212925,97.57192450761795,0.0,0.0
115.62110462784767,92.25639420747757,0.0,0.0
127.00131693482399,92.5048177242279,0.0,0.0
134.58543100953102,102.04516935348511,0.0,0.0
135.89868837594986,117.81688141822815,0.0,0.0
132.423011302948,133.46815872192383,0.0,0.0
124.30608773231506,148.15191197395325,0.0,0.0
115.24178469181061,159.09937191009521,0.0,0.0
108.30776655673981,163.92982232570648,0.0,0.0
104.02068996429443,165.01346695423126,0.0,0.0
102.83526161313057,164.35523051023483,0.0,0.0
103.3937935680151,162.99504998326302,0.0,0.0
108.75653670728207,160.01786175370216,0.0,0.0
118.94434259831905,157.23797324299812,0.0,0.0
129.59686563909054,156.39218139648438,0.0,0.0
138.9373122304678,156.95342249423265,0.0,0.0
147.88308070600033,158.67879993468523,0.0,0.0
152.57371620833874,160.1345703676343,0.0,0.0
155.72378562390804,161.8757925108075,0.0,0.0
157.22317592799664,162.0809255465865,0.0,0.0
157.37725810706615,161.7328101694584,0.0,0.0
156.77492508292198,161.13366305083036,0.0,1.0
