x,y,hover,eod
83.34503453969955,101.18093204498291,0.0,0.0
90.66326063871384,92.14397382736206,0.0,0.0
99.92301923036575,82.06313800811768,0.0,0.0
113.05503350496292,75.32902729511261,0.0,0.0
125.00568968057632,79.54544168710709,0.0,0.0
131.85629826784134,93.39544278383255,0.0,0.0
133.9082146883011,114.36841231584549,0.0,0.0
129.761652469635,136.55720692873,0.0,0.0
121.01229977607727,156.14351850748062,0.0,0.0
110.11421990394592,169.71103411912918,0.0,0.0
100.83490800857544,178.66057258844376,0.0,0.0
96.80399757623672,180.68306517601013,0.0,0.0
96.29756604135036,180.5342296306044,0.0,0.0
98.098527982831,178.880985731259,0.0,0.0
108.66237957775593,169.95748972333968,0.0,0.0
122.4713774472475,162.7812472525984,0.0,0.0
137.67657954990864,158.31053858436644,0.0,0.0
152.85281617939472,154.94828169979155,0.0,0.0
164.74322755634785,155.7175338808447,0.0,0.0
170.52653451263905,156.79925998486578,0.0,0.0
173.7465255409479,157.95001281239092,0.0,0.0
174.46048502624035,158.5896648261696,0.0,0.0
174.09357030689716,158.34371022693813,0.0,1.0
