x,y,hover,eod
112.04778927564621,84.76473408937454,0.0,0.0
117.49690490961075,81.9513349533081,0.0,0.0
128.84281355142593,78.92833429574966,0.0,0.0
137.36177760362625,81.02810370922089,0.0,0.0
144.41850143671036,89.04857325553894,0.0,0.0
147.13674771785736,99.74509406089783,0.0,0.0
145.93163135647774,112.47167992591858,0.0,0.0
139.58841386437416,132.44020748138428,0.0,0.0
130.95116916298866,147.41508769989014,0.0,0.0
120.07728639245033,158.4128098487854,0.0,0.0
110.0208765566349,166.84287238121033,0.0,0.0
102.4852663576603,171.3706909418106,0.0,0.0
96.88474360108376,173.79280897974968,0.0,0.0
94.75415962934494,174.1373557895422,0.0,0.0
95.1468747779727,173.68735476583242,0.0,0.0
95.30668740347028,173.4908310994506,0.0,0.0
97.08930929377675,173.10135542601347,0.0,0.0
105.25562544539571,170.72585224360228,0.0,0.0
118.18230767920613,169.42394047230482,0.0,0.0
131.56311174109578,171.1464071199298,0.0,0.0
144.31488533690572,173.04127975553274,0.0,0.0
153.65169664099813,175.35865022987127,0.0,0.0
158.3482005186379,177.03800543397665,0.0,0.0
161.8709476776421,178.09950164705515,0.0,0.0
163.13351978734136,178.6842828914523,0.0,1.0
