x,y,hover,eod
99.45824068784714,100.97924029827118,0.0,0.0
101.39765393733978,94.08801829814911,0.0,0.0
110.84934484958649,86.44818818569183,0.0,0.0
119.64056086540222,84.10316383838654,0.0,0.0
129.33041942119598,88.29469656944275,0.0,0.0
135.50852489471436,98.89585828781128,0.0,0.0
136.88431572914124,114.40046644210815,0.0,0.0
132.6991943717003,134.94911527633667,0.0,0.0
124.88349956274033,150.1355013847351,0.0,0.0
115.56943935155869,161.2544927597046,0.0,0.0
103.64150327444077,169.26890349388123,0.0,0.0
94.45513647794724,172.10520988702774,0.0,0.0
91.71865594387054,172.1118819564581,0.0,0.0
91.86483381129801,171.33408343791962,0.0,0.0
92.94261975027621,170.96322073042393,0.0,0.0
100.93913538195193,168.44133450090885,0.0,0.0
113.30751402117312,167.05622075498104,0.0,0.0
127.26207835413516,167.15167757496238,0.0,0.0
139.51364738680422,168.24647803232074,0.0,0.0
152.52410394884646,168.79427414759994,0.0,0.0
160.50964696146548,169.3643894456327,0.0,0.0
164.36974180676043,169.7631875835359,0.0,0.0
165.48181524313986,170.76813009008765,0.0,0.0
165.35947341285646,171.567764993757,0.0,0.0
163.88200897537172,172.75733318552375,0.0,1.0
