x,y,hover,eod
105.04253932833672,89.92854082584381,0.0,0.0
108.17680040001869,85.90524816513062,0.0,0.0
114.7087929546833,81.0300903916359,0.0,0.0
125.23751237988472,77.17125111818314,0.0,0.0
137.05316284298897,74.20509570837021,0.0,0.0
149.80279305577278,76.21872210502625,0.0,0.0
157.15847411751747,86.73303270339966,0.0,0.0
156.88228815421462,103.31697964668274,0.0,0.0
149.31597321853042,123.42418456077576,0.0,0.0
139.79468434676528,140.50213241577148,0.0,0.0
127.02903598174453,154.00399112701416,0.0,0.0
114.74654882773757,163.36901330947876,0.0,0.0
102.87095278128982,168.97928857803345,0.0,0.0
97.1737113557756,169.92090755701065,0.0,0.0
95.44392168149352,169.76157800853252,0.0,0.0
95.2653623148799,169.51628736779094,0.0,0.0
97.42318084090948,169.78229801729321,0.0,0.0
107.14415600150824,168.27607523277402,0.0,0.0
119.37952687591314,169.23317443206906,0.0,0.0
133.0153482183814,171.53912987187505,0.0,0.0
146.7868213877082,174.53873540833592,0.0,0.0
155.04420270770788,177.3516258187592,0.0,0.0
158.71507396548986,179.25027127936482,0.0,0.0
161.20538910478354,181.86208571866155,0.0,1.0
