x,y,hover,eod
95.64664179086685,100.63536328077316,0.0,0.0
92.64863395690918,99.05013871192932,0.0,0.0
93.01272229850292,96.31582987308502,0.0,0.0
100.0003774613142,88.57368421554565,0.0,0.0
111.03270368278027,83.75131678581238,0.0,0.0
120.14403836429119,83.97135895490646,0.0,0.0
129.62684468925,89.34388142824173,0.0,0.0
134.13655863702297,98.97075814008713,0.0,0.0
133.2466825991869,114.9998454451561,0.0,0.0
126.62827165424824,133.84284895658493,0.0,0.0
118.2658144980669,149.7896425127983,0.0,0.0
106.64634914696217,163.5844938158989,0.0,0.0
97.22901971638203,171.51710134744644,0.0,0.0
94.04824735224247,172.59621050953865,0.0,0.0
93.13925506174564,172.08506540209055,0.0,0.0
94.61062924563885,170.89536943286657,0.0,0.0
101.0565664023161,166.8809551820159,0.0,0.0
112.62892024219036,163.3889717683196,0.0,0.0
125.34610883891582,162.59219170361757,0.0,0.0
138.25968281924725,163.29253823310137,0.0,0.0
151.08680741488934,165.3499302342534,0.0,0.0
158.43061642348766,167.76248113065958,0.0,0.0
162.2889138907194,169.12386969476938,0.0,0.0
164.06281070411205,170.32198690623045,0.0,0.0
163.64226301759481,170.6080451309681,0.0,0.0
163.05662924051285,170.6907652951777,0.0,1.0
