x,y,hover,eod
96.27837520837784,98.81923544406891,0.0,0.0
110.91924291849136,88.65947234630585,0.0,0.0
124.52443820238113,85.39605456590652,0.0,0.0
136.95917111635208,89.30383878946304,0.0,0.0
142.3748193383217,102.36122566461563,0.0,0.0
139.14919447898865,120.46010571718216,0.0,0.0
127.6597900390625,143.5991294980049,0.0,0.0
117.43810248374939,158.16870886087418,0.0,0.0
108.97057008743286,166.9605674147606,0.0,0.0
102.69583177566528,170.63462096452713,0.0,0.0
99.43451446294785,170.717075496912,0.0,0.0
98.40173599123955,169.9386426359415,0.0,0.0
101.80384632945061,166.30987490713596,0.0,0.0
113.39991566538811,161.3776343613863,0.0,0.0
124.62831375002861,160.64657624065876,0.0,0.0
137.5584542453289,162.7247014194727,0.0,0.0
148.70170709490776,166.17996479570866,0.0,0.0
155.43589529395103,169.2175238877535,0.0,0.0
158.74728706479073,170.79970191419125,0.0,0.0
159.98795700073242,171.96549217402935,0.0,0.0
159.95435162261128,172.09347210079432,0.0,1.0
