x,y,hover,eod
105.66444253921509,100.39695727825165,0.0,0.0
105.419213719666,97.69756782054901,0.0,0.0
106.677276737988,93.85262417793274,0.0,0.0
114.1107609346509,87.94021773338318,0.0,0.0
121.34115243703127,84.36494755744934,0.0,0.0
128.56163764744997,83.65831191837788,0.0,0.0
135.84146166592836,85.12268389761448,0.0,0.0
140.50635183602571,89.00071080029011,0.0,0.0
143.96804774552584,99.32686860859394,0.0,0.0
143.4921627342701,111.98890145123005,0.0,0.0
138.52739235758781,126.38424570858479,0.0,0.0
130.20442387461662,138.6804407387972,0.0,0.0
121.76883181929588,148.18271692097187,0.0,0.0
111.95376834273338,156.4823489934206,0.0,0.0
102.67611047625542,161.5199625045061,0.0,0.0
98.51311138272285,162.39295776188374,0.0,0.0
96.47601640224457,162.65040668845177,0.0,0.0
96.24020029231906,162.26805015653372,0.0,0.0
96.9672967158258,162.3655981682241,0.0,0.0
100.54899912700057,161.23210222646594,0.0,0.0
108.20300739631057,160.78127374127507,0.0,0.0
119.13063209876418,161.74439733102918,0.0,0.0
129.7384063564241,164.32250236347318,0.0,0.0
142.69761603698134,166.90486942604184,0.0,0.0
152.22908359393477,170.02239887788892,0.0,0.0
157.04617005214095,171.38523300364614,0.0,0.0
159.82825857028365,172.7800493426621,0.0,0.0
160.46087492629886,173.62622832134366,0.0,1.0
