x,y,hover,eod
86.58861979842186,95.07100999355316,0.0,0.0
94.2476449906826,87.25448369979858,0.0,0.0
104.16083082556725,81.80151581764221,0.0,0.0
116.40011295676231,82.21175268292427,0.0,0.0
128.32555040717125,89.99555423855782,0.0,0.0
135.50078973174095,103.69488313794136,0.0,0.0
138.43362972140312,126.06403663754463,0.0,0.0
134.53857317566872,145.60642436146736,0.0,0.0
126.86734691262245,160.11506751179695,0.0,0.0
118.48489955067635,167.86215618252754,0.0,0.0
108.42312291264534,173.592639118433,0.0,0.0
104.55537989735603,175.8947767317295,0.0,0.0
103.55467446148396,175.8848674595356,0.0,0.0
104.10019259899855,175.76642255298793,0.0,0.0
106.17501746863127,175.34507299773395,0.0,0.0
116.03247355669737,171.98612506501377,0.0,0.0
127.60602544993162,169.4241380225867,0.0,0.0
141.7713386937976,167.5401401054114,0.0,0.0
153.95437192171812,167.36333784647286,0.0,0.0
162.55464982241392,167.38879746990278,0.0,0.0
166.7783434316516,167.67993438290432,0.0,0.0
169.19039096683264,168.431526676286,0.0,0.0
170.51770400255919,168.96215590881184,0.0,0.0
170.34289978444576,169.53367511974648,0.0,0.0
169.65445026755333,169.93161018239334,0.0,1.0
