x,y,hover,eod
119.79962694644928,78.32104179263115,0.0,0.0
121.57956111431122,78.63958402723074,0.0,0.0
122.96831923723221,78.48230662941933,0.0,0.0
125.08707943558693,78.2050262875855,0.0,0.0
127.2333872616291,77.91898814216256,0.0,0.0
129.48930683732033,77.5365353114903,0.0,0.0
135.3240526020527,76.39651392772794,0.0,0.0
144.41405001282692,76.91294373199344,0.0,0.0
151.70781436562538,80.99311948940158,0.0,0.0
156.21044370532036,89.46660698577762,0.0,0.0
157.4846460223198,99.27641452476382,0.0,0.0
155.40136936306953,112.96542347595096,0.0,0.0
146.87539461255074,130.10250390693545,0.0,0.0
136.34454134106636,144.1542953364551,0.0,0.0
124.24507859349251,153.3718383423984,0.0,0.0
116.37575152516365,157.62569070979953,0.0,0.0
110.93990030884743,159.0677738301456,0.0,0.0
104.69870749115944,159.5801334567368,0.0,0.0
100.84049317240715,159.1583868227899,0.0,0.0
99.50448605418205,159.0633371025324,0.0,0.0
99.74573266878724,159.085176570341,0.0,0.0
100.48428681865335,159.34847377426922,0.0,0.0
103.00344404950738,160.09547822363675,0.0,0.0
110.92378136888146,161.91471807844937,0.0,0.0
121.29187462106347,164.60012756474316,0.0,0.0
131.52693745866418,167.18020372278988,0.0,0.0
140.51277217641473,169.90871600992978,0.0,0.0
147.91777727380395,172.99102120287716,0.0,0.0
151.45735618844628,175.1172792185098,0.0,0.0
154.86845580115914,177.4502625335008,0.0,0.0
156.41421896591783,179.12085034139454,0.0,0.0
157.20292230322957,179.99778963811696,0.0,0.0
156.87257596477866,180.50226569361985,0.0,0.0
156.41088796034455,180.5761540606618,0.0,1.0
