x,y,hover,eod
122.78722548484802,85.49916678667068,0.0,0.0
131.2501903772354,80.9316378235817,0.0,0.0
141.03745901584625,79.93335255980492,0.0,0.0
151.21000850200653,82.42242762446404,0.0,0.0
159.08149206638336,89.73529526591301,0.0,0.0
161.3390381038189,102.06061431765556,0.0,0.0
156.74283036589622,120.14185735583305,0.0,0.0
142.92266139388084,137.13176199793816,0.0,0.0
125.19016394019127,151.83718034625053,0.0,0.0
110.98288783431053,160.1906097829342,0.0,0.0
99.93458160758018,164.55970177054405,0.0,0.0
96.3084308207035,164.913851223886,0.0,0.0
96.26050982251763,164.1877237483859,0.0,0.0
98.55427939072251,163.0412324294448,0.0,0.0
107.26616043224931,160.53294082731009,0.0,0.0
118.09739607945085,160.17753647267818,0.0,0.0
128.94014853611588,162.66007082164288,0.0,0.0
138.02292424812913,166.78784535825253,0.0,0.0
146.05582791939378,172.08833323419094,0.0,0.0
149.22029930725694,174.3596878796816,0.0,0.0
151.7690472640097,176.169144526124,0.0,0.0
152.7061388231814,177.18880692124367,0.0,0.0
152.7250635959208,177.7951883673668,0.0,1.0
