x,y,hover,eod
98.00454767141491,99.24367362260818,0.0,0.0
102.04274745378643,92.98457854986191,0.0,0.0
108.76826258096844,88.2625692486763,0.0,0.0
121.34060235414654,83.28238987922668,0.0,0.0
132.41584511194378,82.04136723279953,0.0,0.0
141.49930866155773,86.23534345626831,0.0,0.0
145.34735323581845,97.64792227745056,0.0,0.0
144.5604548761621,111.46342062950134,0.0,0.0
139.37034049723297,129.23253202438354,0.0,0.0
129.5092401811853,147.00154209136963,0.0,0.0
118.83059719298035,161.00311660766602,0.0,0.0
109.85190430376679,169.12176394462585,0.0,0.0
104.34747555945069,172.87155055999756,0.0,0.0
101.90526360366493,173.41303204745054,0.0,0.0
102.04814053792506,173.21135440468788,0.0,0.0
102.6887529315427,172.82215090095997,0.0,0.0
107.60581992287189,170.66065864264965,0.0,0.0
117.98211358208209,169.0483936816454,0.0,0.0
129.3291868986562,169.02179170027375,0.0,0.0
141.5432765306905,169.95607886090875,0.0,0.0
151.8133129896596,171.2565750218928,0.0,0.0
155.94062022585422,171.85428253933787,0.0,0.0
158.72501574177295,173.3705421499908,0.0,0.0
159.67409088928252,174.23781893774867,0.0,1.0
