x,y,hover,eod
93.28069627285004,96.93253308534622,0.0,0.0
91.94138914346695,94.02344793081284,0.0,0.0
94.91329282522202,88.92289727926254,0.0,0.0
101.56972199678421,83.75137537717819,0.0,0.0
112.66611725091934,80.68804830312729,0.0,0.0
125.1887908577919,80.65491080284119,0.0,0.0
135.67193776369095,86.4705342054367,0.0,0.0
142.08458930253983,97.56386935710907,0.0,0.0
142.93209291994572,110.31741678714752,0.0,0.0
135.0066725164652,131.80381834506989,0.0,0.0
123.92035521566868,148.9689701795578,0.0,0.0
110.21193660795689,162.6437395811081,0.0,0.0
99.53583516180515,170.8284330368042,0.0,0.0
93.96752931177616,174.04394000768661,0.0,0.0
91.92466594278812,174.69369992613792,0.0,0.0
92.30388529598713,174.5342232659459,0.0,0.0
93.64688150584698,174.409502139315,0.0,0.0
98.81239168345928,173.27003463171422,0.0,0.0
111.37836329638958,170.6001256313175,0.0,0.0
125.35895578563213,168.93223105929792,0.0,0.0
140.30223362147808,168.9248191099614,0.0,0.0
152.3540412634611,170.39509552530944,0.0,0.0
158.33153776824474,172.59599420242012,0.0,0.0
161.85555927455425,174.91898986510932,0.0,0.0
163.83978195488453,176.19132968597114,0.0,0.0
164.27925143390894,176.58103658817708,0.0,0.0
164.15678868070245,176.2300860043615,0.0,1.0
