x,y,hover,eod
108.72560983896255,100.09356117248535,0.0,0.0
109.142574056983,92.0394150018692,0.0,0.0
114.65180991590023,84.54503095149994,0.0,0.0
121.87683223187923,79.71987819671631,0.0,0.0
130.45093534886837,78.05595374107361,0.0,0.0
141.6918504089117,81.49649864435196,0.0,0.0
149.00333581864834,90.3513485789299,0.0,0.0
149.76241214573383,104.16677898168564,0.0,0.0
144.90371598303318,122.7454645037651,0.0,0.0
135.38711859285831,138.36238807439804,0.0,0.0
121.62164761126041,154.0131897330284,0.0,0.0
108.55137421190739,163.43952304124832,0.0,0.0
99.55383075773716,166.29902786016464,0.0,0.0
97.06915809214115,166.4516527429223,0.0,0.0
96.92311976477504,166.12894239276648,0.0,0.0
97.4207929186523,165.56946305930614,0.0,0.0
102.5137237124145,165.30619284510612,0.0,0.0
112.95001421496272,165.69280373305082,0.0,0.0
124.13255248591304,166.54636996239424,0.0,0.0
136.03986297175288,168.59698640555143,0.0,0.0
148.13898120447993,170.98098503798246,0.0,0.0
154.946973066777,173.08757232874632,0.0,0.0
158.26381151005626,175.22209095209837,0.0,0.0
159.3178280852735,177.05213966220617,0.0,0.0
158.82483337447047,178.7314242348075,0.0,1.0
