x,y,hover,eod
120.08490180969238,89.90296840667725,0.0,0.0
130.76672172546387,85.95060288906097,0.0,0.0
139.5158407688141,86.06004524976015,0.0,0.0
147.88138246536255,90.52821476012468,0.0,0.0
150.7739839553833,100.3048886731267,0.0,0.0
148.03754395246506,113.7062706425786,0.0,0.0
140.25205498933792,129.48610443621874,0.0,0.0
130.18714433908463,142.90376085788012,0.0,0.0
115.65171605348587,156.27779740840197,0.0,0.0
105.72012490034103,162.40697164088488,0.0,0.0
101.31209766864777,163.24240405112505,0.0,0.0
99.07366281747818,162.25919473916292,0.0,0.0
99.0618305504322,160.31722653657198,0.0,0.0
103.80902460217476,156.58023852854967,0.0,0.0
112.68453946709633,154.3932094052434,0.0,0.0
122.52068391442299,155.0981256738305,0.0,0.0
132.52499571442604,158.43372736126184,0.0,0.0
141.547703653574,161.89577285200357,0.0,0.0
151.05067601799965,166.17849234491587,0.0,0.0
154.7006889283657,168.59281588345766,0.0,0.0
157.36791571974754,170.12463692575693,0.0,0.0
157.83601170778275,170.9704700484872,0.0,0.0
157.63351692259312,171.0230913758278,0.0,1.0
