x,y,hover,eod
97.65461301803589,103.56142663955688,0.0,0.0
97.18716083467007,98.12784099578857,0.0,0.0
102.97779677808285,91.12664902210236,0.0,0.0
112.3238450139761,84.88210642337799,0.0,0.0
122.53948746621609,82.00946116447449,0.0,0.0
133.653271779418,86.0343291759491,0.0,0.0
142.4788969606161,97.932284116745,0.0,0.0
143.55014948546886,115.45053148269653,0.0,0.0
139.04403834044933,133.23583149909973,0.0,0.0
130.02299217879772,148.1134262084961,0.0,0.0
118.83916048705578,159.32487034797668,0.0,0.0
107.12134985625744,167.13287019729614,0.0,0.0
95.73539404571056,170.3962134718895,0.0,0.0
92.90079443156719,170.17569986730814,0.0,0.0
93.06529350951314,169.7848422601819,0.0,0.0
93.70936528220773,169.45846171677113,0.0,0.0
97.9369844533503,168.4316540658474,0.0,0.0
109.25299778953195,167.51626329123974,0.0,0.0
122.2815467454493,168.06401742249727,0.0,0.0
135.828616771847,168.85327031463385,0.0,0.0
149.72896591201425,170.17668610066175,0.0,0.0
158.0333311893046,171.68814336508512,0.0,0.0
161.88291117921472,172.70566088706255,0.0,0.0
163.16794529929757,174.09265217930079,0.0,0.0
162.83562410995364,174.21582171320915,0.0,0.0
162.27228463068604,174.48455573618412,0.0,1.0
