x,y,hover,eod
109.1710673570633,91.06851228885353,0.0,0.0
105.57185161113739,91.15906426124275,0.0,0.0
103.44435560703278,89.88701829127967,0.0,0.0
103.02278804779053,88.74989674799144,0.0,0.0
106.5421884059906,86.0725422333926,0.0,0.0
114.75020754337311,81.24478684179485,0.0,0.0
125.96454846858978,78.71320979110897,0.0,0.0
136.04591238498688,80.4701964687556,0.0,0.0
142.03901994228363,85.68927810899913,0.0,0.0
143.16960054636002,94.46245120279491,0.0,0.0
138.96545547246933,106.52076528780162,0.0,0.0
130.48854845762253,119.76747320406139,0.0,0.0
121.3962032198906,130.23806498758495,0.0,0.0
118.76065689325333,132.190439267084,0.0,0.0
119.00729210302234,132.2081213761121,0.0,0.0
124.41413612291217,131.7511702273041,0.0,0.0
135.4356190674007,131.13269492425025,0.0,0.0
145.63024611398578,134.77394148148596,0.0,0.0
153.0572763197124,140.6907485369593,0.0,0.0
157.30475575849414,148.34040864743292,0.0,0.0
157.1352191567421,155.98589643277228,0.0,0.0
153.22722244262695,163.35237606801093,0.0,0.0
146.17462265491486,170.03879889287055,0.0,0.0
135.77017295360565,175.3718380574137,0.0,0.0
124.91448986530304,178.21832581795752,0.0,0.0
115.31968998908997,178.48143178410828,0.0,0.0
106.01065742969513,175.46783465333283,0.0,0.0
99.16036474704742,170.96035587973893,0.0,1.0
