x,y,hover,eod
102.0172258540988,85.6935555934906,0.0,0.0
102.16231670975685,84.4589591473341,0.0,0.0
104.73753359913826,82.1874653249979,0.0,0.0
112.57091191411018,76.68298472464085,0.0,0.0
121.6897442638874,76.32556264102459,0.0,0.0
130.25211837887764,77.13468265533447,0.0,0.0
135.09576228260994,79.95570611953735,0.0,0.0
137.1765663921833,88.03347539901733,0.0,0.0
132.78416004776955,102.09586453437805,0.0,0.0
125.15052643418312,117.23843288421631,0.0,0.0
120.01765337586403,126.03037309646606,0.0,0.0
118.27372235059738,128.16331934928894,0.0,0.0
118.66632082313299,128.75940848886967,0.0,0.0
122.28730269521475,128.46468237042427,0.0,0.0
132.09835835546255,129.45318621397018,0.0,0.0
141.92512460798025,133.40494167804718,0.0,0.0
150.2407146319747,139.38713145256042,0.0,0.0
155.82051166146994,148.1156702041626,0.0,0.0
156.58265844732523,155.97327303886414,0.0,0.0
152.58766577392817,163.38221144676208,0.0,0.0
145.5289278998971,170.3211761713028,0.0,0.0
137.3000221028924,175.95711421966553,0.0,0.0
126.36558339744806,179.1971493959427,0.0,0.0
115.83133742958307,179.84403458237648,0.0,0.0
107.03362510353327,178.3693779706955,0.0,0.0
102.59506986290216,175.84305119514465,0.0,0.0
100.05582705885172,172.13667851686478,0.0,1.0
