x,y,hover,eod
96.69692120328546,89.95055986940861,0.0,0.0
96.4896293617785,88.89153106510639,0.0,0.0
97.56032488122582,87.83587700128555,0.0,0.0
102.40007004514337,84.84172230958939,0.0,0.0
112.01007089391351,81.13840317726135,0.0,0.0
121.11896774545312,79.91245543956757,0.0,0.0
131.54771706834435,79.5100108012557,0.0,0.0
139.06286856904626,80.59562588483095,0.0,0.0
143.98105016723275,85.77286208420992,0.0,0.0
145.27621230855584,96.52373874932528,0.0,0.0
141.98163590207696,106.05237329751253,0.0,0.0
134.15014765039086,119.18129170686007,0.0,0.0
124.915852162987,128.47526098042727,0.0,0.0
118.62443647161126,133.3716850951314,0.0,0.0
116.30814960971475,134.8458663597703,0.0,0.0
116.9086401797831,134.34381122142076,0.0,0.0
124.44828978553414,130.5787327364087,0.0,0.0
134.45264092460275,127.96937758475542,0.0,0.0
144.78478303924203,128.95441839843988,0.0,0.0
152.86011985316873,133.42443267256021,0.0,0.0
158.84879222884774,142.14298108965158,0.0,0.0
159.81710358336568,151.66811803728342,0.0,0.0
157.559460837394,160.1435480490327,0.0,0.0
152.2637162990868,166.83426419645548,0.0,0.0
143.64923759177327,172.0790115967393,0.0,0.0
132.2154383249581,176.11782500892878,0.0,0.0
119.11490841582417,177.51204321533442,0.0,0.0
108.05790229514241,177.12417470663786,0.0,0.0
102.11846633628011,174.55383705347776,0.0,0.0
99.44350763037801,171.75582783669233,0.0,1.0
