x,y,hover,eod
97.97368161566556,96.6701038479805,0.0,0.0
98.03807235509157,95.43097260594368,0.0,0.0
99.04743298143148,92.74905982613564,0.0,0.0
103.90096529573202,88.22544398903847,0.0,0.0
116.09514459222555,83.6414695084095,0.0,0.0
126.84593900293112,84.17935299873352,0.0,0.0
134.71203311532736,88.34491807222366,0.0,0.0
137.45106502622366,95.62082904577255,0.0,0.0
135.86860089749098,109.7464479804039,0.0,0.0
130.62143831700087,123.14322251081467,0.0,0.0
124.5705494210124,133.19186109304428,0.0,0.0
121.31631641834974,137.53939646482468,0.0,0.0
120.52180393785238,138.2052928507328,0.0,0.0
121.73872470110655,137.56253625452518,0.0,0.0
129.56781386584044,134.52187682688236,0.0,0.0
140.46213983744383,133.9778255224228,0.0,0.0
149.3795990869403,137.62155133485794,0.0,0.0
155.94100355356932,144.45778387784958,0.0,0.0
158.12037049978971,151.3183977007866,0.0,0.0
157.01239398866892,157.11785691976547,0.0,0.0
151.84444419294596,163.65147668123245,0.0,0.0
143.26330295950174,169.27771109342575,0.0,0.0
131.73826924711466,172.52821791172028,0.0,0.0
119.8782264366746,173.64143113791943,0.0,0.0
111.1356305256486,173.19381180405617,0.0,0.0
107.02688656002283,172.08216901123524,0.0,1.0
