x,y,hover,eod
101.71239976584911,92.6582043170929,0.0,0.0
104.67278157174587,86.42119634151459,0.0,0.0
111.88145671784878,81.95774006843567,0.0,0.0
122.45449815690517,79.57511532306671,0.0,0.0
132.87386094033718,80.55064211785793,0.0,0.0
140.3260741084814,86.37558709084988,0.0,0.0
142.49414984881878,94.73660956323147,0.0,0.0
138.65889851748943,106.30283723771572,0.0,0.0
131.0237282961607,117.00201760232449,0.0,0.0
123.78873352706432,125.59189687669277,0.0,0.0
119.68966548144817,129.51725076138973,0.0,0.0
118.49588488042355,130.44031868875027,0.0,0.0
120.41111920773983,129.78986497223377,0.0,0.0
129.94151686131954,129.2734554708004,0.0,0.0
140.48640345036983,133.07353141903877,0.0,0.0
149.38813243806362,140.24686279892921,0.0,0.0
154.19048582017422,147.78325441479683,0.0,0.0
154.47189290821552,155.19561234116554,0.0,0.0
150.3473289757967,163.12440159916878,0.0,0.0
142.20333416759968,170.23593547940254,0.0,0.0
132.5348188430071,175.63613656163216,0.0,0.0
122.098150447011,178.1806627213955,0.0,0.0
111.59122963249683,177.894191455096,0.0,0.0
107.13500161468983,175.64412535354495,0.0,1.0
