x,y,hover,eod
100.42594946920872,94.07322323322296,0.0,0.0
100.78996438533068,92.20976969599724,0.0,0.0
104.10894501954317,88.93591067194939,0.0,0.0
114.21046126633883,82.96330353617668,0.0,0.0
123.20915747433901,79.60553249716759,0.0,0.0
134.7937374189496,78.59696654975414,0.0,0.0
138.65406561642885,79.73203717172146,0.0,0.0
139.91680700331926,88.71864913403988,0.0,0.0
136.0692136362195,102.12487100064754,0.0,0.0
127.65324223786592,116.69091342389584,0.0,0.0
120.20355869084597,126.3485568612814,0.0,0.0
117.88311157375574,128.60934300720692,0.0,0.0
118.9780556038022,128.90185809135437,0.0,0.0
126.18193257600069,127.34524255990982,0.0,0.0
136.65684688836336,126.89210834354162,0.0,0.0
146.18025351315737,129.89820661395788,0.0,0.0
153.29068709164858,135.5994671806693,0.0,0.0
156.57423485070467,144.38579799979925,0.0,0.0
155.27956012636423,152.81968178600073,0.0,0.0
149.49105147272348,161.29600527137518,0.0,0.0
141.72703687101603,169.53833701461554,0.0,0.0
134.0202832594514,174.53764232248068,0.0,0.0
123.53778723627329,177.53115507215261,0.0,0.0
114.95698992162943,177.63220956921577,0.0,0.0
108.98519340902567,175.56657335162163,0.0,0.0
104.88449577242136,171.80769017338753,0.0,1.0
