x,y,hover,eod
94.30656597018242,96.30080056190491,0.0,0.0
93.5594492405653,95.56840297579765,0.0,0.0
93.32029275596142,94.57852800190449,0.0,0.0
94.21552918851376,92.83678312599659,0.0,0.0
99.46349047124386,88.61723680794239,0.0,0.0
110.57500027120113,80.97082038223743,0.0,0.0
120.9117128700018,76.60872121155262,0.0,0.0
131.11939929425716,75.39773826301098,0.0,0.0
137.67698727548122,76.51254814863205,0.0,0.0
142.86395512521267,80.63794773817062,0.0,0.0
144.75267507135868,88.49954050779343,0.0,0.0
143.45676876604557,98.29819840192795,0.0,0.0
139.03956718742847,111.03664916753769,0.0,0.0
132.53183908760548,121.74673718214035,0.0,0.0
127.01857693493366,129.25644379854202,0.0,0.0
122.21461780369282,134.4351242184639,0.0,0.0
120.10999120771885,136.46610793471336,0.0,0.0
120.76736874878407,136.43310173228383,0.0,0.0
123.10623057186604,135.38869543746114,0.0,0.0
131.1721957474947,132.16536058858037,0.0,0.0
140.40422029793262,131.01679622009397,0.0,0.0
149.68421049416065,132.48667134717107,0.0,0.0
156.73955209553242,135.90315743163228,0.0,0.0
160.6478676944971,141.85504003241658,0.0,0.0
162.70616926252842,148.05059238150716,0.0,0.0
162.26033870130777,154.65900881960988,0.0,0.0
159.09655664116144,161.04235335066915,0.0,0.0
151.9733152166009,168.25825257971883,0.0,0.0
143.06246791034937,174.40139516070485,0.0,0.0
133.38914785534143,178.55231865122914,0.0,0.0
122.08712492138147,180.90544639900327,0.0,0.0
114.42827973514795,180.09223705902696,0.0,0.0
110.54442886263132,178.3552206195891,0.0,0.0
107.76895586401224,176.1889319755137,0.0,1.0
