x,y,hover,eod
111.24842770397663,97.75125905871391,0.0,0.0
112.53477789461613,95.59426009654999,0.0,0.0
115.263906493783,92.83092021942139,0.0,0.0
122.91525937616825,88.27765345573425,0.0,0.0
133.5614774376154,84.85633581876755,0.0,0.0
143.15739132463932,83.81325148046017,0.0,0.0
148.13875414431095,85.23616887629032,0.0,0.0
150.8563456684351,90.46152092516422,0.0,0.0
147.74463303387165,102.3661694675684,0.0,0.0
139.6212250739336,114.54068042337894,0.0,0.0
131.53949804604053,122.34317876398563,0.0,0.0
126.5771172195673,126.56896211206913,0.0,0.0
123.6792529374361,129.53442253172398,0.0,0.0
123.24702437967062,130.2770521491766,0.0,0.0
124.05471693724394,129.7441116720438,0.0,0.0
130.88518988341093,129.73236620426178,0.0,0.0
140.2898759767413,131.92188590765,0.0,0.0
148.65317713469267,138.26922744512558,0.0,0.0
154.34152077883482,144.61996227502823,0.0,0.0
156.40366297215223,152.8374496102333,0.0,0.0
155.0906878337264,159.45461839437485,0.0,0.0
151.90649595111609,164.55356270074844,0.0,0.0
146.10978867858648,168.89930218458176,0.0,0.0
136.8016156181693,172.37933337688446,0.0,0.0
126.34206023067236,173.6243923008442,0.0,0.0
116.70317616313696,171.99737712740898,0.0,0.0
110.73697652667761,169.52295392751694,0.0,0.0
104.22349538654089,164.34082239866257,0.0,0.0
100.99272217601538,159.15800005197525,0.0,1.0
