x,y,hover,eod
118.8194793984294,89.88202130794525,0.0,0.0
118.74802187178284,88.81177379190922,0.0,0.0
118.34868770185858,87.43494330346584,0.0,0.0
119.71988361421973,86.35184562206268,0.0,0.0
122.22216051165015,84.28307569026947,0.0,0.0
130.2056495482102,79.84657293558121,0.0,0.0
141.0296551520005,77.01047903299332,0.0,0.0
150.66835682932287,78.67708018422127,0.0,0.0
157.33284276071936,83.75423899292946,0.0,0.0
159.75934859458357,91.17856076359749,0.0,0.0
157.92570468131453,100.44030955433846,0.0,0.0
148.91110297385603,112.65937140583992,0.0,0.0
138.17572351638228,123.36599639058113,0.0,0.0
130.2453386420384,129.97171631455421,0.0,0.0
127.37217482272536,132.36495918035507,0.0,0.0
127.61797800753266,132.45938743837178,0.0,0.0
131.81649044249207,131.99172906018794,0.0,0.0
142.55884006712586,132.92721218802035,0.0,0.0
149.66165557596833,137.8182942364365,0.0,0.0
154.9053241321817,145.7585949394852,0.0,0.0
156.71780079696327,153.58273751474917,0.0,0.0
155.39823561999947,162.75042361952364,0.0,0.0
150.9198269257322,169.02360446192324,0.0,0.0
144.47405070159584,173.58870513178408,0.0,0.0
136.97030037734658,176.66673428751528,0.0,0.0
127.14572578761727,179.18465263582766,0.0,0.0
115.02188712451607,179.5197010729462,0.0,0.0
104.94474083278328,178.12741718627512,0.0,0.0
98.86610597465187,175.14671287871897,0.0,0.0
96.55603155586869,172.04738012887537,0.0,0.0
96.41160916630179,166.64687029458582,0.0,1.0
