x,y,hover,eod
101.09393495321274,92.5228211209178,0.0,0.0
99.29460409283638,92.03183944523335,0.0,0.0
98.26747643947601,90.74837113916874,0.0,0.0
101.71290117502213,87.44584019482136,0.0,0.0
111.10527116060257,81.40841062366962,0.0,0.0
120.8266242146492,77.58054549992085,0.0,0.0
129.63003712892532,76.76791350543499,0.0,0.0
136.25655668973923,79.52510158717632,0.0,0.0
141.37975770235062,93.56964509189129,0.0,0.0
139.75646021962166,108.72943918406963,0.0,0.0
134.78811445832253,122.68476288020611,0.0,0.0
129.20579674839973,130.50457100570202,0.0,0.0
126.02867248654366,133.76788865029812,0.0,0.0
125.25061699748039,134.1285638809204,0.0,0.0
127.10761997103691,133.1243206858635,0.0,0.0
134.9690327346325,131.95846113562584,0.0,0.0
143.45371040701866,133.7723893225193,0.0,0.0
151.85364696383476,140.17493787407875,0.0,0.0
156.69416072964668,147.16612640023232,0.0,0.0
157.85254980623722,155.6893199980259,0.0,0.0
155.53152154386044,161.76412227749825,0.0,0.0
150.49039135873318,167.51395824551582,0.0,0.0
141.03178988397121,173.95143154263496,0.0,0.0
131.0060502141714,177.90339651703835,0.0,0.0
119.93416558206081,179.2147869169712,0.0,0.0
111.5427912324667,179.24485440552235,0.0,0.0
107.56483148038387,178.4544112831354,0.0,0.0
103.83481542766094,176.24962250888348,0.0,1.0
