x,y,hover,eod
101.17985990643501,94.10771735012531,0.0,0.0
100.41863095760345,93.1879984587431,0.0,0.0
100.90442065894604,91.78218267858028,0.0,0.0
103.27398543059826,88.31699959933758,0.0,0.0
115.84632043540478,78.82076434791088,0.0,0.0
125.48242931067944,73.48920814692974,0.0,0.0
136.29270915687084,72.4982101470232,0.0,0.0
142.4474025219679,77.35707201063633,0.0,0.0
144.77047835290432,86.74173630774021,0.0,0.0
141.56615917384624,99.96210969984531,0.0,0.0
132.12637428939342,117.8067485243082,0.0,0.0
127.0418596714735,125.73834218084812,0.0,0.0
125.6242862790823,127.88501538336277,0.0,0.0
126.1663046181202,127.78493867255747,0.0,0.0
129.895095795393,127.82494426704943,0.0,0.0
141.9185709655285,128.04140591062605,0.0,0.0
151.61310431361198,132.88338505662978,0.0,0.0
157.6593756377697,141.62797235883772,0.0,0.0
159.55468651652336,152.15933465398848,0.0,0.0
157.37293165922165,162.9683079663664,0.0,0.0
150.3925035595894,172.15036534704268,0.0,0.0
140.97272795438766,179.13784825243056,0.0,0.0
128.80399745702744,183.07477914728224,0.0,0.0
116.55060333013535,184.4716287497431,0.0,0.0
105.66367906332016,183.04527931846678,0.0,0.0
99.96134442090988,180.20955675281584,0.0,0.0
97.7875083386898,176.13476955331862,0.0,1.0
