x,y,hover,eod
120.37139661610126,77.25097262859344,0.0,0.0
120.86523678153753,75.5620157122612,0.0,0.0
123.89872845262289,73.79637905955315,0.0,0.0
131.60814817994833,70.9592036306858,0.0,0.0
141.81762274354696,70.6247396916151,0.0,0.0
152.62700852006674,73.6592428535223,0.0,0.0
161.9354796037078,80.59127913415432,0.0,0.0
166.99168737977743,91.4892970174551,0.0,0.0
165.80966632813215,100.93806491792202,0.0,0.0
158.2761810347438,112.87312971055508,0.0,0.0
146.99405532330275,123.65962253510952,0.0,0.0
138.022255115211,130.44515596330166,0.0,0.0
134.70381807535887,132.08551333844662,0.0,0.0
134.7096047643572,132.41019619256258,0.0,0.0
137.54929670132697,133.46271929889917,0.0,0.0
148.13590058125556,138.57537148147821,0.0,0.0
156.653186166659,145.85550186783075,0.0,0.0
163.0716968420893,154.1691112294793,0.0,0.0
165.54118239320815,164.5447754636407,0.0,0.0
164.66584586538374,172.27378246933222,0.0,0.0
160.17293536104262,177.55111096054316,0.0,0.0
152.4638392869383,181.8832734003663,0.0,0.0
141.1897458974272,185.01143036037683,0.0,0.0
123.0664696637541,185.88060145825148,0.0,0.0
109.16684054769576,183.08946078270674,0.0,0.0
99.03104090131819,178.50986068695784,0.0,0.0
93.33021366037428,174.45257043093443,0.0,0.0
89.74257522262633,170.52627032250166,0.0,1.0
