x,y,hover,eod
120.01630565524101,85.54433463513851,0.0,0.0
119.05924497544765,85.13424026221037,0.0,0.0
118.70917531102896,83.88946028798819,0.0,0.0
119.92054598778486,83.14014779776335,0.0,0.0
122.10692631453276,81.40429081767797,0.0,0.0
132.62354957312346,78.18145575374365,0.0,0.0
145.0366591140628,77.94451469928026,0.0,0.0
155.2556883022189,80.3054025247693,0.0,0.0
162.7142380401492,85.2694254592061,0.0,0.0
165.41189598292112,91.39381880313158,0.0,0.0
163.29282703250647,99.14296204596758,0.0,0.0
155.94094099849463,108.00264532119036,0.0,0.0
145.9292167648673,116.09116370230913,0.0,0.0
136.22962298244238,122.65186125785112,0.0,0.0
131.07355775684118,125.90647841244936,0.0,0.0
129.71738608926535,127.34560201317072,0.0,0.0
131.66159959882498,128.04869952052832,0.0,0.0
139.9129864796996,129.8658669218421,0.0,0.0
150.09284707158804,134.69903530925512,0.0,0.0
157.60511370748281,141.50575401633978,0.0,0.0
162.32087882608175,149.59108056873083,0.0,0.0
163.1435821428895,157.55599262565374,0.0,0.0
161.37994880229235,164.31406082957983,0.0,0.0
156.7600598409772,170.24336936324835,0.0,0.0
149.0047320201993,174.83888091892004,0.0,0.0
137.76107991486788,178.31291707605124,0.0,0.0
125.62211716920137,179.28817408531904,0.0,0.0
114.41449726372957,177.51332151144743,0.0,0.0
104.57083488255739,173.1892462298274,0.0,0.0
98.66467977315187,169.19777857512236,0.0,0.0
94.89302182942629,165.6988270804286,0.0,0.0
92.58381123095751,162.16278242319822,0.0,1.0
