x,y,hover,eod
103.91152709722519,93.95651704072952,0.0,0.0
102.82833203673363,91.89154675602913,0.0,0.0
103.87100219726562,89.04579988121986,0.0,0.0
111.04902029037476,83.32776179909706,0.0,0.0
121.40889286994934,78.31850817799568,0.0,0.0
129.9809044599533,77.0373866558075,0.0,0.0
138.5570114850998,79.59747976064682,0.0,0.0
142.97303795814514,87.76919311285019,0.0,0.0
142.91985046118498,99.3733806014061,0.0,0.0
137.98455845564604,113.34384983778,0.0,0.0
130.23606967180967,126.06006449460983,0.0,0.0
122.24395763128996,135.45454686880112,0.0,0.0
120.33272247761488,136.90056344866753,0.0,0.0
121.15701269358397,136.47443747520447,0.0,0.0
125.7361413165927,134.6002640426159,0.0,0.0
133.90441846102476,133.8475320339203,0.0,0.0
142.78224539011717,137.5364968776703,0.0,0.0
149.5043708011508,143.69836962223053,0.0,0.0
153.06728016585112,150.59010481834412,0.0,0.0
153.56307171285152,157.60301327705383,0.0,0.0
149.99591015279293,164.20118188858032,0.0,0.0
142.49627254903316,171.5061900615692,0.0,0.0
132.68900655210018,176.33327639102936,0.0,0.0
122.30271123349667,179.0998593568802,0.0,0.0
111.50060079991817,179.854528516531,0.0,0.0
105.02111814916134,178.29951217770576,0.0,0.0
102.50356309115887,176.145995169878,0.0,1.0
