x,y,hover,eod
104.61251672357321,95.3433136343956,0.0,0.0
104.17915545403957,93.63542866706848,0.0,0.0
104.14628287777305,91.66895923018456,0.0,0.0
112.95249065384269,83.56899496912956,0.0,0.0
124.92452820762992,75.46588179469109,0.0,0.0
136.29996975883842,72.12748882174492,0.0,0.0
143.7866028212011,73.58782735466957,0.0,0.0
147.57771899923682,79.7424044907093,0.0,0.0
147.19099340960383,90.013346940279,0.0,0.0
140.5619907192886,105.90595152974129,0.0,0.0
133.63023517653346,117.70546105504036,0.0,0.0
128.6280387453735,123.12252250313759,0.0,0.0
127.1552680246532,124.75608867406845,0.0,0.0
128.61392898485065,125.29622603952885,0.0,0.0
137.80723376199603,127.25657318532467,0.0,0.0
148.8757519237697,130.68848733603954,0.0,0.0
157.09356410428882,137.72552137076855,0.0,0.0
161.34785307571292,147.31160347163677,0.0,0.0
161.32053717738017,157.54872624576092,0.0,0.0
157.22660168772563,166.0213256329298,0.0,0.0
149.64672311907634,172.7038699835539,0.0,0.0
138.6748717701994,179.09053926169872,0.0,0.0
126.82543262606487,182.91411136090755,0.0,0.0
114.32347759371623,184.66793750226498,0.0,0.0
103.91008719569072,183.747213229537,0.0,0.0
98.38478073244914,181.1603284329176,0.0,0.0
95.62117710476741,178.48879401385784,0.0,1.0
