x,y,hover,eod
106.73778229951859,72.06235933303833,0.0,0.0
104.63935309648514,70.98166550695896,0.0,0.0
103.40141327679157,69.74973830580711,0.0,0.0
104.44422954320908,67.64363500475883,0.0,0.0
107.39477211236954,64.08331188559532,0.0,0.0
119.20808726549149,58.27447387576103,0.0,0.0
134.78321009874344,56.25553581118584,0.0,0.0
149.72747379541397,59.76426634192467,0.0,0.0
159.1977053284645,67.91694137454033,0.0,0.0
163.25166070461273,82.66475173830986,0.0,0.0
157.8133555650711,102.06478926539421,0.0,0.0
146.47425377368927,119.07915207743645,0.0,0.0
136.01754868030548,129.54078885912895,0.0,0.0
133.22533869743347,131.59704911708832,0.0,0.0
134.46303130686283,131.71137710288167,0.0,0.0
144.19757010042667,133.65780462697148,0.0,0.0
159.42932368814945,138.16687544062734,0.0,0.0
170.59110762178898,147.78782625868917,0.0,0.0
175.09678335487843,160.46773334220052,0.0,0.0
172.21759827435017,172.70553131774068,0.0,0.0
163.9657303839922,182.19111462309957,0.0,0.0
149.61303324997425,191.93036218360066,0.0,0.0
129.02740807831287,198.4834726639092,0.0,0.0
108.0501207858324,200.19479383900762,0.0,0.0
92.81105609238148,196.92472149804235,0.0,0.0
85.18240900337696,190.75727512314916,0.0,0.0
82.71601484715939,183.1816058345139,0.0,1.0
