x,y,hover,eod
101.48504543304443,107.71484130620956,0.0,0.0
100.05294385552406,106.50444687902927,0.0,0.0
99.35160595178604,104.13244099915028,0.0,0.0
100.11227089166641,101.11125381290913,0.0,0.0
103.4237487912178,96.60879285633564,0.0,0.0
110.76222914457321,90.51764281094074,0.0,0.0
122.52248305082321,84.41697151958942,0.0,0.0
133.1808163523674,80.79166235029697,0.0,0.0
141.5665836930275,79.48390559852123,0.0,0.0
146.34018349647522,81.81275324523449,0.0,0.0
147.8487363755703,87.86340610682964,0.0,0.0
143.5521236360073,102.24790351092815,0.0,0.0
135.8261749446392,115.59701578319073,0.0,0.0
128.63913151621819,125.0549645870924,0.0,0.0
124.84805944561958,129.73778860270977,0.0,0.0
124.73351336270571,131.37148486077785,0.0,0.0
128.38411039859056,131.74122055619955,0.0,0.0
138.7882859185338,132.56474716216326,0.0,0.0
148.21048922091722,134.58457661420107,0.0,0.0
155.2232862189412,139.09494293481112,0.0,0.0
159.1359541490674,145.74731601029634,0.0,0.0
160.27564308792353,154.92033553868532,0.0,0.0
157.2567292228341,162.31647623330355,0.0,0.0
151.0822053924203,168.4283913448453,0.0,0.0
143.08841130882502,172.57991982251406,0.0,0.0
131.86214587837458,176.27950979024172,0.0,0.0
118.00321362167597,177.9016266539693,0.0,0.0
106.981210924685,178.03543930500746,0.0,0.0
100.62714479118586,175.98128428310156,0.0,0.0
97.78608760982752,173.87399470061064,0.0,0.0
96.45108706504107,170.5482024475932,0.0,1.0
