x,y,hover,eod
121.42089873552322,85.96772675216198,0.0,0.0
122.90322005748749,85.00991155207157,0.0,0.0
125.182945728302,83.71586729586124,0.0,0.0
131.7278391122818,81.72315438091755,0.0,0.0
143.5146051645279,79.84730084240437,0.0,0.0
152.99463093280792,81.3323665112257,0.0,0.0
158.63490641117096,84.61673115193844,0.0,0.0
160.41809901595116,89.39782683551311,0.0,0.0
159.15960296988487,97.62081329524517,0.0,0.0
153.83231326937675,106.71714548766613,0.0,0.0
143.38009878993034,117.38891606032848,0.0,0.0
134.79916259646416,125.28809015452862,0.0,0.0
131.31088003516197,127.5148234218359,0.0,0.0
131.50601085275412,127.64864745363593,0.0,0.0
133.09714909642935,127.35421043634415,0.0,0.0
141.59695085138083,128.02003678679466,0.0,0.0
149.3661093339324,131.5621882379055,0.0,0.0
155.33324178308249,137.85160359740257,0.0,0.0
158.79464145749807,143.97386786341667,0.0,0.0
160.5927873775363,151.7709147632122,0.0,0.0
157.9303128644824,161.5425908267498,0.0,0.0
152.37225960940123,167.76039597392082,0.0,0.0
145.45456361025572,172.63035234808922,0.0,0.0
138.2714570686221,176.12348970770836,0.0,0.0
127.23971974104643,177.9587897360325,0.0,0.0
116.98373090475798,177.45657973736525,0.0,0.0
106.42858754843473,176.17354118078947,0.0,0.0
100.49191247671843,174.01307635754347,0.0,0.0
97.18158673495054,172.3565078601241,0.0,0.0
95.90926792472601,170.65508418530226,0.0,1.0
