x,y,hover,eod
109.54633668065071,92.4278246536851,0.0,0.0
109.20512087643147,91.80782306194305,0.0,0.0
108.98324627429247,90.93962508440018,0.0,0.0
108.91115196049213,89.797676384449,0.0,0.0
112.50452823936939,87.12066847085953,0.0,0.0
123.03843446075916,82.25454080104828,0.0,0.0
133.37361879646778,80.14474558830261,0.0,0.0
143.96938271820545,80.33103901147842,0.0,0.0
150.82113094627857,84.59412324428558,0.0,0.0
152.3826516419649,92.40544307231903,0.0,0.0
147.60843254625797,103.95752418041229,0.0,0.0
138.3787164837122,115.39654004573822,0.0,0.0
129.51702989637852,124.9496238231659,0.0,0.0
125.27102805674076,127.57510888576508,0.0,0.0
124.05080512166023,128.30586317181587,0.0,0.0
124.83668133616447,128.6426353380084,0.0,0.0
133.34392055869102,130.45836567133665,0.0,0.0
144.395220130682,134.12123858183622,0.0,0.0
153.94084200263023,141.04342817515135,0.0,0.0
159.14919301867485,149.73430752009153,0.0,0.0
159.06873680651188,159.1035330221057,0.0,0.0
155.50145365297794,166.7502283975482,0.0,0.0
148.5161093622446,172.57475077360868,0.0,0.0
138.69897462427616,176.57341658324003,0.0,0.0
127.50467516481876,177.47333123534918,0.0,0.0
114.82532598078251,176.09517856687307,0.0,0.0
105.72776950895786,172.92018159478903,0.0,0.0
100.3560683876276,168.81718917936087,0.0,0.0
98.08769606053829,164.57219734042883,0.0,0.0
98.14012373797596,158.7243838533759,0.0,1.0
