x,y,hover,eod
107.08349514007568,91.48589226603508,0.0,0.0
106.1294921040535,89.93592801690102,0.0,0.0
106.47403034567833,88.16513928771019,0.0,0.0
112.44410309195518,82.40345332026482,0.0,0.0
123.12801632285118,77.06889781355858,0.0,0.0
133.24864181876183,74.30736038088799,0.0,0.0
143.32673582434654,74.95168763399124,0.0,0.0
147.49988678097725,81.55250269174576,0.0,0.0
146.90527918934822,95.58030086755753,0.0,0.0
140.91114762425423,110.17306405305862,0.0,0.0
131.83199647068977,123.94989448785782,0.0,0.0
123.76993599534035,133.698764026165,0.0,0.0
121.1071625649929,137.2128688097,0.0,0.0
121.34836717694998,137.93072174489498,0.0,0.0
127.90884359925985,138.26723969727755,0.0,0.0
138.7962303981185,139.14420164376497,0.0,0.0
148.5151790007949,143.80696154385805,0.0,0.0
154.71946581453085,150.86134291440248,0.0,0.0
156.65977715700865,160.01021540910006,0.0,0.0
154.70990999788046,168.03225315362215,0.0,0.0
149.65042992681265,174.7347751930356,0.0,0.0
143.62744792550802,179.4530535414815,0.0,0.0
132.86233290284872,182.54654444009066,0.0,0.0
121.49397476762533,183.01218926161528,0.0,0.0
111.68545468896627,182.1368703916669,0.0,0.0
104.22712131589651,178.35981018096209,0.0,0.0
100.94398989528418,171.64141423255205,0.0,1.0
