x,y,hover,eod
123.51494071632624,84.96784411370754,0.0,0.0
123.01071019470692,84.98469850514084,0.0,0.0
122.627052269876,84.84397773165256,0.0,0.0
122.88772081583738,84.3160142423585,0.0,0.0
124.08193228393793,83.9620864810422,0.0,0.0
128.0159199014306,82.01351244468242,0.0,0.0
135.12283561378717,80.61769415158778,0.0,0.0
140.28089878708124,80.38105937186629,0.0,0.0
144.42925331741571,82.25664349738508,0.0,0.0
149.12984964996576,84.64146526996046,0.0,0.0
151.73779276758432,89.62275000754744,0.0,0.0
150.32429990917444,100.5023047560826,0.0,0.0
145.10705647617579,111.86772080603987,0.0,0.0
137.01125321537256,122.66373249236494,0.0,0.0
132.15954241901636,128.1697544688359,0.0,0.0
130.327751763165,129.70640721265227,0.0,0.0
130.8093204498291,129.83000085223466,0.0,0.0
132.37487384676933,129.83091971371323,0.0,0.0
137.29410299658775,130.00558423344046,0.0,0.0
144.44570967555046,132.43921848479658,0.0,0.0
151.65071138739586,138.78266307059675,0.0,0.0
155.697828322649,145.23119243327528,0.0,0.0
157.17067950963974,152.61705847922713,0.0,0.0
155.38714537024498,159.9205348128453,0.0,0.0
150.75409898161888,165.85676642600447,0.0,0.0
144.8789174258709,170.22310110274702,0.0,0.0
136.6728968322277,173.30436053220183,0.0,0.0
127.36224362254143,175.63812287990004,0.0,0.0
119.02802714705467,175.7382156373933,0.0,0.0
110.69704720377922,174.49937705416232,0.0,0.0
105.79987385869026,172.53500286955386,0.0,0.0
102.80647733807564,170.7077767373994,0.0,0.0
100.35025233030319,168.53743616957217,0.0,1.0
