x,y,hover,eod
94.10549201071262,106.43768334388733,0.0,0.0
93.39600630104542,103.81175690889359,0.0,0.0
95.39857231080532,97.02038639783859,0.0,0.0
104.38404701650143,85.33806437253952,0.0,0.0
119.077153429389,73.70512479543686,0.0,0.0
130.56735537946224,70.64411395788193,0.0,0.0
137.33087681233883,74.62505066394806,0.0,0.0
138.92773665487766,86.69167244434357,0.0,0.0
134.95352633297443,103.6720153093338,0.0,0.0
127.8514189273119,122.53808343410492,0.0,0.0
124.75222952663898,129.22300720214844,0.0,0.0
124.10023920238018,130.41023427248,0.0,0.0
125.84600009024143,129.95526948571205,0.0,0.0
134.78311695158482,128.5049500465393,0.0,0.0
148.3826557546854,128.6811255812645,0.0,0.0
158.99576105177402,132.78641933202744,0.0,0.0
163.6655829101801,140.50161772966385,0.0,0.0
163.9806392788887,150.5646556019783,0.0,0.0
159.98474091291428,160.65681511163712,0.0,0.0
152.06107944250107,170.43091648817062,0.0,0.0
142.4322846531868,177.72617810964584,0.0,0.0
129.50103789567947,184.19508928060532,0.0,0.0
117.81589061021805,186.57697641849518,0.0,0.0
108.52711230516434,184.9156708419323,0.0,0.0
100.95444172620773,177.02150532603264,0.0,1.0
