x,y,hover,eod
106.14389576017857,89.40561604499817,0.0,0.0
107.37782329320908,86.78226810693741,0.0,0.0
115.27878552675247,80.65441828966141,0.0,0.0
125.75846821069717,78.13475918769836,0.0,0.0
135.2337482571602,78.68108489364386,0.0,0.0
141.5531650185585,87.1227643713355,0.0,0.0
140.08362472057343,102.10885264724493,0.0,0.0
133.7053096294403,117.60846474021673,0.0,0.0
127.31479465961456,127.86103584617376,0.0,0.0
125.03883108496666,130.88274427503347,0.0,0.0
125.94034865498543,130.9780863840133,0.0,0.0
133.51510658860207,130.48242045380175,0.0,0.0
144.49364557862282,133.3215381000191,0.0,0.0
152.9719276726246,138.36261285282671,0.0,0.0
158.3766509592533,144.0953166577965,0.0,0.0
159.05883066356182,153.79559827782214,0.0,0.0
154.4209798425436,162.0191390607506,0.0,0.0
144.93581376969814,170.38257850147784,0.0,0.0
134.9481924623251,176.0255791042,0.0,0.0
121.83039151132107,178.51060820557177,0.0,0.0
108.21271263062954,176.49218750931323,0.0,0.0
98.69986079633236,169.74235607124865,0.0,1.0
