x,y,hover,eod
91.77990931272507,101.93169492483139,0.0,0.0
90.68815517425537,100.84895040094852,0.0,0.0
90.0735065639019,98.34366078674793,0.0,0.0
93.18258079886436,90.74297960102558,0.0,0.0
101.16684409976006,80.05052860081196,0.0,0.0
110.78736278414726,71.38846571743488,0.0,0.0
123.19665643572807,66.94918538630009,0.0,0.0
132.1928581893444,68.12796722352505,0.0,0.0
137.62196752429008,77.69702266156673,0.0,0.0
137.12361063063145,95.32037328183651,0.0,0.0
133.03512360155582,112.50437568128109,0.0,0.0
127.8175785690546,123.90892098844051,0.0,0.0
125.97942914068699,128.7048275321722,0.0,0.0
125.6078911870718,130.97484271228313,0.0,0.0
127.45087037980556,130.5753454118967,0.0,0.0
136.04126404225826,130.24793802946806,0.0,0.0
146.03175412118435,130.20348324626684,0.0,0.0
157.7110279649496,134.12186070531607,0.0,0.0
164.81279443204403,141.88994928449392,0.0,0.0
167.47393856942654,150.58455630391836,0.0,0.0
165.99390204250813,158.3402554616332,0.0,0.0
162.6283245831728,165.14967127889395,0.0,0.0
156.3165831118822,172.31454595178366,0.0,0.0
143.91582365334034,179.47361870855093,0.0,0.0
132.12521786987782,184.14625986665487,0.0,0.0
119.94068379700184,187.51159860938787,0.0,0.0
110.2282899171114,189.21516089886427,0.0,0.0
104.91723771393299,189.804744489491,0.0,0.0
101.5452950745821,188.8862379565835,0.0,0.0
99.27589516341686,187.46932885795832,0.0,1.0
