x,y,hover,eod
102.91818122565746,91.22153852880001,0.0,0.0
102.9073338508606,90.45863662660122,0.0,0.0
105.9323136806488,87.31141363084316,0.0,0.0
113.5710506439209,81.09953854978085,0.0,0.0
121.83465647697449,78.14404760301113,0.0,0.0
131.3999001979828,75.94940339028835,0.0,0.0
139.465585231781,77.34159563481808,0.0,0.0
144.58977508544922,84.4747671931982,0.0,0.0
146.3015802502632,96.13607500493526,0.0,0.0
143.07241517305374,110.68943713605404,0.0,0.0
136.8101527094841,124.9223956912756,0.0,0.0
130.35317558050156,133.7403956502676,0.0,0.0
126.37491363286972,137.09708933532238,0.0,0.0
124.7890377342701,137.2188566327095,0.0,0.0
125.82959006726742,136.4670370221138,0.0,0.0
129.37480162084103,133.56374156475067,0.0,0.0
138.68202398717403,130.7752977013588,0.0,0.0
148.44076643884182,131.029032997787,0.0,0.0
155.704324349761,133.49997513741255,0.0,0.0
159.97666607797146,137.82091432064772,0.0,0.0
161.37563298642635,144.82482128590345,0.0,0.0
158.56580655276775,154.40533035248518,0.0,0.0
151.80700938403606,163.63241785019636,0.0,0.0
143.34149162471294,171.57966905087233,0.0,0.0
133.18369786441326,176.7220639511943,0.0,0.0
122.72209446132183,179.77157824486494,0.0,0.0
110.94313304126263,181.14631482213736,0.0,0.0
100.81567208468914,179.65335779637098,0.0,0.0
95.4521916359663,177.9606220945716,0.0,1.0
