x,y,hover,eod
98.71034465357661,91.85989180207253,0.0,0.0
98.50197272002697,89.72503805160522,0.0,0.0
99.90604700148106,87.28745275735855,0.0,0.0
106.24633075296879,82.19987803697586,0.0,0.0
117.67262460291386,77.76664519309998,0.0,0.0
128.05290342867374,76.2772067785263,0.0,0.0
136.39437319338322,78.4001504778862,0.0,0.0
140.99586488306522,85.62998169660568,0.0,0.0
140.1588528007269,98.44667190313339,0.0,0.0
134.3157301992178,114.27215331792831,0.0,0.0
127.83795522153378,126.45850294828415,0.0,0.0
125.3753067702055,130.64117693901062,0.0,0.0
125.32160446140915,131.43518374860287,0.0,0.0
128.81818160507828,130.37518987059593,0.0,0.0
138.44168290589005,129.45823790133,0.0,0.0
147.17628643009812,130.84018336236477,0.0,0.0
154.02273222897202,135.08073763549328,0.0,0.0
158.5462896535173,141.54116348922253,0.0,0.0
159.29496929142624,149.9926312416792,0.0,0.0
154.86396953556687,158.23377864062786,0.0,0.0
148.89332041237503,166.10664384067059,0.0,0.0
140.57115063164383,173.36724953353405,0.0,0.0
130.55854544136673,178.4896399229765,0.0,0.0
120.49884066078812,180.6910371929407,0.0,0.0
112.95607194397599,179.59504687786102,0.0,0.0
106.74399539921433,173.14328157901764,0.0,1.0
