x,y,hover,eod
117.47603398561478,87.94948515668511,0.0,0.0
117.95726620405912,87.92871918948367,0.0,0.0
118.51215475052595,87.86398129025474,0.0,0.0
118.95772107690573,87.4594238162972,0.0,0.0
120.94948091357946,85.95816013822332,0.0,0.0
129.33263161033392,83.11610130080953,0.0,0.0
140.89110829681158,81.97489616880193,0.0,0.0
149.73070480674505,84.39129007468,0.0,0.0
155.71367957443,89.90029466757551,0.0,0.0
157.74956681579351,99.08575845370069,0.0,0.0
155.6247245594859,108.811935311649,0.0,0.0
148.2084774300456,118.56769812712446,0.0,0.0
140.57884030789137,124.96421409258619,0.0,0.0
135.31176739186049,127.65872759232298,0.0,0.0
134.09402929991484,127.91693502524868,0.0,0.0
134.9688699170947,128.06729861954227,0.0,0.0
139.77500670403242,127.93371254997328,0.0,0.0
148.70045536011457,129.71204990940168,0.0,0.0
155.77639692276716,136.28552610473707,0.0,0.0
160.36718153208494,146.87892372207716,0.0,0.0
160.21234004572034,155.68257565097883,0.0,0.0
156.83972953632474,163.9434116561897,0.0,0.0
151.54056488350034,168.85467673139647,0.0,0.0
142.70855962112546,172.3624249775894,0.0,0.0
131.11434995010495,174.67213491396978,0.0,0.0
118.1992179043591,174.2504982878454,0.0,0.0
106.13671718910336,171.51691126124933,0.0,0.0
98.63985596969724,167.90716903703287,0.0,0.0
96.21932043507695,164.93310796516016,0.0,1.0
