x,y,hover,eod
108.1487392783165,91.39392766356468,0.0,0.0
107.32347445189953,89.74429163336754,0.0,0.0
107.18321862258017,87.65163007378578,0.0,0.0
113.2193875554949,82.01239588856697,0.0,0.0
124.16727902926505,76.09528902173042,0.0,0.0
136.19441511668265,74.1109048128128,0.0,0.0
149.28283932246268,76.63089323043823,0.0,0.0
156.16512539424002,82.12410140037537,0.0,0.0
157.66411023773253,91.17525446414948,0.0,0.0
152.49911206401885,107.05332148075104,0.0,0.0
142.93657677806914,122.11136209964752,0.0,0.0
133.45573681034148,131.91459047794342,0.0,0.0
129.49135291017592,134.75166636705399,0.0,0.0
129.22322011180222,134.87162473797798,0.0,0.0
132.48778140731156,134.35827161371708,0.0,0.0
144.0813449639827,135.71034754812717,0.0,0.0
154.60657870955765,140.77929224073887,0.0,0.0
161.49499392695725,148.0041738897562,0.0,0.0
164.82560491748154,156.3361069113016,0.0,0.0
164.0673293787986,164.66534937918186,0.0,0.0
158.44144961424172,172.36705328524113,0.0,0.0
149.40378984995186,178.59618391096592,0.0,0.0
137.08419880457222,182.18629951775074,0.0,0.0
121.07480964250863,182.82138313353062,0.0,0.0
109.03259596414864,180.4562043696642,0.0,0.0
98.56590590067208,176.51070560514927,0.0,0.0
92.08364626951516,173.23984499275684,0.0,1.0
