x,y,hover,eod
108.26756471395493,93.55606153607368,0.0,0.0
107.55045266449451,92.16197535395622,0.0,0.0
107.078951574862,90.74503362178802,0.0,0.0
108.37659371644258,89.09109026193619,0.0,0.0
113.04315043240786,84.92564171552658,0.0,0.0
121.78187204152346,81.5326377749443,0.0,0.0
129.64247835427523,79.79677706956863,0.0,0.0
138.8995851352811,81.28182783722878,0.0,0.0
144.63569832593203,83.42605516314507,0.0,0.0
148.52652025967836,88.53169485926628,0.0,0.0
148.92532964795828,97.9298435151577,0.0,0.0
144.86244579404593,108.06851014494896,0.0,0.0
136.50825222581625,121.35750278830528,0.0,0.0
129.38729663938284,130.44368967413902,0.0,0.0
125.88197400420904,133.55263456702232,0.0,0.0
124.55703472346067,134.49952349066734,0.0,0.0
124.63484700396657,134.58534125238657,0.0,0.0
128.2330506630242,133.180941529572,0.0,0.0
135.00109668448567,131.4301698282361,0.0,0.0
142.01132829859853,132.88713101297617,0.0,0.0
148.92350371554494,136.39763209968805,0.0,0.0
153.90461708977818,142.50273440033197,0.0,0.0
157.20469351485372,152.23801646381617,0.0,0.0
156.42792615666986,159.73863992840052,0.0,0.0
153.2446074821055,164.91519425064325,0.0,0.0
148.24673894420266,169.6135327592492,0.0,0.0
140.5233967639506,173.99645123630762,0.0,0.0
130.421354804188,177.24100682884455,0.0,0.0
120.31399968639016,177.87442166358232,0.0,0.0
112.13445249572396,176.6498176380992,0.0,0.0
106.21405306831002,175.21025653928518,0.0,0.0
102.76235881820321,173.22170551866293,0.0,0.0
99.78900435939431,170.21520253270864,0.0,1.0
