x,y,hover,eod
118.04849940538406,86.592360034585,0.0,0.0
118.11938346084207,86.22669794410467,0.0,0.0
118.31282254960388,85.89183051884174,0.0,0.0
120.31215709354728,84.88892760872841,0.0,0.0
127.91094583179802,80.33295807242393,0.0,0.0
138.2666246285662,77.47728195786476,0.0,0.0
146.83108967449516,77.9122834354639,0.0,0.0
153.03874713089317,79.89610482752323,0.0,0.0
156.06729370262474,83.96284331381321,0.0,0.0
157.47898799087852,92.79636670649052,0.0,0.0
152.58089464809746,102.60164786875248,0.0,0.0
144.4208393683657,113.7087922245264,0.0,0.0
133.97339683678,124.76509024202824,0.0,0.0
126.98424559738487,130.53992082178593,0.0,0.0
124.14371234085411,132.17815954983234,0.0,0.0
124.4255747711286,132.23977373726666,0.0,0.0
126.73380695935339,131.81199690140784,0.0,0.0
134.64732312317938,130.21602159179747,0.0,0.0
143.20002042409033,131.43883598782122,0.0,0.0
150.0277497684583,135.97568703629076,0.0,0.0
155.1757516777143,141.58895743824542,0.0,0.0
158.26618485804647,147.54918647743762,0.0,0.0
158.47434037085623,157.0196808669716,0.0,0.0
155.5128031289205,164.1401816699654,0.0,0.0
149.7188442265615,169.7975267264992,0.0,0.0
142.5349354064092,174.86406339146197,0.0,0.0
133.489008477889,178.20008737780154,0.0,0.0
123.55987720843405,179.71087826229632,0.0,0.0
115.61011724825948,179.57042584009469,0.0,0.0
107.66213767882437,178.3588130939752,0.0,0.0
102.83277206774801,177.2915791142732,0.0,0.0
99.71660488005728,175.78174875862896,0.0,0.0
98.70950364228338,171.1548201907426,0.0,1.0
