x,y,hover,eod
129.28447792770822,132.1128770223287,0.0,0.0
127.56727165135803,129.21587176739905,0.0,0.0
128.82314785468577,125.80990687336066,0.0,1.0
