x,y,hover,eod
98.50525110960007,101.47010418772697,0.0,0.0
96.87719002366066,99.905657351017,0.0,0.0
95.78198775649071,98.51707580685616,0.0,0.0
100.17755880951881,91.67617204785347,0.0,0.0
112.2849728167057,81.36083844304085,0.0,0.0
124.85157385468483,76.06096628308296,0.0,0.0
135.39931789040565,76.12556067481637,0.0,0.0
142.00363412499428,82.69951430335641,0.0,0.0
143.35605695843697,95.22554126754403,0.0,0.0
138.57050493359566,113.4500357247889,0.0,0.0
131.2747736275196,127.5085553266108,0.0,0.0
127.49669328331947,133.05523661151528,0.0,0.0
125.94144031405449,134.44911343231797,0.0,0.0
127.14659094810486,134.36364499107003,0.0,0.0
135.4391747713089,133.34924337640405,0.0,0.0
146.64149820804596,134.58461118116975,0.0,0.0
155.45422315597534,140.04336130991578,0.0,0.0
160.46589851379395,148.1728525198996,0.0,0.0
160.8804814517498,158.02283001318574,0.0,0.0
157.48984590172768,165.34904730692506,0.0,0.0
151.55692115426064,171.31240678206086,0.0,0.0
142.042728215456,176.49202955141664,0.0,0.0
129.28987458348274,179.35378951206803,0.0,0.0
116.29709556698799,180.32734927907586,0.0,0.0
106.11065343022346,178.18286684527993,0.0,0.0
100.33752635121346,172.31818464770913,0.0,1.0
