x,y,hover,eod
100.5986275523901,94.78913658857346,0.0,0.0
102.26182572543621,90.02667838335037,0.0,0.0
112.56415598094463,79.08068352937698,0.0,0.0
123.00935856997967,75.28319978713989,0.0,0.0
132.7436774224043,72.95429581403732,0.0,0.0
141.94442979991436,76.45641559362411,0.0,0.0
145.56517533957958,83.96799618005753,0.0,0.0
144.71929766237736,98.30376917123795,0.0,0.0
138.5355881601572,114.33414155244827,0.0,0.0
130.7068506628275,126.53475695848465,0.0,0.0
126.07107408344746,132.52167397737503,0.0,0.0
124.91341300308704,133.8139327764511,0.0,0.0
127.0451981574297,133.89940733648837,0.0,0.0
136.00191064178944,133.70406415872276,0.0,0.0
145.17459817230701,136.55835655145347,0.0,0.0
153.8796640187502,144.35544279031456,0.0,0.0
158.0417851358652,150.80517139844596,0.0,0.0
158.35774328559637,159.2274179738015,0.0,0.0
155.11542078107595,166.76409330777824,0.0,0.0
149.19235285371542,173.82275786809623,0.0,0.0
140.40930446237326,179.45923235826194,0.0,0.0
129.78355940431356,182.6343255918473,0.0,0.0
117.12178405374289,183.80443733744323,0.0,0.0
108.17769225686789,181.06596869044006,0.0,0.0
103.01316376775503,176.37495022825897,0.0,0.0
98.76661892980337,169.94451445154846,0.0,1.0
