x,y,hover,eod
101.26607966050506,99.19913074374199,0.0,0.0
101.57868791744113,97.50357186794281,0.0,0.0
102.71175433322787,94.58902275562286,0.0,0.0
105.9342499487102,91.41290521621704,0.0,0.0
112.7510019056499,87.04763984680176,0.0,0.0
122.91210491582751,83.51927196979523,0.0,0.0
129.65826649591327,83.83947106450796,0.0,0.0
133.34870148822665,86.75451370328665,0.0,0.0
134.36485913023353,98.00790878385305,0.0,0.0
129.6255713365972,110.23715587705374,0.0,0.0
123.85073539242148,122.2221622094512,0.0,0.0
120.55741187557578,127.36179860681295,0.0,0.0
118.6019131205976,130.81691624969244,0.0,0.0
118.1556650288403,131.75426634401083,0.0,0.0
120.57529621198773,130.78976365178823,0.0,0.0
129.76929895952344,129.38200997561216,0.0,0.0
140.08810274675488,131.25788750499487,0.0,0.0
148.62713568285108,137.63857605308294,0.0,0.0
153.7440138347447,145.24304213374853,0.0,0.0
154.84067485108972,153.46751811355352,0.0,0.0
153.24567526951432,161.50580110400915,0.0,0.0
148.55374336615205,167.20198275893927,0.0,0.0
142.1896183528006,171.30350532382727,0.0,0.0
132.1385622061789,174.00640877336264,0.0,0.0
123.77444148436189,174.10313306748867,0.0,0.0
113.44624758139253,172.34903602302074,0.0,0.0
108.65393579378724,170.74387787282467,0.0,0.0
105.02649069204926,168.00771056115627,0.0,1.0
