x,y,hover,eod
108.66610991954803,87.53831571340561,0.0,0.0
111.63905996084213,83.07505613565445,0.0,0.0
127.6761628985405,73.82550722360611,0.0,0.0
141.18352192640305,69.48007380962372,0.0,0.0
151.86660426855087,70.25962656736374,0.0,0.0
155.45545089244843,75.4904300570488,0.0,0.0
151.38326811790466,88.81697005033493,0.0,0.0
141.98040533065796,102.41536563634872,0.0,0.0
133.18440961837769,114.34286659955978,0.0,0.0
129.74060225486755,120.54712063074112,0.0,0.0
129.49731930345297,123.05595791339874,0.0,0.0
137.71968170255423,126.27573645114899,0.0,0.0
149.05705972760916,131.25434762239456,0.0,0.0
158.68674203008413,137.4331927895546,0.0,0.0
163.4789176210761,146.1947757601738,0.0,0.0
162.66537039726973,155.7938570380211,0.0,0.0
156.09739690274,167.7949852347374,0.0,0.0
144.93185787647963,176.8915302157402,0.0,0.0
131.20923905819654,183.33568876981735,0.0,0.0
116.37732773274183,186.89961767196655,0.0,0.0
104.21884685009718,187.15724466741085,0.0,0.0
96.40383809059858,184.6792217940092,0.0,0.0
92.75569676607847,177.99029259383678,0.0,1.0
