x,y,hover,eod
109.79391545057297,92.97683933377266,0.0,0.0
109.59601920098066,91.93214313685894,0.0,0.0
109.92350235581398,90.66073001921177,0.0,0.0
112.74881109595299,88.36814926564693,0.0,0.0
120.81684216856956,83.68507550656796,0.0,0.0
130.04906758666039,81.61883191764355,0.0,0.0
141.9029103219509,81.3872440867126,0.0,0.0
148.4525702893734,83.1420784406364,0.0,0.0
151.90145894885063,85.95376543328166,0.0,0.0
151.3784484565258,95.35177223011851,0.0,0.0
145.06779834628105,105.61782829090953,0.0,0.0
134.9395053088665,118.06527845188975,0.0,0.0
127.61850044131279,125.31902186200023,0.0,0.0
124.83020320534706,127.477134834975,0.0,0.0
124.51115868985653,128.44754799827933,0.0,0.0
125.19465394318104,128.44324898911873,0.0,0.0
132.03759737312794,128.08864400727907,0.0,0.0
142.4244875460863,129.01338391943136,0.0,0.0
150.55668599903584,133.28613334341208,0.0,0.0
156.67745061218739,139.2501884047524,0.0,0.0
158.79610009491444,146.49336033506552,0.0,0.0
158.47268171608448,155.6874065939919,0.0,0.0
154.6021918207407,162.52005332155386,0.0,0.0
148.96814562380314,168.13942187471548,0.0,0.0
140.61068333685398,172.51547002239386,0.0,0.0
131.58053912222385,175.4238992278115,0.0,0.0
120.93024052679539,175.76531001372496,0.0,0.0
112.63726152479649,174.3748172466294,0.0,0.0
105.02781368792057,172.26540409965673,0.0,0.0
101.19079388678074,169.79196422739187,0.0,0.0
98.61598260700703,166.79312818689505,0.0,1.0
