x,y,hover,eod
96.04520747810602,95.43269487470388,0.0,0.0
96.04454447887838,94.92754405736923,0.0,0.0
96.12540890835226,94.28733123838902,0.0,0.0
96.35798016004264,93.14753769338131,0.0,0.0
100.00136056356132,89.25192086398602,0.0,0.0
109.66747620515525,82.18857376277447,0.0,0.0
120.28335550241172,77.06500260531902,0.0,0.0
131.10109188966453,74.74607555568218,0.0,0.0
140.4136059563607,76.17325706779957,0.0,0.0
144.70544138364494,80.65940423309803,0.0,0.0
145.86794005148113,92.89612098038197,0.0,0.0
140.07349119894207,105.93795104324818,0.0,0.0
132.5344066452235,118.64291472733021,0.0,0.0
124.77679000608623,127.5868378430605,0.0,0.0
119.53800068609416,132.09580256044865,0.0,0.0
117.00523839704692,134.37461091578007,0.0,0.0
117.87945614568889,134.2118115015328,0.0,0.0
125.27723775617778,131.88956149294972,0.0,0.0
137.02194677107036,129.40279327705503,0.0,0.0
148.07545052282512,130.3389649130404,0.0,0.0
157.32060359232128,134.94588628783822,0.0,0.0
161.75576494447887,142.34280363097787,0.0,0.0
162.0056025814265,150.98353937640786,0.0,0.0
158.46563623659313,159.33265820518136,0.0,0.0
151.85083375684917,166.9881685115397,0.0,0.0
141.3111423086375,174.71662536635995,0.0,0.0
129.14132223837078,180.206714425236,0.0,0.0
116.83565483801067,182.98448786512017,0.0,0.0
107.71842227689922,182.12126680091023,0.0,0.0
100.03122852556407,179.06395025923848,0.0,0.0
94.58379851095378,174.67277892306447,0.0,1.0
