x,y,hover,eod
127.70089203119278,82.83901616930962,0.0,0.0
131.7212691307068,80.62636703252792,0.0,0.0
144.15761494636536,80.11509642004967,0.0,0.0
154.95839023590088,82.8375406563282,0.0,0.0
160.9285947084427,88.57047155499458,0.0,0.0
161.45751526206732,98.93886998295784,0.0,0.0
155.38505842536688,110.48934891819954,0.0,0.0
145.52144100517035,120.40956810116768,0.0,0.0
135.62906613200903,127.07131043076515,0.0,0.0
132.57410784810781,128.789381980896,0.0,0.0
131.6945799961686,129.49058763682842,0.0,0.0
134.55324260145426,130.61755619943142,0.0,0.0
143.64669469743967,134.7397991269827,0.0,0.0
151.42249313741922,143.45320962369442,0.0,0.0
155.83597896248102,154.53772209584713,0.0,0.0
155.95248495787382,162.6207187026739,0.0,0.0
151.83008705824614,169.16295789182186,0.0,0.0
145.25119280070066,172.96074710786343,0.0,0.0
133.1175765916705,176.55914567410946,0.0,0.0
121.76840876787901,176.20414905250072,0.0,0.0
110.79195951670408,173.43456499278545,0.0,0.0
101.32978653162718,168.74454908072948,0.0,0.0
95.5388847514987,161.84946350753307,0.0,1.0
