x,y,hover,eod
113.40520122647285,84.44335442781448,0.0,0.0
112.81733816117048,81.95502799749374,0.0,0.0
120.08799081295729,72.97244590520859,0.0,0.0
130.68815713375807,66.64764565229416,0.0,0.0
147.3856175467372,65.40446628630161,0.0,0.0
158.68568544834852,70.91302920877934,0.0,0.0
163.5030016824603,80.04451502859592,0.0,0.0
162.05660422891378,93.52865447103977,0.0,0.0
150.24298628419638,113.31539262831211,0.0,0.0
137.61757215112448,128.69655121862888,0.0,0.0
129.97685929387808,134.52222396433353,0.0,0.0
129.0068948790431,135.1932881474495,0.0,0.0
129.61661962419748,135.2359605981037,0.0,0.0
139.2086615934968,134.99349825363606,0.0,0.0
150.15528468042612,138.63302819710225,0.0,0.0
158.872121848166,146.44499771576375,0.0,0.0
163.32180527597666,155.78381948452443,0.0,0.0
162.5710134729743,166.80875592213124,0.0,0.0
155.6104730591178,176.74652628879994,0.0,0.0
144.1356765255332,184.96779851894826,0.0,0.0
129.84998931735754,190.11406831722707,0.0,0.0
115.94859232753515,191.92525036912411,0.0,0.0
102.78519024699926,189.5206198869273,0.0,0.0
95.34160127490759,184.077228683047,0.0,0.0
92.53988584131002,180.27821637969464,0.0,1.0
