x,y,hover,eod
102.15893241763115,92.24971422553062,0.0,0.0
101.34088332951069,90.58708095550537,0.0,0.0
103.11462263762951,86.27750360965729,0.0,0.0
108.89906148612499,79.74877798557281,0.0,0.0
118.4473727196455,74.94545185565948,0.0,0.0
128.8257096260786,72.80704432725906,0.0,0.0
140.55679182708263,75.35758608579636,0.0,0.0
146.14346127212048,84.94056218862534,0.0,0.0
145.72523004561663,100.06316417455673,0.0,0.0
138.84377069026232,116.90368765592575,0.0,0.0
132.2735155299306,127.56118053197861,0.0,0.0
128.12346614152193,131.61992871761322,0.0,0.0
128.93713495880365,131.68185784108937,0.0,0.0
133.78744683414698,131.69638751633465,0.0,0.0
145.6630261912942,133.8404345382005,0.0,0.0
154.46492335945368,139.2761182654649,0.0,0.0
160.22288344055414,147.29937134869397,0.0,0.0
161.3132491633296,156.52124045975506,0.0,0.0
157.38301544636488,165.51835774071515,0.0,0.0
149.33031707257032,174.42608951218426,0.0,0.0
140.07208078354597,179.75239156372845,0.0,0.0
126.87520831078291,182.85459159500897,0.0,0.0
114.61495726555586,183.4852860737592,0.0,0.0
103.7838610932231,180.03186477907002,0.0,0.0
96.49816363304853,176.19185759313405,0.0,1.0
