x,y,hover,eod
107.8251842521131,96.73608216643333,0.0,0.0
107.840152640827,95.52660304307938,0.0,0.0
107.8299776064232,94.27217575907707,0.0,0.0
109.22613519895822,92.22838717699051,0.0,0.0
112.22135681379586,89.1217987537384,0.0,0.0
119.93285078275949,85.06450998783112,0.0,0.0
130.91159362066537,80.5057965517044,0.0,0.0
141.8380441116169,78.80918326973915,0.0,0.0
148.98895580042154,80.6727269589901,0.0,0.0
150.3620928870514,87.97097298502922,0.0,0.0
147.08012822736055,99.10732600092888,0.0,0.0
137.6630372153595,114.63169547915459,0.0,0.0
129.40047744382173,124.53044208884239,0.0,0.0
126.36880937684327,127.758789986372,0.0,0.0
125.46202163863927,128.5588173121214,0.0,0.0
125.92737901676446,128.68416636437178,0.0,0.0
128.49026251304895,129.04038748890162,0.0,0.0
138.2086353348568,131.89209780842066,0.0,0.0
146.59364331234246,137.40463218837976,0.0,0.0
152.44517255295068,142.43765375763178,0.0,0.0
155.60371864307672,147.09573648124933,0.0,0.0
157.62507889140397,155.34502766281366,0.0,0.0
155.47985244262964,161.64264283329248,0.0,0.0
148.65602899063379,168.22850308567286,0.0,0.0
140.55600035656244,173.11024329811335,0.0,0.0
131.68917644489557,176.49267158657312,0.0,0.0
121.21916521061212,177.85625747591257,0.0,0.0
112.10344243515283,175.36244950443506,0.0,0.0
106.03826034534723,171.64258084446192,0.0,0.0
102.97677058447152,168.43852899223566,0.0,0.0
100.35948473680764,163.5541941896081,0.0,1.0
