x,y,hover,eod
99.9184245057404,98.87847684323788,0.0,0.0
99.83058515004814,97.73259870707989,0.0,0.0
102.28351253084838,94.66503076255322,0.0,0.0
110.50206559710205,88.1212168186903,0.0,0.0
118.98923533968627,81.8111228197813,0.0,0.0
128.5971965175122,78.02308283746243,0.0,0.0
134.24207049421966,79.6245326846838,0.0,0.0
137.93761271052063,89.45679031312466,0.0,0.0
137.26695897988975,102.94457636773586,0.0,0.0
133.73045566491783,116.83431945741177,0.0,0.0
129.045129744336,127.7242287248373,0.0,0.0
127.75446417741477,130.90217672288418,0.0,0.0
126.35550218634307,132.34921909868717,0.0,0.0
127.70569893531501,132.49510454013944,0.0,0.0
132.30308177880943,131.49556459859014,0.0,0.0
143.2896065991372,133.98569183424115,0.0,0.0
151.7631012480706,140.08703308179975,0.0,0.0
156.76861467771232,148.46633212640882,0.0,0.0
157.8195001464337,156.62605779245496,0.0,0.0
155.9608470182866,163.65229742601514,0.0,0.0
152.5430082064122,167.9688866622746,0.0,0.0
143.65873741917312,174.47210924699903,0.0,0.0
133.10108351521194,177.1432481892407,0.0,0.0
122.87294077686965,178.11027893796563,0.0,0.0
113.1463651638478,177.27031657472253,0.0,0.0
108.85870057158172,176.19276547804475,0.0,0.0
105.86366790346801,173.5853793658316,0.0,1.0
