x,y,hover,eod
94.30710509419441,106.74871462583542,0.0,0.0
93.72471179813147,105.47973248362541,0.0,0.0
93.86500660330057,103.44698014855385,0.0,0.0
99.37880996614695,94.20816484093666,0.0,0.0
107.33869079500437,85.65449598431587,0.0,0.0
117.8935182467103,81.0775685608387,0.0,0.0
126.28200832754374,83.48198029398918,0.0,0.0
131.26647774130106,91.26311871409416,0.0,0.0
132.48881813138723,104.03850290179253,0.0,0.0
129.84870370477438,121.48817154765129,0.0,0.0
127.41699066013098,129.66332885622978,0.0,0.0
126.71829577535391,131.10255974531174,0.0,0.0
127.30301193892956,130.8426493704319,0.0,0.0
130.47336302697659,128.76354503631592,0.0,0.0
140.89092813432217,124.38817608356476,0.0,0.0
151.33831463754177,124.93965464830399,0.0,0.0
158.28696988523006,129.33763670921326,0.0,0.0
163.00043188035488,138.3136157989502,0.0,0.0
163.19954980164766,149.6197657585144,0.0,0.0
158.86221934109926,160.9432475566864,0.0,0.0
152.40330565720797,168.21699965000153,0.0,0.0
144.0330683067441,172.35978263616562,0.0,0.0
133.10980428010225,175.60880142450333,0.0,0.0
123.97938121110201,175.33370585367084,0.0,0.0
116.11009705811739,171.11780048534274,0.0,1.0
