x,y,hover,eod
119.61319389939308,78.2515580356121,0.0,0.0
121.17142829298973,77.5298851877451,0.0,0.0
124.98253318667412,76.59653307497501,0.0,0.0
135.93487712740898,76.53676392138004,0.0,0.0
149.51940271258354,78.98045839369297,0.0,0.0
159.8863420188427,85.09791196882725,0.0,0.0
163.93225076794624,94.37324883043766,0.0,0.0
161.4629662334919,103.27629865705967,0.0,0.0
152.95058253407478,114.81604160368443,0.0,0.0
139.9557698071003,124.94610013067722,0.0,0.0
130.7604676783085,129.91249980032444,0.0,0.0
127.89275082945824,130.45223058760166,0.0,0.0
128.2448369562626,130.39976176433265,0.0,0.0
133.05827859044075,130.96766207925975,0.0,0.0
145.49727442860603,133.3374567758292,0.0,0.0
155.41410151124,139.9735947381705,0.0,0.0
160.97037199139595,148.40755541436374,0.0,0.0
162.2985464632511,157.6145472060889,0.0,0.0
160.7662841975689,165.0478031169623,0.0,0.0
152.4116960465908,172.16498930566013,0.0,0.0
141.69885072112083,177.56319005601108,0.0,0.0
130.14341267943382,180.12940873019397,0.0,0.0
118.00057324767113,180.3274295721203,0.0,0.0
106.45472797751427,178.0605089161545,0.0,0.0
97.11335155367851,172.65518243052065,0.0,0.0
93.2959455549717,168.59740192629397,0.0,1.0
