x,y,hover,eod
112.34419232606888,99.91229259967804,0.0,0.0
114.93154203891754,95.58773094415665,0.0,0.0
123.77189254760742,89.21977216005325,0.0,0.0
134.9710819721222,84.32025426626205,0.0,0.0
144.4332650899887,82.60596284270287,0.0,0.0
152.703662276268,83.81929823756218,0.0,0.0
155.83567506074905,90.09809145331383,0.0,0.0
155.2558006197214,100.61510571837425,0.0,0.0
148.45589472353458,112.40764746069908,0.0,0.0
139.18033553659916,123.13236245512962,0.0,0.0
130.1798809915781,130.92703768610954,0.0,0.0
125.4344175606966,133.03933703899384,0.0,0.0
125.12305371835828,133.3008334748447,0.0,0.0
128.13293390348554,132.43606917187572,0.0,0.0
136.48390226438642,130.81602818891406,0.0,0.0
145.9243171699345,132.60689191147685,0.0,0.0
153.50049965456128,138.66247348114848,0.0,0.0
157.18647711351514,146.22660629078746,0.0,0.0
157.16663001477718,154.4530474357307,0.0,0.0
154.9699812978506,161.9287770204246,0.0,0.0
147.93261049687862,168.06738786026835,0.0,0.0
139.20469163358212,172.288072925061,0.0,0.0
129.44704650342464,175.3129842095077,0.0,0.0
118.96170137822628,175.25070146284997,0.0,0.0
110.8391654342413,173.43078137002885,0.0,0.0
103.14217863976955,168.13675821386278,0.0,0.0
100.2262103408575,164.49989289604127,0.0,1.0
