x,y,hover,eod
138.1518622636795,76.85692211985588,0.0,0.0
137.45403634011745,77.69123515486717,0.0,0.0
134.972356274724,81.14973595738411,0.0,0.0
126.88391180336475,91.35051301121712,0.0,0.0
117.30241806805134,104.24278309941292,0.0,0.0
105.89071662724018,118.0149452984333,0.0,0.0
96.27410562336445,128.82328203320503,0.0,0.0
88.88939292728901,136.65156176686287,0.0,0.0
86.26301468908787,139.96896734833717,0.0,0.0
85.86193246394396,141.5805191397667,0.0,0.0
86.63335663825274,142.01010851562023,0.0,0.0
90.99461329728365,142.0637839883566,0.0,0.0
102.66049040108919,140.60633166134357,0.0,0.0
113.36253536492586,138.7278070896864,0.0,0.0
126.81840551644564,136.58194063603878,0.0,0.0
139.99137414246798,134.55494745075703,0.0,0.0
151.9921542480588,132.31115697324276,0.0,0.0
161.60642874985933,130.09213460981846,0.0,0.0
166.6288091018796,129.07605989277363,0.0,0.0
169.6219618394971,127.74424760043621,0.0,0.0
170.89832109957933,127.42222579568624,0.0,0.0
170.44088841974735,126.72215091437101,0.0,0.0
165.89538098871708,120.6290023252368,1.0,0.0
160.6049436479807,113.66185652464628,1.0,0.0
155.32693506777287,106.46973060816526,1.0,0.0
150.00374855101109,99.06059371680021,1.0,0.0
144.64033664762974,91.46011459082365,1.0,0.0
142.7724580615759,89.62714301794767,1.0,0.0
144.28004489839077,93.90030371397734,0.0,0.0
147.68072979152203,106.51494251936674,0.0,0.0
150.60989992320538,123.2267509624362,0.0,0.0
152.77030350267887,140.7319508716464,0.0,0.0
154.40303595364094,156.95339309424162,0.0,0.0
155.19145907461643,169.65132104605436,0.0,0.0
154.84755156189203,177.7569900676608,0.0,0.0
154.52317403256893,181.06596010178328,0.0,1.0
