x,y,hover,eod
99.80024678632617,76.07836508750916,0.0,0.0
99.77173968683928,78.08059775829315,0.0,0.0
99.53083477448672,86.65355110168457,0.0,0.0
99.0696296049282,104.14098167419434,0.0,0.0
97.35016583930701,121.21195459365845,0.0,0.0
95.75250982772559,136.8971242904663,0.0,0.0
95.64004445914179,145.49408221244812,0.0,0.0
96.93502689246088,147.99559795856476,0.0,0.0
101.98730255011469,148.59052313119173,0.0,0.0
111.55021930579096,148.5752848451957,0.0,0.0
122.5962462509051,147.2310707634315,0.0,0.0
133.27430153731257,145.72439051326364,0.0,0.0
144.95461011771113,142.94794595893472,0.0,0.0
153.59530652407557,141.08626655396074,0.0,0.0
158.40348775032908,139.72218117769808,0.0,0.0
161.1516051972285,138.3472851580009,0.0,0.0
158.79979694727808,131.38276374991983,1.0,0.0
155.28802687767893,122.52563334163278,1.0,0.0
151.94767201784998,113.64108956512064,1.0,0.0
148.66204554680735,104.75707448180765,1.0,0.0
145.51483953837305,95.90623832400888,1.0,0.0
142.54092241171747,86.95227182563394,1.0,0.0
139.74035496357828,78.03059435542673,1.0,0.0
137.06688071135432,69.34030211623758,1.0,0.0
136.5513806277886,75.59186495002359,1.0,0.0
136.48672925774008,87.35299504455179,0.0,0.0
137.88122030440718,103.05129683669657,0.0,0.0
138.07788661215454,122.36023343261331,0.0,0.0
138.32286006305367,137.70918524917215,0.0,0.0
138.22813585866243,154.91040385421365,0.0,0.0
138.46745294053108,169.32034886535257,0.0,0.0
138.5696821520105,179.96980345901102,0.0,0.0
138.69879732374102,184.6383959716186,0.0,0.0
138.84279164019972,186.72073430474848,0.0,0.0
139.01591929141432,186.54497289191931,0.0,1.0
