x,y,hover,eod
128.33338138461113,73.20759505033493,0.0,0.0
129.7366691827774,71.51171788573265,0.0,0.0
131.14612546563148,70.7207179069519,0.0,0.0
131.2224176414311,71.3298012316227,0.0,0.0
127.06485300138593,80.08663192391396,0.0,0.0
117.57421522215009,95.12497797608376,0.0,0.0
105.54606943204999,112.50703230500221,0.0,0.0
94.83302860334516,128.3094109594822,0.0,0.0
89.50218288972974,136.84071138501167,0.0,0.0
88.59369410946965,138.69811981916428,0.0,0.0
89.70925858989358,139.3655902147293,0.0,0.0
97.53808311000466,140.47931008040905,0.0,0.0
110.31392029300332,139.4682279229164,0.0,0.0
125.1516251899302,137.39086613059044,0.0,0.0
142.35278776660562,136.11391499638557,0.0,0.0
155.13491681590676,135.72187043726444,0.0,0.0
163.48106077685952,134.85915161669254,0.0,0.0
166.55401489511132,133.85519035160542,0.0,0.0
168.10686847940087,133.0271414667368,0.0,0.0
167.3583317436278,132.1234829723835,0.0,0.0
163.64120012894273,125.21604493260384,1.0,0.0
159.5741189159453,116.56125500798225,1.0,0.0
155.60190058127046,107.9263211786747,1.0,0.0
151.6992271579802,99.42727819085121,1.0,0.0
147.8631762303412,90.77295020222664,1.0,0.0
144.14649761095643,82.13190630078316,1.0,0.0
143.8541676737368,79.42676588892937,1.0,0.0
146.31325370445848,82.17679753899574,0.0,0.0
149.47158909216523,90.43227627873421,0.0,0.0
152.0558384694159,107.93709591031075,0.0,0.0
152.8640501089394,133.32509115338326,0.0,0.0
151.9975855834782,159.53762605786324,0.0,0.0
152.09797083213925,177.23288014531136,0.0,0.0
152.166240548715,183.91764238476753,0.0,0.0
152.81826298497617,186.10444888472557,0.0,0.0
153.15053511224687,186.53967581689358,0.0,1.0
