x,y,hover,eod
101.40952980518341,69.66504311561584,0.0,0.0
102.02872118353844,73.32791513204575,0.0,0.0
101.4553073644638,85.37646478414536,0.0,0.0
98.6930359005928,100.13362592458725,0.0,0.0
96.08101612329483,111.37722557783127,0.0,0.0
95.21769507229328,119.78177732229233,0.0,0.0
95.48098160326481,123.85790711641312,0.0,0.0
97.42101801931858,127.75059467554092,0.0,0.0
105.08760823309422,131.28419971466064,0.0,0.0
116.88962949812412,133.00464874505997,0.0,0.0
129.93816269934177,132.7442262917757,0.0,0.0
140.78997983038425,132.72538672573864,0.0,0.0
151.44826783239841,132.2640115711838,0.0,0.0
156.46864666044712,131.8779098186642,0.0,0.0
159.48385907709599,131.87416515685618,0.0,0.0
160.80421371757984,131.61348468996584,0.0,0.0
160.88631637766957,131.21882341243327,0.0,0.0
160.68750562518835,130.40440372563899,0.0,0.0
159.1910052523017,125.93264899589121,1.0,0.0
156.92918392270803,117.85735450126231,1.0,0.0
154.79738491028547,109.83996413089335,1.0,0.0
152.7325296625495,101.89891360141337,1.0,0.0
150.89645939320326,94.06640134193003,1.0,0.0
149.31536080688238,86.27016506530344,1.0,0.0
148.00230371207,78.48773262836039,1.0,0.0
146.96307788044214,70.86186371184886,1.0,0.0
147.09317891299725,68.5961431954056,1.0,0.0
147.8150196969509,71.87831974960864,0.0,0.0
148.35613606870174,79.85019780136645,0.0,0.0
147.560932174325,95.55672026611865,0.0,0.0
145.12770129740238,113.24707842804492,0.0,0.0
142.64874128997326,131.69876671768725,0.0,0.0
138.36885122954845,152.9885325524956,0.0,0.0
134.40966247022152,172.74499751068652,0.0,0.0
131.90406887233257,184.18477273918688,0.0,0.0
131.34676264971495,188.14252025820315,0.0,0.0
131.10960277169943,188.80636535026133,0.0,0.0
131.14337537344545,188.22496532835066,0.0,0.0
131.25016541127115,187.73730169422925,0.0,0.0
131.65037141088396,183.39309166558087,0.0,1.0
