x,y,hover,eod
127.8848569393158,73.01319658756256,0.0,0.0
117.19142842292786,85.75060427188873,0.0,0.0
102.8138678073883,101.57651126384735,0.0,0.0
91.25114011764526,114.50861871242523,0.0,0.0
84.35145902633667,123.23792636394501,0.0,0.0
80.18205243349075,128.82890105247498,0.0,0.0
80.58498389273882,132.33525544404984,0.0,0.0
83.24873036891222,134.29721891880035,0.0,0.0
95.36897248774767,135.8873227238655,0.0,0.0
110.32788939028978,134.2267195880413,0.0,0.0
131.86878866702318,129.7839267551899,0.0,0.0
151.3507039025426,125.59787079691887,0.0,0.0
164.93202037364244,124.32753637433052,0.0,0.0
172.7767474129796,124.18845681473613,0.0,0.0
175.85454530268908,124.34060761705041,0.0,0.0
177.4561466947198,125.09531678631902,0.0,0.0
176.64626470953226,124.6401541121304,1.0,0.0
171.49107388406992,112.62594508007169,1.0,0.0
166.498291708529,100.71139024570584,1.0,0.0
161.64787612110376,88.76184986904263,1.0,0.0
156.9545938745141,76.88778327777982,1.0,0.0
152.40700951963663,65.05950616672635,1.0,0.0
150.04333532601595,60.127884317189455,1.0,0.0
151.68484187871218,70.11178450658917,0.0,0.0
154.71426821500063,91.1808224208653,0.0,0.0
158.2702184394002,116.601671744138,0.0,0.0
160.6399402692914,143.62489419057965,0.0,0.0
161.63828781992197,166.3342614658177,0.0,0.0
160.54379499703646,183.13697891309857,0.0,0.0
158.97072172909975,193.60993700101972,0.0,0.0
158.5285756289959,196.25867741182446,0.0,1.0
