x,y,hover,eod
133.60623383522034,76.95662498474121,0.0,0.0
124.37370085716248,88.37760925292969,0.0,0.0
110.48599028587341,102.3296582698822,0.0,0.0
100.51694297790527,113.44910502433777,0.0,0.0
92.61010193824768,122.16194093227386,0.0,0.0
87.76914888620377,127.88853943347931,0.0,0.0
87.65495964884758,131.6771936416626,0.0,0.0
91.72778674960136,134.28690671920776,0.0,0.0
104.00909969210625,135.44026732444763,0.0,0.0
122.16498920321465,131.2738835811615,0.0,0.0
140.64224073290825,127.05347567796707,0.0,0.0
156.21886202692986,125.02441585063934,0.0,0.0
165.64705201983452,124.75581180304289,0.0,0.0
170.06066390872002,124.91917625069618,0.0,0.0
169.01205496490002,120.52998796105385,1.0,0.0
163.1566639393568,109.5184887945652,1.0,0.0
157.3640681952238,98.4136213362217,1.0,0.0
151.6609092205763,87.22818866372108,1.0,0.0
146.17651657760143,76.14731684327126,1.0,0.0
142.89736019074917,71.25296458601952,1.0,0.0
143.3717210367322,79.27364155650139,0.0,0.0
145.73124182969332,102.18001887202263,0.0,0.0
147.62213630229235,128.37787434458733,0.0,0.0
147.93429771065712,153.92983481287956,0.0,0.0
147.07825960218906,172.44588300585747,0.0,0.0
146.32994683086872,183.19659397006035,0.0,0.0
145.87741320580244,186.66506424546242,0.0,1.0
