x,y,hover,eod
92.03184989094734,84.55338504165411,0.0,0.0
92.1052073854953,84.18439138680696,0.0,0.0
92.3040521685034,84.32443622499704,0.0,0.0
92.2302632573992,87.37243685871363,0.0,0.0
94.77257242240012,103.98079786449671,0.0,0.0
95.67330522276461,125.62390957027674,0.0,0.0
96.19171121902764,140.94484481960535,0.0,0.0
96.30665864609182,146.69712636619806,0.0,0.0
96.7401365544647,147.68021393567324,0.0,0.0
97.34044361673295,148.04353654384613,0.0,0.0
102.20603246055543,148.27229630202055,0.0,0.0
115.89404482208192,147.05264639109373,0.0,0.0
129.62714094482362,145.03871332854033,0.0,0.0
142.94871587119997,144.0536132082343,0.0,0.0
152.69555825553834,143.9033778384328,0.0,0.0
158.0775715764612,144.27118595689535,0.0,0.0
161.0442783292383,144.2893811315298,0.0,0.0
163.34802899323404,144.1720375791192,0.0,0.0
164.09326117299497,144.0353477653116,0.0,0.0
163.7316025402397,143.9261167589575,0.0,0.0
160.76781462691724,139.35508185066283,1.0,0.0
157.90241222642362,131.60959058441222,1.0,0.0
155.09205560944974,123.87187474407256,1.0,0.0
152.33352135680616,116.24009662307799,1.0,0.0
149.7449896838516,108.56488698162138,1.0,0.0
147.2806533779949,100.77185207046568,1.0,0.0
144.95392512343824,92.90260427631438,1.0,0.0
142.70381089113653,84.98577647842467,1.0,0.0
140.45079227350652,76.96324282325804,1.0,0.0
138.2467588391155,68.88422423042357,1.0,0.0
136.27547483704984,60.965975457802415,1.0,0.0
136.9440000858158,63.44886743463576,0.0,0.0
137.51731596700847,67.17154049314559,0.0,0.0
138.5211151074618,85.11707090772688,0.0,0.0
138.92939589731395,110.56304001249373,0.0,0.0
139.08335547707975,136.41997122205794,0.0,0.0
138.17431468330324,158.47479128278792,0.0,0.0
136.77876252494752,174.7108390275389,0.0,0.0
136.67850836925209,187.50071191228926,0.0,0.0
136.4941331539303,193.93381440080702,0.0,0.0
136.4851424684748,195.94688915647566,0.0,0.0
136.62797230575234,195.5069433245808,0.0,0.0
136.71275015268475,195.05953413434327,0.0,1.0
