x,y,hover,eod
129.2247503772378,68.31649686396122,0.0,0.0
129.52896426990628,68.69385886192322,0.0,0.0
129.33921821042895,70.5434522330761,0.0,0.0
125.63644863292575,80.38798126578331,0.0,0.0
119.59393061324954,90.52428635954857,0.0,0.0
111.2637583129108,103.3745125234127,0.0,0.0
100.10692275688052,117.567761272192,0.0,0.0
94.77773345634341,125.6901738345623,0.0,0.0
93.30860860273242,129.11115083098412,0.0,0.0
93.58660922944546,130.31464125216007,0.0,0.0
98.01468805968761,131.76371763646603,0.0,0.0
110.18914894759655,132.99807208776474,0.0,0.0
122.78219179809093,133.47142524272203,0.0,0.0
136.4833696335554,133.1611390337348,0.0,0.0
147.87626104056835,133.36023538559675,0.0,0.0
155.9358878582716,133.26385568082333,0.0,0.0
160.4833613485098,133.48136748373508,0.0,0.0
162.84070314466953,132.32251289486885,0.0,0.0
163.0449095144868,131.75767063349485,0.0,0.0
162.44100330024958,131.0972757562995,0.0,0.0
159.99911380559206,127.36944153159857,1.0,0.0
157.33427239209414,119.1928054317832,1.0,0.0
154.7897536829114,111.07018425315619,1.0,0.0
152.2810826972127,102.94951512664557,1.0,0.0
149.83369735628366,94.92494418472052,1.0,0.0
147.391521461308,87.06702365726233,1.0,0.0
144.9974715486169,79.24323811382055,1.0,0.0
144.27973990887403,79.80668655782938,1.0,0.0
144.39752784185112,84.51209685951471,0.0,0.0
144.1984564680606,97.18444726616144,0.0,0.0
143.65318963862956,111.06178662925959,0.0,0.0
142.0211252067238,129.05970475822687,0.0,0.0
139.22480339743197,146.15443728119135,0.0,0.0
134.6575182173401,165.73061964660883,0.0,0.0
131.90821046568453,178.6658372655511,0.0,0.0
131.3746379557997,185.24168930202723,0.0,0.0
131.36595006892458,187.43674463778734,0.0,0.0
131.8508577705361,187.77012868970633,0.0,0.0
132.02836688468233,187.4674333743751,0.0,1.0
