x,y,hover,eod
141.92824744433165,75.31868867576122,0.0,0.0
141.87567798234522,75.66409088671207,0.0,0.0
140.75670210458338,77.38787822425365,0.0,0.0
134.08112911321223,86.34407810866833,0.0,0.0
125.14696148969233,96.83997802436352,0.0,0.0
109.84840897656977,112.20920018851757,0.0,0.0
96.06639174558222,125.98295025527477,0.0,0.0
88.77004531957209,133.18976573646069,0.0,0.0
86.34197277761996,135.51153995096684,0.0,0.0
85.7880624923855,136.35184206068516,0.0,0.0
87.0125737581402,137.01292552053928,0.0,0.0
91.05673549510539,137.79998131096363,0.0,0.0
102.38218424655497,137.29811783879995,0.0,0.0
115.97694275714457,136.2660064920783,0.0,0.0
129.71189258433878,134.84778758138418,0.0,0.0
147.8535294327885,132.8011867031455,0.0,0.0
160.01268146373332,131.3115679845214,0.0,0.0
166.97681186534464,130.43812226504087,0.0,0.0
169.86613152362406,130.22900296375155,0.0,0.0
172.12696356512606,129.2090274952352,0.0,0.0
172.01951145008206,128.53993056342006,0.0,0.0
171.08302122727036,127.5422159396112,1.0,0.0
168.22601443901658,118.93106436356902,1.0,0.0
165.37389582768083,110.32335555180907,1.0,0.0
162.52079850807786,101.66083609685302,1.0,0.0
159.77815902605653,92.99411987885833,1.0,0.0
157.32920667901635,84.42726051434875,1.0,0.0
156.66558093205094,86.25134428963065,1.0,0.0
155.9575288631022,92.023292388767,0.0,0.0
154.90129149332643,105.64857563003898,0.0,0.0
154.85697070881724,126.51226362213492,0.0,0.0
153.88756754621863,150.609398689121,0.0,0.0
152.79521728679538,166.75469955429435,0.0,0.0
152.22466568276286,176.31077548488975,0.0,0.0
151.95224529877305,180.68543693050742,0.0,1.0
