x,y,hover,eod
104.24312488734722,75.42652405798435,0.0,0.0
104.48554547131062,75.8495905995369,0.0,0.0
104.43831080198288,76.86820425093174,0.0,0.0
104.43000385165215,84.94490422308445,0.0,0.0
100.73825725913048,100.44928826391697,0.0,0.0
96.69554063677788,116.91795863211155,0.0,0.0
93.3131597340107,129.4232288748026,0.0,0.0
91.61224746704102,135.35068668425083,0.0,0.0
90.96513369679451,137.96076245605946,0.0,0.0
90.97717720642686,140.1168354600668,0.0,0.0
92.51546401157975,140.98662860691547,0.0,0.0
95.31405109539628,142.29093469679356,0.0,0.0
103.73203415051103,141.5658138692379,0.0,0.0
115.32681364193559,139.79076623916626,0.0,0.0
129.34299606457353,138.3019880950451,0.0,0.0
141.5531088747084,137.28640735149384,0.0,0.0
151.42838019505143,136.55675061047077,0.0,0.0
157.0617087520659,135.78756414353848,0.0,0.0
161.1989750303328,135.027022883296,0.0,0.0
163.75976223126054,134.5724581554532,0.0,0.0
165.2933256663382,134.024019241333,0.0,0.0
165.85287391766906,133.4866615384817,0.0,0.0
165.33836211636662,131.20211847126484,1.0,0.0
162.95687209442258,124.40963931381702,1.0,0.0
160.72121407464147,117.76070423424244,1.0,0.0
158.46260975673795,111.35331876575947,1.0,0.0
156.18334140256047,104.97888453304768,1.0,0.0
154.28811456635594,99.41055603325367,1.0,0.0
152.71005238965154,94.23211760818958,1.0,0.0
151.2967885620892,89.28018040955067,1.0,0.0
149.9290142543614,84.57578428089619,1.0,0.0
148.70002764835954,79.96096380054951,1.0,0.0
147.8703171350062,76.97019584476948,1.0,0.0
147.78770721144974,77.07619735971093,0.0,0.0
147.64973917603493,77.24587192758918,0.0,0.0
147.76737358048558,77.91657274588943,0.0,0.0
147.41811219230294,79.14435027167201,0.0,0.0
146.6774231530726,82.58720157667994,0.0,0.0
144.46932691708207,93.78091571852565,0.0,0.0
142.18537468090653,106.68701050803065,0.0,0.0
140.28187531605363,121.54023287817836,0.0,0.0
138.82317263260484,134.62563989683986,0.0,0.0
138.18309876695275,145.32294867560267,0.0,0.0
137.05939132347703,156.32239220663905,0.0,0.0
136.85592461004853,165.17889199778438,0.0,0.0
137.13286485150456,171.51131926104426,0.0,0.0
136.88099905475974,176.16501657292247,0.0,0.0
136.83310493454337,178.2906929962337,0.0,0.0
137.01304440945387,180.85797322914004,0.0,0.0
137.21517450734973,181.67691452428699,0.0,0.0
137.3949196524918,181.52216592803597,0.0,0.0
137.5760991834104,181.13308826461434,0.0,0.0
137.6514548957348,180.7257399521768,0.0,0.0
137.17650090903044,178.82489493116736,0.0,1.0
