x,y,hover,eod
116.36175122857094,85.11641043424606,0.0,0.0
115.77619720995426,87.30759400129318,0.0,0.0
115.35201352834702,92.01673525571823,0.0,0.0
113.84415340423584,99.14355593919754,0.0,0.0
109.5164332985878,112.10283833742142,0.0,0.0
104.59811460971832,125.37424284219742,0.0,0.0
99.22485959529877,138.054192841053,0.0,0.0
95.15013229846954,147.0902093052864,0.0,0.0
94.05097831785679,150.36916601657867,0.0,0.0
93.24971874058247,153.02081990242004,0.0,0.0
94.41664968430996,153.90402960777283,0.0,0.0
96.92467425763607,154.97100177407265,0.0,0.0
101.19373147189617,154.1109545826912,0.0,0.0
110.00216071307659,151.71462106704712,0.0,0.0
120.93078796565533,147.93059039115906,0.0,0.0
132.9119152277708,143.73848366737366,0.0,0.0
144.1377419680357,139.74329459667206,0.0,0.0
152.62577538192272,136.76083850860596,0.0,0.0
157.5272825807333,135.2363455593586,0.0,0.0
161.61733184754848,134.29993975162506,0.0,0.0
163.85351975262165,134.03136530146003,0.0,0.0
164.49324567615986,134.20998477563262,0.0,0.0
164.31560902670026,134.18008196353912,0.0,0.0
161.09027950838208,130.93070793151855,1.0,0.0
157.13743625953794,124.9518131017685,1.0,0.0
153.2302921898663,118.80458164215088,1.0,0.0
149.4656374938786,112.70040142536163,1.0,0.0
145.70133178308606,106.64859402179718,1.0,0.0
141.8774160631001,100.57151424884796,1.0,0.0
137.87938206270337,94.51799499988556,1.0,0.0
134.75927500799298,90.5064069032669,1.0,0.0
135.34116207435727,95.41643399000168,0.0,0.0
137.044214297086,104.85849636793137,0.0,0.0
139.46182756498456,115.31657594442368,0.0,0.0
142.4754044301808,129.3224956393242,0.0,0.0
143.67278351262212,142.69042509794235,0.0,0.0
144.04577220603824,154.41845673322678,0.0,0.0
143.97499530855566,164.1194285750389,0.0,0.0
143.81915441993624,168.2559557557106,0.0,0.0
144.67641434911638,171.03770661354065,0.0,1.0
