x,y,hover,eod
87.67061448842287,65.08175587654114,0.0,0.0
87.4841168820858,64.19336108863354,0.0,0.0
87.67599341645837,64.1432956084609,0.0,0.0
89.04284772649407,70.18353971093893,0.0,0.0
90.14540788903832,88.93646391481161,0.0,0.0
90.60251076892018,106.44148858636618,0.0,0.0
90.34431909397244,125.2989295348525,0.0,0.0
89.87716277316213,133.79560264199972,0.0,0.0
90.09623282775283,136.82760956138372,0.0,0.0
90.94241523370147,138.6974580809474,0.0,0.0
93.41170811280608,139.46515137702227,0.0,0.0
105.42271041497588,139.15659992396832,0.0,0.0
119.3880011998117,136.31053744256496,0.0,0.0
135.35820269212127,134.11441622674465,0.0,0.0
147.82174253091216,133.67881121486425,0.0,0.0
158.97535466775298,133.60342041030526,0.0,0.0
164.36105692014098,134.52670246735215,0.0,0.0
166.9585847221315,134.59156018588692,0.0,0.0
168.59289013966918,134.7460300931707,0.0,0.0
168.8736946992576,134.5413025552407,0.0,0.0
168.4685522429645,133.98009345773607,0.0,0.0
166.1924788467586,129.8767800712958,1.0,0.0
162.98583955690265,121.80215553287417,1.0,0.0
159.8649615161121,114.06200603488833,1.0,0.0
156.71759368106723,106.38477519992739,1.0,0.0
153.69046033546329,98.88658837322146,1.0,0.0
150.82068653032184,91.47533313278109,1.0,0.0
148.11313570663333,84.11178306583315,1.0,0.0
145.54239482805133,76.72938541416079,1.0,0.0
143.10392202064395,69.34786693099886,1.0,0.0
140.754099201411,62.04365030769259,1.0,0.0
138.60916988179088,54.85932306293398,1.0,0.0
137.68785358592868,51.60787776950747,1.0,0.0
137.62693421635777,51.26507674250752,0.0,0.0
137.5351121807471,50.92849471513182,0.0,0.0
138.26442813221365,55.19992896262556,0.0,0.0
140.56764622870833,68.86676260177046,0.0,0.0
141.29799147788435,83.85743447486311,0.0,0.0
140.58453781250864,102.0890648001805,0.0,0.0
139.92599701229483,123.28802415076643,0.0,0.0
138.37696512881666,142.41450139228255,0.0,0.0
137.34666062239558,158.17093917075545,0.0,0.0
136.38755580130965,172.35001512710005,0.0,0.0
135.24149125162512,185.5910725230351,0.0,0.0
134.07883649412543,196.93476983252913,0.0,0.0
133.66926600877196,202.6263613337651,0.0,0.0
133.5343717848882,204.89765086118132,0.0,0.0
133.59501068200916,205.19830391649157,0.0,0.0
133.73098852764815,205.02032679412514,0.0,0.0
133.7543313736096,204.6235055932775,0.0,0.0
133.7632656628266,204.35984610486776,0.0,0.0
133.49581749830395,203.72445522714406,0.0,0.0
133.17703300807625,202.20952837634832,0.0,1.0
