x,y,hover,eod
101.33954538404942,73.21464414894581,0.0,0.0
101.67573461681604,73.40862880647182,0.0,0.0
101.96682723611593,74.58320091664791,0.0,0.0
102.58135663717985,85.08721064031124,0.0,0.0
101.74535269290209,96.66006039083004,0.0,0.0
100.29079029709101,110.2933616489172,0.0,0.0
98.03425470739603,125.98459313809872,0.0,0.0
97.56706590205431,136.04903648793697,0.0,0.0
97.68689099140465,139.78978614509106,0.0,0.0
98.17217531986535,142.03796456754208,0.0,0.0
99.6618956644088,143.42738161981106,0.0,0.0
106.15197482891381,143.7916921377182,0.0,0.0
117.70926061458886,142.53455805778503,0.0,0.0
128.68014636822045,140.51489490270615,0.0,0.0
139.20224014110863,138.92606261372566,0.0,0.0
149.4684940893203,137.8309251666069,0.0,0.0
154.79938152618706,137.62300408631563,0.0,0.0
158.08444056101143,136.7435792759061,0.0,0.0
158.96013285405934,136.18975988775492,0.0,0.0
157.88838173635304,132.86562374979258,1.0,0.0
155.29823328740895,124.89883951097727,1.0,0.0
152.78316135890782,116.80322877317667,1.0,0.0
150.37664826400578,108.4940140619874,1.0,0.0
147.98312883265316,100.30976883322,1.0,0.0
145.70626254566014,92.2105758562684,1.0,0.0
143.54100595600903,84.05694178491831,1.0,0.0
141.6128463614732,76.0323464050889,1.0,0.0
140.03524045832455,68.27758482843637,1.0,0.0
140.09124840982258,67.38733350485563,0.0,0.0
140.23862491734326,67.63632393628359,0.0,0.0
141.52311320789158,73.22070337086916,0.0,0.0
142.03198592551053,92.62938118726015,0.0,0.0
140.48789929039776,114.81435633450747,0.0,0.0
138.23448236472905,143.2862410619855,0.0,0.0
135.24964775331318,167.5578532293439,0.0,0.0
134.21712997741997,182.6041612699628,0.0,0.0
133.8106860537082,189.2377541139722,0.0,0.0
133.6489240769297,190.5802217796445,0.0,0.0
133.7514244709164,189.8243646249175,0.0,1.0
