x,y,hover,eod
107.89580731838942,93.48399856686592,0.0,0.0
107.92189452983439,93.05610244721174,0.0,0.0
107.2359744105488,95.4056546613574,0.0,0.0
101.87210831977427,110.80216263979673,0.0,0.0
95.16591999866068,124.68330239504576,0.0,0.0
89.83586464263499,139.63360404223204,0.0,0.0
86.47697840072215,148.4529838487506,0.0,0.0
85.8989948052913,152.05023651570082,0.0,0.0
86.83108136244118,154.26175286620855,0.0,0.0
90.0056399423629,156.1047144755721,0.0,0.0
101.21687546558678,156.9285578802228,0.0,0.0
116.55662074871361,154.8846728876233,0.0,0.0
133.798443229869,153.03923887759447,0.0,0.0
148.6519910413772,152.2665004208684,0.0,0.0
158.97882238216698,152.42608319595456,0.0,0.0
164.08844962902367,152.84111465886235,0.0,0.0
167.03406498022377,152.4925620444119,0.0,0.0
169.53406974859536,151.92260376736522,0.0,0.0
170.62134683318436,151.24793119356036,0.0,0.0
170.66405842266977,149.9448110871017,0.0,0.0
169.6555622126907,145.375094037503,1.0,0.0
167.61000083945692,136.8585690073669,1.0,0.0
165.61144413612783,128.3044382147491,1.0,0.0
163.88517024181783,122.03765235468745,1.0,0.0
162.20428737066686,116.60832963511348,1.0,0.0
160.63549013994634,111.37528560683131,1.0,0.0
159.00697650574148,106.09644256159663,1.0,0.0
157.45523290894926,100.8472164683044,1.0,0.0
156.01268219016492,95.65593085810542,1.0,0.0
154.57397060655057,90.23409865424037,1.0,0.0
153.177593966946,84.82703230902553,1.0,0.0
151.9861015137285,79.28295753523707,1.0,0.0
151.6615680065006,77.12605200335383,1.0,0.0
151.93281563185155,77.63930383697152,0.0,0.0
152.2895634006709,78.15610836818814,0.0,0.0
152.67549513094127,78.95738016441464,0.0,0.0
152.33693653903902,81.44494112208486,0.0,0.0
150.12044305168092,91.29859681800008,0.0,0.0
147.20313305221498,102.63557549193501,0.0,0.0
143.0687078293413,116.2123977728188,0.0,0.0
139.3848305400461,129.48554630950093,0.0,0.0
136.3033988531679,141.2331747598946,0.0,0.0
134.07402629218996,150.65064902976155,0.0,0.0
132.6754466649145,157.65461202338338,0.0,0.0
131.19440594874322,163.98199792578816,0.0,0.0
129.5056203957647,170.0707780905068,0.0,0.0
128.36783433519304,174.42569251731038,0.0,0.0
127.78659360669553,177.2744056172669,0.0,0.0
127.57488381303847,178.85530259087682,0.0,0.0
127.56160591449589,179.34058747813106,0.0,0.0
127.62029079440981,179.33511649235152,0.0,0.0
127.84556915704161,179.23471257067285,0.0,0.0
128.05949000362307,179.0065887568053,0.0,0.0
127.88883214537054,178.34683224535547,0.0,1.0
