x,y,hover,eod
118.25549128651619,70.70898240804672,0.0,0.0
118.55599557235837,70.48719758540392,0.0,0.0
119.30675138905644,70.38726272433996,0.0,0.0
119.4344602636993,77.00156035274267,0.0,0.0
118.46617103740573,90.02329053729773,0.0,0.0
111.93278731033206,106.08531179279089,0.0,0.0
102.79035867378116,124.49634375423193,0.0,0.0
96.21312500163913,138.99027290195227,0.0,0.0
94.23059703037143,144.33201374858618,0.0,0.0
93.08777437731624,144.9244819432497,0.0,0.0
93.750343631953,144.93095303792506,0.0,0.0
96.26903922483325,144.8162651238963,0.0,0.0
103.79755766317248,143.6915856031701,0.0,0.0
116.31177456304431,141.77777716796845,0.0,0.0
130.03045947477221,140.09011546056718,0.0,0.0
142.3462978117168,139.76145254354924,0.0,0.0
152.80171186849475,139.60229903366417,0.0,0.0
157.55844772979617,139.15525160636753,0.0,0.0
160.76389790698886,138.53821031656116,0.0,0.0
162.70930708572268,138.0726898452267,0.0,0.0
163.40409622713923,137.55848344322294,0.0,0.0
163.132673997432,136.60290766414255,0.0,0.0
161.73254658654332,134.43510342296213,1.0,0.0
159.8910958059132,126.91337514575571,1.0,0.0
158.2037221379578,119.47849977668375,1.0,0.0
156.62831296399236,111.94351542647928,1.0,0.0
155.1872882731259,104.41237676795572,1.0,0.0
153.83261730149388,96.85699034389108,1.0,0.0
152.5287643559277,89.40454948600382,1.0,0.0
151.33748580887914,82.13796544726938,1.0,0.0
150.44881162419915,75.0613449877128,1.0,0.0
150.37509517930448,72.86461222823709,1.0,0.0
150.49001495540142,73.52300371881574,0.0,0.0
150.3150404728949,74.3792365854606,0.0,0.0
151.3516494370997,85.03447640594095,0.0,0.0
150.8346294350922,98.67968547996134,0.0,0.0
149.7387037910521,117.63758052047342,0.0,0.0
146.8796796835959,142.7873574560508,0.0,0.0
143.50266051664948,163.47861636336893,0.0,0.0
141.6090368963778,176.6010247534141,0.0,0.0
140.50456469133496,183.39992035087198,0.0,0.0
140.13506089523435,185.7311326628551,0.0,0.0
140.10439340677112,185.57385716494173,0.0,0.0
140.12689014151692,185.08827928360552,0.0,0.0
138.97929636016488,183.77311799582094,0.0,0.0
136.73743111267686,179.2840403681621,0.0,1.0
