x,y,hover,eod
112.80814284086227,72.61395478248596,0.0,0.0
111.81052336096764,76.26615577936172,0.0,0.0
107.72869178652763,87.96231561899185,0.0,0.0
99.35204276442528,107.44971567392349,0.0,0.0
89.30442342162132,127.39330583810806,0.0,0.0
83.64887544512749,139.91872721910477,0.0,0.0
82.60408455133438,144.50671428442,0.0,0.0
83.42578837275505,145.98565438389778,0.0,0.0
94.42079135775566,146.05049872398376,0.0,0.0
110.3460747897625,142.40295255184174,0.0,0.0
129.8584813773632,135.9074147939682,0.0,0.0
148.2776708304882,130.76384389400482,0.0,0.0
160.7726592719555,127.96928548812866,0.0,0.0
169.0450174510479,125.60850256681442,0.0,0.0
172.10083523392677,124.47211073338985,0.0,0.0
174.6077305972576,123.24848474562168,0.0,0.0
175.1904938519001,123.01856480166316,0.0,0.0
171.5179274380207,120.16290716454387,1.0,0.0
164.9334810078144,111.28311805054545,1.0,0.0
158.6119786798954,102.18337885662913,1.0,0.0
152.37150111794472,93.0308871679008,1.0,0.0
146.15855076909065,83.85672382637858,1.0,0.0
139.9200043976307,74.46357003971934,1.0,0.0
133.64875295758247,64.643410962075,1.0,0.0
130.3914354145527,59.96631793305278,1.0,0.0
132.89555022120476,67.0661061219871,0.0,0.0
138.461138099432,83.96479181572795,0.0,0.0
145.2080816924572,105.62347225472331,0.0,0.0
149.9849251806736,128.81012968346477,0.0,0.0
153.95234981179237,150.41307501122355,0.0,0.0
156.32981353998184,167.49343685433269,0.0,0.0
158.2400661110878,183.35255913063884,0.0,0.0
158.8557347804308,192.55970172211528,0.0,0.0
158.92423648480326,195.8475398235023,0.0,0.0
158.55710186157376,196.7088208310306,0.0,0.0
158.34826670680195,196.1471124328673,0.0,0.0
158.23467182088643,192.9954119361937,0.0,1.0
