x,y,hover,eod
106.92292322218418,75.38058346509933,0.0,0.0
106.9224267154932,74.84262673556805,0.0,0.0
107.17632149159908,75.00441279634833,0.0,0.0
105.20278503000736,84.8033222220838,0.0,0.0
100.38967926800251,102.2835799716413,0.0,0.0
94.3822159320116,120.46251502260566,0.0,0.0
90.36606957018375,133.30006804689765,0.0,0.0
88.3888568431139,142.7674862407148,0.0,0.0
87.68629898130894,145.61523046717048,0.0,0.0
88.1912738904357,147.98200454935431,0.0,0.0
89.74838950484991,149.35181107744575,0.0,0.0
96.64858140796423,149.88738876208663,0.0,0.0
109.00781907886267,146.80841606482863,0.0,0.0
121.85283341258764,141.01375859603286,0.0,0.0
139.33860697597265,134.7662953697145,0.0,0.0
150.67912258952856,130.81769597157836,0.0,0.0
159.2125008329749,128.23132675513625,0.0,0.0
162.79609718173742,126.93047773465514,0.0,0.0
166.30300798267126,125.86726900562644,0.0,0.0
169.03596349805593,124.8841868005693,0.0,0.0
170.1101282313466,124.70422903448343,0.0,0.0
169.9144548252225,124.4433039650321,0.0,0.0
168.19085241109133,122.27409275621176,0.0,0.0
163.68812174350023,114.70948787778616,1.0,0.0
159.90224809199572,107.71871062368155,1.0,0.0
156.08156473189592,100.58387609571218,1.0,0.0
152.3482298925519,93.4419879540801,1.0,0.0
148.5978904440999,86.19993241876364,1.0,0.0
144.84146804362535,78.72823866456747,1.0,0.0
141.10949755460024,71.17341312021017,1.0,0.0
137.4671623185277,63.21634563058615,1.0,0.0
133.91796202212572,54.859545551240444,1.0,0.0
132.7161285355687,53.12975721806288,1.0,0.0
133.83171767741442,58.42203336209059,0.0,0.0
136.1588169708848,70.04933076351881,0.0,0.0
139.08453480154276,83.24054079502821,0.0,0.0
141.66825429350138,95.89923935383558,0.0,0.0
143.61646325141191,108.82940726727247,0.0,0.0
145.7830289080739,124.82353883236647,0.0,0.0
147.04152033478022,141.68847995251417,0.0,0.0
148.76432836800814,158.83116083592176,0.0,0.0
150.94994784146547,173.0370064303279,0.0,0.0
152.81781525164843,183.673071436584,0.0,0.0
154.92206156998873,193.4637560173869,0.0,0.0
156.1998552158475,198.89144795387983,0.0,0.0
156.64985843747854,201.5124480649829,0.0,0.0
157.348093919456,203.01451551169157,0.0,0.0
157.44909625314176,203.3177651129663,0.0,0.0
157.2737735863775,203.10960822179914,0.0,0.0
157.15191829763353,202.7806296236813,0.0,1.0
