x,y,hover,eod
140.0994521100074,68.34458681941032,0.0,0.0
140.28220466338098,68.74565462768078,0.0,0.0
139.52194630168378,69.71029672026634,0.0,0.0
136.01032762788236,75.60392174124718,0.0,0.0
128.46372096799314,85.67939671874046,0.0,0.0
119.46077494882047,96.2070754468441,0.0,0.0
109.63142960332334,107.315315335989,0.0,0.0
99.40931647084653,118.16634330153465,0.0,0.0
93.65901260636747,125.51837119460106,0.0,0.0
90.32423256896436,130.95892164111137,0.0,0.0
89.25184569321573,132.50130015611649,0.0,0.0
90.0396443810314,133.15483915805817,0.0,0.0
91.04628994129598,133.10327691677958,0.0,0.0
92.84681170247495,133.6893606716767,0.0,0.0
97.23085789941251,134.52044954244047,0.0,0.0
106.29712431691587,135.95736792031676,0.0,0.0
117.40709393285215,137.37433930579573,0.0,0.0
130.68378060124815,138.30701565090567,0.0,0.0
142.55085079930723,138.88311033789068,0.0,0.0
153.78983466885984,138.8203046163544,0.0,0.0
160.76529829762876,138.2505844971165,0.0,0.0
164.07176255248487,138.50864422228187,0.0,0.0
167.00289039872587,138.6254316540435,0.0,0.0
168.3962348010391,138.5176920676604,0.0,0.0
168.64987715147436,138.6855625892058,0.0,0.0
168.2709542941302,138.39630802813917,0.0,0.0
165.8446819614619,132.31811841670424,1.0,0.0
163.59351227991283,125.89063605014235,1.0,0.0
161.3808890711516,119.46735998336226,1.0,0.0
159.30021937005222,113.177490436472,1.0,0.0
157.3367118369788,107.15887566749007,1.0,0.0
155.4693082999438,101.1509623164311,1.0,0.0
153.8319435250014,95.1828535431996,1.0,0.0
152.39532495848835,89.38627501670271,1.0,0.0
151.2608456145972,84.18008168879896,1.0,0.0
151.31481674034148,83.91291586402804,0.0,0.0
151.24655103776604,84.05456965509802,0.0,0.0
151.38648092281073,85.47193130198866,0.0,0.0
151.16248646285385,90.35726567450911,0.0,0.0
150.28832481708378,100.69779416266829,0.0,0.0
149.3987259408459,111.69418593589216,0.0,0.0
148.43607389833778,125.15449424926192,0.0,0.0
147.64942058827728,139.07111784163862,0.0,0.0
146.2640536716208,152.40761657897383,0.0,0.0
145.75434369500726,166.18152519408613,0.0,0.0
145.5801462335512,177.2235359782353,0.0,0.0
145.59936597477645,181.99561467114836,0.0,0.0
145.53323472850025,185.0782712334767,0.0,0.0
145.88987763039768,186.89535876456648,0.0,0.0
146.89498866908252,188.21011071745306,0.0,0.0
147.58508699946105,188.18148341681808,0.0,0.0
148.0092905741185,187.75786422844976,0.0,0.0
147.95198156498373,187.65164803434163,0.0,0.0
148.2083151023835,186.91035199631006,0.0,1.0
