x,y,hover,eod
104.5016622543335,78.42978408932686,0.0,0.0
104.03020601719618,80.90639552474022,0.0,0.0
101.75270285457373,95.14239510893822,0.0,0.0
98.16997643560171,111.69933161139488,0.0,0.0
96.15485515445471,127.63380607962608,0.0,0.0
95.24585228413343,136.33821269869804,0.0,0.0
95.13997696340084,140.14263918995857,0.0,0.0
96.11130826175213,142.068574488163,0.0,0.0
101.18372313678265,142.68692134320736,0.0,0.0
114.27965275943279,141.962231233716,0.0,0.0
128.1877302378416,138.3434940725565,0.0,0.0
142.17170469462872,135.66416098177433,0.0,0.0
151.17811374366283,135.79674899950624,0.0,0.0
156.5049099177122,135.6660058386624,0.0,0.0
159.29250411689281,136.58157475665212,0.0,0.0
160.81278391182423,136.46068960800767,0.0,0.0
161.69606171548367,135.9114535190165,0.0,0.0
162.66667880117893,134.42229271307588,0.0,0.0
160.34543968737125,128.32439124956727,1.0,0.0
157.0948887616396,119.69899058714509,1.0,0.0
153.8718754798174,110.9614074267447,1.0,0.0
150.87552316486835,102.17497766390443,1.0,0.0
148.1097111850977,93.32439721003175,1.0,0.0
145.45968271791935,84.50494647398591,1.0,0.0
142.8306759148836,75.75797677412629,1.0,0.0
140.2790454775095,67.1250283755362,1.0,0.0
137.95797400176525,59.30745780840516,1.0,0.0
137.72251527756453,65.88388681784272,0.0,0.0
138.1901028007269,78.22728872671723,0.0,0.0
138.49131554365158,95.86925983801484,0.0,0.0
138.0764116346836,113.94135952368379,0.0,0.0
136.97967536747456,136.36730671301484,0.0,0.0
133.61210264265537,155.58918834105134,0.0,0.0
131.05083145201206,172.5976038016379,0.0,0.0
129.33139897882938,185.49808740988374,0.0,0.0
128.20396691560745,193.98119628801942,0.0,0.0
127.9394693300128,197.32028991356492,0.0,0.0
127.78938817791641,197.7401552759111,0.0,0.0
127.94203035533428,197.47893231362104,0.0,0.0
128.17529875785112,196.95284711569548,0.0,1.0
