x,y,hover,eod
104.87472856044769,81.31912213563919,0.0,0.0
104.79774931073189,88.53918832540512,0.0,0.0
101.94606432318687,105.31512778997421,0.0,0.0
98.28236648440361,123.41957730054855,0.0,0.0
94.87929829955101,142.3462728857994,0.0,0.0
92.544100522995,152.59671372175217,0.0,0.0
91.74310693144798,156.67577129602432,0.0,0.0
92.65598790347576,157.90436711907387,0.0,0.0
97.19937460124493,157.18240325152874,0.0,0.0
109.15714161098003,153.3919412344694,0.0,0.0
120.52816407382488,148.75179176032543,0.0,0.0
135.39670245349407,142.0533115118742,0.0,0.0
148.91113536059856,135.10963921248913,0.0,0.0
157.22147898375988,130.4792023152113,0.0,0.0
161.70681761205196,127.63076786696911,0.0,0.0
164.64385257661343,124.73784004151821,0.0,0.0
165.69851005077362,123.66951470077038,0.0,0.0
163.18955594301224,121.07469116151333,0.0,0.0
155.26822918653488,113.66774474084377,1.0,0.0
147.12721818685532,106.47787545621395,1.0,0.0
139.19973546266556,99.35024712979794,1.0,0.0
131.4216279387474,92.26843152940273,1.0,0.0
123.74896639585495,85.38247440755367,1.0,0.0
119.48529893159866,81.95488159358501,1.0,0.0
123.67092096805573,88.99992887675762,0.0,0.0
132.53994071483612,103.6206955164671,0.0,0.0
143.7643345594406,124.65858881175518,0.0,0.0
152.02605748176575,144.76572696864605,0.0,0.0
157.8840937614441,162.49898020923138,0.0,0.0
161.57859528064728,171.69993107020855,0.0,0.0
163.64675769209862,176.03613202273846,0.0,1.0
