x,y,hover,eod
138.404801517725,73.94990229606628,0.0,0.0
138.82477159798145,73.93907108088024,0.0,0.0
138.97311466000974,74.85453040082939,0.0,0.0
135.11012839339674,79.83810306270607,0.0,0.0
125.7028417494148,88.67609322746284,0.0,0.0
115.17038868926466,98.53658319194801,0.0,0.0
101.74350785277784,109.060903794365,0.0,0.0
95.36930369399488,115.02931237895973,0.0,0.0
93.48890679143369,117.82123327930458,0.0,0.0
92.80569793842733,120.11895642359741,0.0,0.0
96.20266171358526,123.30853895028122,0.0,0.0
106.89948411844671,127.53646925766952,0.0,0.0
119.06892748735845,129.90406469185837,0.0,0.0
132.73681970499456,131.32346526463516,0.0,0.0
145.63976498506963,132.20668629487045,0.0,0.0
154.70532151125371,133.07408422906883,0.0,0.0
160.43591531179845,134.23664041538723,0.0,0.0
162.97861965559423,133.4648460962344,0.0,0.0
163.5663480516523,133.41172997583635,0.0,0.0
163.8080182876438,132.44295698334463,0.0,0.0
163.0398040469736,129.46352702309377,1.0,0.0
162.38338107429445,120.86878520180471,1.0,0.0
161.724902337417,112.45908480812795,1.0,0.0
161.0759349372238,104.18924969364889,1.0,0.0
160.39980070851743,95.93751650978811,1.0,0.0
159.79649743251503,87.73755115200765,1.0,0.0
159.25183413736522,79.60027497936971,1.0,0.0
158.8967202808708,71.66527908970602,1.0,0.0
159.28572846762836,71.58115540375002,1.0,0.0
159.88091988675296,74.21485309232958,0.0,0.0
159.73853772692382,77.54678909410723,0.0,0.0
157.07931285910308,93.2207304679323,0.0,0.0
153.0889717321843,111.19082157243975,0.0,0.0
149.27019721083343,130.41615907778032,0.0,0.0
145.21832650713623,148.2949275218416,0.0,0.0
141.72210967354476,162.64512841333635,0.0,0.0
138.081117330119,175.23304288019426,0.0,0.0
135.92244913987815,181.51787523855455,0.0,0.0
134.748510254547,184.13153175939806,0.0,0.0
134.17153539322317,184.56092235376127,0.0,1.0
