x,y,hover,eod
99.5213813483715,84.80171465873718,0.0,0.0
100.12265646457672,90.46384358406067,0.0,0.0
99.5511623993516,103.15921092033386,0.0,0.0
99.2322368696332,119.43400883674622,0.0,0.0
98.47820980101824,129.5250346660614,0.0,0.0
97.94695352762938,132.86639416217804,0.0,0.0
98.37548708170652,134.83253011107445,0.0,0.0
99.5967040732503,135.61635234951973,0.0,0.0
102.61281085759401,136.52160616219044,0.0,0.0
110.33465219289064,135.69344700872898,0.0,0.0
120.84272218495607,133.60143871605396,0.0,0.0
130.8472759798169,131.69787542521954,0.0,0.0
141.75604892522097,129.66000126302242,0.0,0.0
150.64876151829958,127.94137434661388,0.0,0.0
155.0054625943303,126.28762038052082,0.0,0.0
158.91900999099016,124.61209462583065,0.0,0.0
159.45473761856556,123.31391336023808,0.0,0.0
158.5036118477583,121.23789028823376,0.0,0.0
154.8321561664343,116.06842713057995,1.0,0.0
150.36939130723476,110.08328931033611,1.0,0.0
145.95827774703503,104.05011133849621,1.0,0.0
141.66686283051968,98.06526617705822,1.0,0.0
137.40760968625546,92.09707097709179,1.0,0.0
133.1441034525633,86.05877535045147,1.0,0.0
128.7602691501379,80.00961022078991,1.0,0.0
124.77602081000805,74.75721375644207,1.0,0.0
126.15100727975368,79.76418213546276,0.0,0.0
128.13303397595882,87.70211534202099,0.0,0.0
130.90091095864773,101.81112365424633,0.0,0.0
133.76615093648434,114.13506941497326,0.0,0.0
136.92496405541897,125.82007245719433,0.0,0.0
139.88802568614483,138.94261674582958,0.0,0.0
141.5402545183897,152.8677792996168,0.0,0.0
142.775904327631,165.5409069508314,0.0,0.0
144.04471614956856,173.6621947735548,0.0,0.0
144.6503040343523,177.59606735408306,0.0,0.0
145.18385206907988,180.2437468022108,0.0,0.0
145.73786636441946,182.37003357708454,0.0,1.0
