x,y,hover,eod
107.12712121009827,78.57476961612701,0.0,0.0
107.35714153200388,80.12984973192215,0.0,0.0
107.24751417338848,83.11060470342636,0.0,0.0
106.07973654568195,95.63894313573837,0.0,0.0
102.351617410779,110.43327611684799,0.0,0.0
98.69894315302372,125.56971353292465,0.0,0.0
95.97752858698368,138.2462279200554,0.0,0.0
94.94544465839863,143.6914787888527,0.0,0.0
94.91891872882843,145.97523790597916,0.0,0.0
95.5224835947156,147.0705836713314,0.0,0.0
96.16978467255831,148.14423342049122,0.0,0.0
100.56846231967211,148.7828456312418,0.0,0.0
111.07235402613878,147.15529610216618,0.0,0.0
123.7337991669774,143.92401386797428,0.0,0.0
137.24546522647142,140.43232549726963,0.0,0.0
147.6868602707982,137.33672846853733,0.0,0.0
154.169497795403,135.3519921451807,0.0,0.0
157.64735937863588,134.23424024879932,0.0,0.0
159.76289958506823,133.4185919612646,0.0,0.0
161.3567568436265,132.5926613509655,0.0,0.0
162.10434579104185,130.59554648399353,1.0,0.0
159.33521025627851,122.27706325054169,1.0,0.0
156.5452494546771,114.04724848270416,1.0,0.0
153.85077231377363,105.7895917892456,1.0,0.0
151.24766045063734,97.72871267795563,1.0,0.0
148.54208581894636,89.67939388751984,1.0,0.0
145.78589551895857,81.71958637237549,1.0,0.0
143.0027326270938,73.7499315738678,1.0,0.0
142.06018053740263,75.41573849320412,1.0,0.0
142.23726344108582,81.39510181546211,0.0,0.0
143.5788908302784,92.34803584218025,0.0,0.0
144.85461530089378,109.39402249455452,0.0,0.0
145.59988570213318,130.46826031804085,0.0,0.0
146.28524531424046,150.7634415924549,0.0,0.0
146.76515792310238,167.1532979309559,0.0,0.0
146.82304356992245,177.88081672787666,0.0,0.0
146.41052164882421,181.71080794930458,0.0,0.0
146.79877930134535,183.16258218884468,0.0,1.0
