x,y,hover,eod
121.47574473917484,67.61303395032883,0.0,0.0
121.02575388550758,70.15338569879532,0.0,0.0
120.16693484783173,77.18158334493637,0.0,0.0
117.00963121652603,86.89076870679855,0.0,0.0
109.99558907747269,103.98348063230515,0.0,0.0
101.31772083044052,120.80126255750656,0.0,0.0
94.67047435045242,134.40198749303818,0.0,0.0
92.24609595537186,139.5975735783577,0.0,0.0
92.14935260638595,141.42083331942558,0.0,0.0
94.16328715905547,141.94089151918888,0.0,0.0
98.1541703902185,141.47067289799452,0.0,0.0
109.12114727124572,138.6151335760951,0.0,0.0
121.46038162335753,134.4178257510066,0.0,0.0
133.65843283757567,130.19011717289686,0.0,0.0
146.18548500165343,125.12413661926985,0.0,0.0
155.16257929429412,121.36124353855848,0.0,0.0
159.9868689738214,119.02225952595472,0.0,0.0
162.7613388262689,117.6250920817256,0.0,0.0
164.21722161397338,116.70319635421038,0.0,0.0
163.87477787956595,115.9468087926507,0.0,0.0
163.17051964625716,115.80030486918986,1.0,0.0
158.56670248135924,109.39085707999766,1.0,0.0
154.06152146682143,103.01446423865855,1.0,0.0
149.62466436251998,96.49354682303965,1.0,0.0
145.24687307700515,89.90131423808634,1.0,0.0
140.75479703769088,83.2826326880604,1.0,0.0
136.0589684806764,76.58192262984812,1.0,0.0
131.0210778079927,70.09369657374918,1.0,0.0
129.01055562123656,70.82034350372851,0.0,0.0
127.32484715804458,72.01232546009123,0.0,0.0
128.04480860754848,77.51894109882414,0.0,0.0
130.81056843325496,90.94503753818572,0.0,0.0
133.42621604725718,102.64453285373747,0.0,0.0
135.96481124684215,115.02663486637175,0.0,0.0
138.45992217585444,131.315044099465,0.0,0.0
140.22192845866084,147.3749613109976,0.0,0.0
141.83617885038257,162.97158711589873,0.0,0.0
142.77208986505866,175.43214672245085,0.0,0.0
143.7695133946836,183.3794551435858,0.0,0.0
144.06810308620334,187.38936954177916,0.0,0.0
144.17275068163872,188.87542688287795,0.0,0.0
143.98803605511785,188.34287379868329,0.0,0.0
143.22614221647382,187.0173690188676,0.0,1.0
