x,y,hover,eod
129.11124390363693,75.54582953453064,0.0,0.0
124.26664215326309,85.85254549980164,0.0,0.0
112.2764692902565,104.90889430046082,0.0,0.0
100.58471542596817,122.29615449905396,0.0,0.0
89.70872980356216,137.91067838668823,0.0,0.0
83.30959302186966,147.9922878742218,0.0,0.0
82.98547674715519,149.7290802001953,0.0,0.0
85.00736598670483,149.479096904397,0.0,0.0
96.41354922950268,148.79079207777977,0.0,0.0
109.14607886970043,146.81982666254044,0.0,0.0
123.89891509711742,144.03973519802094,0.0,0.0
143.95909671485424,139.67566907405853,0.0,0.0
157.84357552230358,137.34491631388664,0.0,0.0
166.780480787158,135.87475702166557,0.0,0.0
171.1315083950758,134.85266365110874,0.0,0.0
173.02275989949703,134.02059696614742,0.0,0.0
172.6527053192258,133.85042611509562,0.0,0.0
170.30843809992075,129.73634485155344,1.0,0.0
164.9649258032441,120.34546796232462,1.0,0.0
159.69108299165964,110.84827307611704,1.0,0.0
154.53594759851694,101.21671501547098,1.0,0.0
149.50418309122324,91.51946786791086,1.0,0.0
147.77354226261377,88.52500859647989,1.0,0.0
148.8529300019145,92.60268930345774,0.0,0.0
152.18111269921064,105.3836453333497,0.0,0.0
155.02047740668058,121.02304104715586,0.0,0.0
157.86614858359098,144.16068200021982,0.0,0.0
159.11479928344488,165.47274712473154,0.0,0.0
158.18259113281965,175.45953635126352,0.0,0.0
157.87903067469597,179.54803917557,0.0,0.0
156.87550258636475,181.72131929546595,0.0,1.0
