x,y,hover,eod
119.9912516027689,67.23790919780731,0.0,0.0
120.1572559773922,68.52156481146812,0.0,0.0
119.7818885371089,74.59033331274986,0.0,0.0
116.32413517683744,89.2131265103817,0.0,0.0
110.51571499556303,105.45167884230614,0.0,0.0
101.3932902738452,126.03923997282982,0.0,0.0
93.75951718539,142.03326305747032,0.0,0.0
91.23902034014463,146.92926278710365,0.0,0.0
89.83537342399359,148.0819678902626,0.0,0.0
90.43624918907881,148.24922444671392,0.0,0.0
92.1940840408206,148.34800360165536,0.0,0.0
102.36534010618925,146.2897275146097,0.0,0.0
116.16470586508512,143.12232953868806,0.0,0.0
132.4675775691867,139.44223982654512,0.0,0.0
146.09353434294462,137.683085327968,0.0,0.0
156.3947333022952,137.50998710654676,0.0,0.0
161.12985532730818,137.18819064460695,0.0,0.0
164.28935509175062,137.07678163796663,0.0,0.0
166.01192604750395,136.15819814056158,0.0,0.0
166.48566886782646,135.03880145400763,0.0,0.0
164.01356682181358,127.0020574554801,1.0,0.0
161.36314824223518,117.43365826457739,1.0,0.0
158.88080075383186,107.8903025612235,1.0,0.0
156.52227580547333,98.47382190078497,1.0,0.0
154.21692550182343,89.06825067847967,1.0,0.0
151.96301341056824,79.57844736427069,1.0,0.0
149.8878887295723,70.016054533422,1.0,0.0
148.42538878321648,63.45754327625036,1.0,0.0
148.55518228374422,67.19448985904455,0.0,0.0
148.93709703348577,73.29768063873053,0.0,0.0
150.450392505154,93.24961783736944,0.0,0.0
150.02983196638525,124.02197720855474,0.0,0.0
147.43070318363607,152.8420984968543,0.0,0.0
145.77865584753454,173.4303486570716,0.0,0.0
145.1897895243019,184.78326680511236,0.0,0.0
144.92929267697036,191.51123525947332,0.0,0.0
144.57922539673746,192.90001484006643,0.0,1.0
