x,y,hover,eod
142.25172638893127,84.62759923934937,0.0,0.0
139.68094915151596,87.1973682641983,0.0,0.0
134.18437629938126,90.90461325645447,0.0,0.0
124.52060252428055,98.43526434898376,0.0,0.0
115.0533577799797,105.20478916168213,0.0,0.0
104.27550047636032,112.98896861076355,0.0,0.0
96.7744305729866,119.23524332046509,0.0,0.0
94.37313601374626,120.89910340309143,0.0,0.0
94.61591400206089,122.30576378107071,0.0,0.0
96.03181309998035,124.095847427845,0.0,0.0
99.5069257169962,125.6186970770359,0.0,0.0
105.88690556585789,127.71440652012825,0.0,0.0
118.81972469389439,129.13393554091454,0.0,0.0
131.5665439516306,129.84703589975834,0.0,0.0
144.29934181272984,129.8759928047657,0.0,0.0
153.94948102533817,129.82368529587984,0.0,0.0
159.01480831205845,129.80567488633096,0.0,0.0
162.517846301198,130.01319646649063,0.0,0.0
162.27461447939277,125.08185684494674,1.0,0.0
160.32980909571052,116.96597575955093,1.0,0.0
158.39254206046462,109.0494197588414,1.0,0.0
156.53879901394248,101.18719696812332,1.0,0.0
154.82852881774306,93.33969473652542,1.0,0.0
153.32235207781196,85.61751365475357,1.0,0.0
153.29438926652074,86.17283001355827,1.0,0.0
153.80553657189012,90.69279178790748,0.0,0.0
154.51624365523458,102.04774603061378,0.0,0.0
153.7240389920771,116.56712278537452,0.0,0.0
151.89692610874772,135.85579022578895,0.0,0.0
149.38778216019273,151.35049089603126,0.0,0.0
147.54605108872056,162.8040705602616,0.0,0.0
146.4400944299996,169.45026144199073,0.0,0.0
145.9300417266786,171.75153046660125,0.0,1.0
