x,y,hover,eod
142.5223769247532,53.500879764556885,0.0,0.0
140.1882840692997,56.12537062168121,0.0,0.0
132.50047102570534,64.2923948764801,0.0,0.0
119.73177328705788,77.0590672492981,0.0,0.0
106.5924383699894,89.55847358703613,0.0,0.0
93.74892368912697,99.97070169448853,0.0,0.0
86.50019958615303,105.46241557598114,0.0,0.0
83.59998539090157,107.65981635451317,0.0,0.0
83.79184983670712,109.29735681414604,0.0,0.0
86.64603732526302,112.07066825032234,0.0,0.0
94.62238095700741,115.16175380349159,0.0,0.0
106.25386975705624,117.19143843650818,0.0,0.0
122.37195037305355,119.0602091550827,0.0,0.0
138.93719218671322,121.79511135816574,0.0,0.0
152.19504855573177,124.62309038639069,0.0,0.0
162.35136650502682,126.44923186302185,0.0,0.0
166.59895353019238,127.25696569681168,0.0,0.0
170.84234200417995,127.77263960242271,0.0,0.0
172.83052064478397,127.4323177933693,0.0,0.0
173.24495796114206,126.43655075132847,0.0,0.0
172.06025887280703,122.66977263987064,1.0,0.0
170.17361272126436,113.24841393530369,1.0,0.0
168.20524085313082,104.20060171186924,1.0,0.0
166.26977983862162,95.32517625391483,1.0,0.0
164.3954074755311,86.60678161680698,1.0,0.0
162.61710230261087,78.03422345221043,1.0,0.0
161.07106436043978,69.71715404093266,1.0,0.0
159.86902091652155,61.63000775873661,1.0,0.0
159.2319229617715,54.338128700852394,1.0,0.0
159.30387185886502,57.16853542625904,0.0,0.0
159.25532727502286,60.56427700817585,0.0,0.0
157.437826981768,73.1901274472475,0.0,0.0
154.0442457702011,86.77093608677387,0.0,0.0
151.31689040921628,99.568991497159,0.0,0.0
147.74567781947553,113.43099696934223,0.0,0.0
143.5787337925285,130.19114358723164,0.0,0.0
140.1513424422592,146.67847855389118,0.0,0.0
137.1238875295967,161.01799829304218,0.0,0.0
134.42203043960035,171.92767007648945,0.0,0.0
132.5253291334957,181.68529851734638,0.0,0.0
130.23704095743597,191.15681393444538,0.0,0.0
128.2573416735977,198.95807547867298,0.0,0.0
127.55751370452344,202.39587052166462,0.0,0.0
126.71125180087984,204.07301335036755,0.0,0.0
126.63435477297753,203.71025765687227,0.0,0.0
126.76017378922552,203.32777122408152,0.0,0.0
126.85627768281847,202.82722121477127,0.0,1.0
