x,y,hover,eod
131.09841945767403,76.93352049589157,0.0,0.0
129.30096942186356,77.86163008213043,0.0,0.0
127.77756902575493,79.84726092219353,0.0,0.0
120.28710934519768,89.12028631567955,0.0,0.0
111.2534758746624,100.20583233237267,0.0,0.0
101.18713828921318,113.48102888464928,0.0,0.0
92.4526033103466,122.78234621882439,0.0,0.0
86.52628454566002,129.3400957286358,0.0,0.0
83.17906859517097,135.1606830060482,0.0,0.0
81.93950961530209,138.9416088759899,0.0,0.0
81.8580862339586,141.44405803084373,0.0,0.0
83.43896741233766,143.05445528030396,0.0,0.0
88.46257860027254,143.76549994945526,0.0,0.0
100.39877588115633,143.3039534687996,0.0,0.0
112.58191282115877,141.8260789513588,0.0,0.0
127.33884150348604,139.84629130363464,0.0,0.0
139.7367637809366,137.86398282647133,0.0,0.0
150.78093463741243,136.34051194787025,0.0,0.0
161.3997619803995,134.939538449049,0.0,0.0
166.9320648368448,133.62315943837166,0.0,0.0
170.76277041994035,132.57851174473763,0.0,0.0
173.66047555767,131.84046810865402,0.0,0.0
175.05305880866945,130.88354220986366,0.0,0.0
175.6828522887081,129.34052205085754,0.0,0.0
173.52578597329557,123.54282891750336,1.0,0.0
170.32223003171384,116.46278953552246,1.0,0.0
167.23953025601804,109.41849088668823,1.0,0.0
164.22936903499067,102.50404095649719,1.0,0.0
161.32803933881223,95.57411289215088,1.0,0.0
158.55658935569227,88.58540034294128,1.0,0.0
155.8238597419113,81.45524537563324,1.0,0.0
152.97916250489652,74.31578016281128,1.0,0.0
150.06258474849164,66.87013602256775,1.0,0.0
146.9833980705589,59.19290041923523,1.0,0.0
144.69792368076742,55.89767849445343,1.0,0.0
143.56758544407785,63.030072808265686,0.0,0.0
142.61935504339635,72.82466149330139,0.0,0.0
143.15263154171407,83.60557293891907,0.0,0.0
142.42335828207433,95.1997230052948,0.0,0.0
141.37061210535467,107.50838375091553,0.0,0.0
141.23557729832828,118.0037293434143,0.0,0.0
140.64352555386722,129.85954022407532,0.0,0.0
139.5949552040547,141.206698179245,0.0,0.0
137.61392688564956,153.01658368110657,0.0,0.0
135.6230092626065,163.1915066242218,0.0,0.0
134.42813499085605,172.36532604694366,0.0,0.0
133.11863167397678,181.89141130447388,0.0,0.0
132.16095967404544,189.1952452659607,0.0,0.0
131.72188235633075,193.919382750988,0.0,0.0
131.56562261469662,197.43683463335037,0.0,0.0
131.28021940775216,200.03146088123322,0.0,0.0
131.41000753454864,200.66750591993332,0.0,0.0
131.4397727344185,200.39928805455565,0.0,0.0
131.53925488889217,199.9375271461904,0.0,0.0
131.0669416114688,198.2835478745401,0.0,1.0
