x,y,hover,eod
137.34335604310036,77.54988561570644,0.0,0.0
136.81626568734646,77.18970983475447,0.0,0.0
135.3800613731146,77.61348351091146,0.0,0.0
127.68955539166927,85.00461085885763,0.0,0.0
117.15982507169247,95.58565243333578,0.0,0.0
106.80633376538754,105.38984879106283,0.0,0.0
96.53391908109188,114.54385980218649,0.0,0.0
89.85888312757015,119.73247810453176,0.0,0.0
87.28718321025372,123.27012791484594,0.0,0.0
87.23202112317085,125.49507930129766,0.0,0.0
89.2869082391262,127.27105765789747,0.0,0.0
97.80248555541039,129.30449946969748,0.0,0.0
109.09544143080711,130.27557953447104,0.0,0.0
124.17403730750084,130.32693014666438,0.0,0.0
138.09171947836876,130.74315716698766,0.0,0.0
152.68368038535118,131.30130213871598,0.0,0.0
162.4988577067852,130.856135237962,0.0,0.0
166.73616710305214,130.7766008861363,0.0,0.0
169.34369507431984,129.79332526400685,0.0,0.0
169.47926326841116,128.00287787988782,1.0,0.0
166.81783660501242,118.56905763223767,1.0,0.0
164.30362298339605,109.09033303335309,1.0,0.0
161.88032387942076,99.64132075384259,1.0,0.0
159.58505123108625,90.14153843000531,1.0,0.0
157.3856693431735,80.63455109670758,1.0,0.0
155.28298392146826,71.01527278497815,1.0,0.0
153.25116082280874,61.60261516645551,1.0,0.0
152.23252683132887,62.73129505291581,0.0,0.0
151.14684431999922,64.16735899820924,0.0,0.0
150.16446075588465,73.33575976267457,0.0,0.0
147.22378454357386,89.47178614512086,0.0,0.0
143.227266587317,109.96526492014527,0.0,0.0
138.27936819940805,132.88563502207398,0.0,0.0
132.54400543123484,157.3211385048926,0.0,0.0
129.20905552059412,174.98309624567628,0.0,0.0
127.26718477159739,187.09017169848084,0.0,0.0
126.6599738523364,192.88002741709352,0.0,0.0
126.72284885495901,194.44845673814416,0.0,0.0
126.90058364719152,193.87280033156276,0.0,1.0
