x,y,hover,eod
128.6792937517166,83.14615499973297,0.0,0.0
126.38304820656776,89.56370067596436,0.0,0.0
119.91288414597511,102.19559502601624,0.0,0.0
110.76284101605415,118.74049854278564,0.0,0.0
101.2638067305088,133.32611751556396,0.0,0.0
94.33984509110451,141.94706869125366,0.0,0.0
90.87717762589455,145.18972319364548,0.0,0.0
90.65142674744129,146.36749905347824,0.0,0.0
93.67899878323078,146.3815764132887,0.0,0.0
105.7828758507967,144.74032660759985,0.0,0.0
119.82584817707539,141.02122625149786,0.0,0.0
135.49977286159992,134.8898222092539,0.0,0.0
149.0615747720003,128.2372560147196,0.0,0.0
159.82407076656818,124.11510338820517,0.0,0.0
163.73147858679295,122.23098119534552,0.0,0.0
165.67902578413486,122.04170357249677,0.0,0.0
165.38231110572815,121.99325864948332,0.0,0.0
164.4458428621292,122.59414704330266,0.0,0.0
159.07084381580353,115.22739382274449,1.0,0.0
154.00597727298737,106.70751722343266,1.0,0.0
148.95329093933105,98.14600439555943,1.0,0.0
143.7288156747818,89.67055352218449,1.0,0.0
138.02923238277435,81.0738155413419,1.0,0.0
139.0627006292343,85.90790124423802,1.0,0.0
140.08467039465904,90.52648724801838,0.0,0.0
145.59044441580772,105.73313178308308,0.0,0.0
152.51710256934166,130.60186805017292,0.0,0.0
158.07562908530235,151.66252793557942,0.0,0.0
160.57913264632225,167.47871937043965,0.0,0.0
161.2969728410244,173.93828691728413,0.0,0.0
161.08521974086761,175.11077510006726,0.0,1.0
