x,y,hover,eod
114.30066849663854,81.00788982957602,0.0,0.0
114.72833331301808,81.0253904168494,0.0,0.0
115.24786296859384,81.04479930037633,0.0,0.0
116.28610733523965,81.45228649163619,0.0,0.0
113.29586896672845,90.9358456232585,0.0,0.0
105.9858724810183,107.15095902467147,0.0,0.0
99.6203175522387,124.36562801385298,0.0,0.0
96.22390124574304,134.77364684129134,0.0,0.0
95.92502034828067,139.08808136964217,0.0,0.0
97.62081242725253,140.28480703616515,0.0,0.0
103.12714315578341,140.98594869161025,0.0,0.0
116.65802098438144,139.98233320796862,0.0,0.0
129.765833389014,137.48207422578707,0.0,0.0
143.4784457795322,135.72006481373683,0.0,0.0
153.04863310977817,134.67437403881922,0.0,0.0
157.44317389652133,134.58053101459518,0.0,0.0
160.32021261379123,134.07831255951896,0.0,0.0
161.39854192361236,133.84220082918182,0.0,0.0
161.51918457448483,133.19426481286064,0.0,0.0
160.86869278550148,127.46092681447044,1.0,0.0
159.11587396264076,119.2442524866201,1.0,0.0
157.54403674602509,111.16940204659477,1.0,0.0
156.18185901641846,103.06360904732719,1.0,0.0
154.9191082417965,94.95429877797142,1.0,0.0
153.77535612881184,87.03652684250847,1.0,0.0
152.7852707505226,79.34707586327568,1.0,0.0
152.08041110634804,71.99546937504783,1.0,0.0
151.90263380855322,74.80021957913414,1.0,0.0
151.2025627270341,80.903149290476,0.0,0.0
148.25212148576975,98.20412580529228,0.0,0.0
143.0763420239091,118.74821607628837,0.0,0.0
138.1569260135293,136.46279279747978,0.0,0.0
132.4182247892022,155.34607831994072,0.0,0.0
128.21863827854395,169.20769516984,0.0,0.0
126.40331444889307,179.3122274116613,0.0,0.0
125.01192388683558,184.06874482193962,0.0,0.0
124.842753238976,184.98585258284584,0.0,0.0
125.15697089582682,184.3327597961761,0.0,0.0
125.14257073029876,183.578283904586,0.0,1.0
