x,y,hover,eod
130.20756578445435,71.70866698026657,0.0,0.0
129.46071735024452,73.44928473234177,0.0,0.0
128.05163463950157,77.09725141525269,0.0,0.0
116.03638729453087,96.44437432289124,0.0,0.0
105.28028330206871,114.45389747619629,0.0,0.0
95.09074410796165,132.22490549087524,0.0,0.0
90.6534825861454,138.96056592464447,0.0,0.0
89.7067474424839,140.57886958122253,0.0,0.0
89.72462861705571,141.04773219674826,0.0,0.0
90.96739559341222,141.77492905408144,0.0,0.0
103.47953348327428,143.42225406318903,0.0,0.0
118.38402419257909,141.76341462880373,0.0,0.0
134.3821850316599,140.42262364178896,0.0,0.0
148.45655350852758,141.35145727545023,0.0,0.0
156.88064186740667,142.2912947461009,0.0,0.0
161.03992639947683,143.31447791308165,0.0,0.0
164.23225342202932,144.16272703558207,0.0,0.0
166.34384452272207,144.27120117470622,0.0,0.0
167.79085545707494,144.52848261222243,0.0,0.0
167.94280500058085,143.97707467898726,0.0,0.0
166.57573223952204,136.6747427545488,1.0,0.0
165.52392021659762,127.71208232268691,1.0,0.0
164.49410610739142,118.73255556449294,1.0,0.0
163.57652180735022,109.73844831809402,1.0,0.0
162.8707929784432,100.82294350489974,1.0,0.0
162.3252395996824,92.00299745425582,1.0,0.0
161.6906424323097,83.66697197780013,1.0,0.0
161.01604354474694,75.77972179278731,1.0,0.0
160.5689672837034,68.45095282420516,1.0,0.0
160.9821091303602,66.54998069629073,0.0,0.0
161.34339437726885,65.18951883539557,0.0,0.0
161.6174482824281,64.96812654659152,0.0,0.0
161.53877644706517,66.55467389151454,0.0,0.0
160.3333923863247,74.26208732649684,0.0,0.0
155.99105006922036,91.54948947951198,0.0,0.0
150.1658952878788,115.04482267424464,0.0,0.0
142.99911267030984,140.89849708601832,0.0,0.0
136.02272338140756,165.48249719664454,0.0,0.0
131.17215162981302,181.1625170521438,0.0,0.0
128.89525852072984,189.81031415984035,0.0,0.0
128.49748658854514,192.60431228205562,0.0,0.0
128.53408001735806,192.84827535972,0.0,0.0
128.66616533510387,192.53242699429393,0.0,0.0
128.72834904957563,191.98789259418845,0.0,0.0
128.93351801577955,187.82863637432456,0.0,0.0
131.38050489965826,176.54180070385337,0.0,1.0
