x,y,hover,eod
116.65016034245491,65.43305206298828,0.0,0.0
112.11827018857002,79.59655213356018,0.0,0.0
103.17074397206306,102.56889748573303,0.0,0.0
93.34900417923927,121.77426981925964,0.0,0.0
85.1945529282093,135.96481847763062,0.0,0.0
82.48346784710884,140.61982172727585,0.0,0.0
83.47519801557064,141.20368517190218,0.0,0.0
90.9205953925848,140.43808809667826,0.0,0.0
103.89767454564571,136.70304618030787,0.0,0.0
121.31948994100094,132.07513324171305,0.0,0.0
139.40869615972042,129.19505796581507,0.0,0.0
155.06771729886532,128.03742281347513,0.0,0.0
165.60863421857357,126.91980741173029,0.0,0.0
171.5532790273428,125.13251564651728,0.0,0.0
174.0831424444914,123.77127192169428,0.0,0.0
174.39344515651464,122.11134157329798,0.0,0.0
168.85009219497442,113.84173891693354,1.0,0.0
162.56346752494574,103.11767003685236,1.0,0.0
156.3410376533866,92.43326566368341,1.0,0.0
150.09104599803686,81.60545609146357,1.0,0.0
143.8481997475028,70.54762146621943,1.0,0.0
139.19451435655355,63.06391618400812,1.0,0.0
141.13890936225653,68.52100393921137,0.0,0.0
147.72765269130468,84.26470420509577,0.0,0.0
154.41509117931128,103.86195204406977,0.0,0.0
162.42643346637487,130.55186293274164,0.0,0.0
167.65344014018774,154.26690838485956,0.0,0.0
169.8084249123931,174.00246403366327,0.0,0.0
170.60476978868246,189.30212280899286,0.0,0.0
169.96788186579943,194.15269634872675,0.0,1.0
