x,y,hover,eod
121.84935796260834,71.16333946585655,0.0,0.0
120.81917907297611,72.32624493539333,0.0,0.0
119.70587338507175,75.0540217012167,0.0,0.0
115.65910811722279,85.57481728494167,0.0,0.0
111.19603957235813,95.97833476960659,0.0,0.0
105.05454923212528,109.87916551530361,0.0,0.0
99.41978301107883,120.27975760400295,0.0,0.0
94.62566401064396,127.47885428369045,0.0,0.0
91.82759429514408,131.19597665965557,0.0,0.0
90.98975147306919,133.37736196815968,0.0,0.0
90.78678495436907,135.25424845516682,0.0,0.0
92.0414971485734,136.2463042885065,0.0,0.0
94.6797200217843,137.68127985298634,0.0,0.0
101.78491256386042,137.80207332223654,0.0,0.0
110.80238006263971,136.1316690966487,0.0,0.0
123.57341430336237,131.65434401482344,0.0,0.0
136.23855970054865,127.69303184002638,0.0,0.0
146.82634732872248,124.22798614948988,0.0,0.0
154.68342981487513,121.52492862194777,0.0,0.0
159.52389083057642,119.72924675792456,0.0,0.0
163.98258886486292,118.58622912317514,0.0,0.0
166.20003259927034,117.38605324178934,0.0,0.0
166.97679511457682,116.78664606064558,0.0,0.0
166.83677894249558,116.24849207699299,0.0,0.0
166.4194309078157,115.27762465178967,0.0,0.0
163.28853362426162,112.88344867527485,1.0,0.0
158.87855046615005,108.06977368891239,1.0,0.0
154.33064365014434,103.59297253191471,1.0,0.0
149.7958883009851,99.2446780949831,1.0,0.0
145.07661842927337,95.03203220665455,1.0,0.0
140.11555695161223,90.85298754274845,1.0,0.0
134.69098114594817,86.9518245011568,1.0,0.0
133.4676846973598,90.54701186716557,1.0,0.0
133.74006276205182,96.4324638992548,0.0,0.0
135.73236902430654,106.37722291052341,0.0,0.0
138.3496483154595,118.55382598936558,0.0,0.0
141.5191378183663,133.30369867384434,0.0,0.0
142.61814494803548,151.312188282609,0.0,0.0
144.04397730901837,166.48678936064243,0.0,0.0
144.364672947675,175.88513113558292,0.0,0.0
145.06190446391702,181.05369545519352,0.0,0.0
145.49491641297936,183.43501694500446,0.0,0.0
146.0751352198422,185.60438014566898,0.0,0.0
145.97956511378288,186.31093628704548,0.0,0.0
146.05048871785402,185.90959582477808,0.0,0.0
145.46347106993198,184.91930279880762,0.0,1.0
