x,y,hover,eod
131.0650450438261,74.71716293692589,0.0,0.0
130.20134855806828,75.44624330103397,0.0,0.0
129.0427542179823,77.36326502263546,0.0,0.0
119.18609921634197,93.54903028905392,0.0,0.0
109.91137389838696,110.54699228703976,0.0,0.0
99.10077695548534,130.25296019017696,0.0,0.0
91.78963546454906,144.2414955943823,0.0,0.0
89.9676204174757,148.60115991532803,0.0,0.0
89.86319509148598,149.6978813558817,0.0,0.0
92.06751701235771,149.30348852276802,0.0,0.0
103.04013845324516,147.15161883831024,0.0,0.0
117.03475472331047,143.62059885263443,0.0,0.0
132.55700346827507,139.4859146475792,0.0,0.0
146.05711218714714,135.4531522989273,0.0,0.0
156.1233067214489,131.52562016248703,0.0,0.0
162.94231113791466,129.13874977827072,0.0,0.0
166.0093757212162,127.53228032588959,0.0,0.0
167.94059392809868,126.08822444081306,0.0,0.0
163.62336990237236,120.0700173676014,1.0,0.0
157.53636774420738,111.68129482865334,1.0,0.0
151.3685583770275,103.2959375679493,1.0,0.0
145.05275186896324,94.597233325243,1.0,0.0
138.66563615202904,85.75958648324013,1.0,0.0
134.91376039385796,81.24813655018806,1.0,0.0
138.0279582440853,88.29341271519661,0.0,0.0
143.50861009955406,105.0113151371479,0.0,0.0
148.95629224181175,125.16126373410225,0.0,0.0
153.04884579777718,144.6064124405384,0.0,0.0
155.7251217663288,159.17661288380623,0.0,0.0
158.72407403588295,174.7326479256153,0.0,0.0
159.5215743482113,181.8342230618,0.0,1.0
