x,y,hover,eod
119.62823623418808,72.81797430664301,0.0,0.0
120.34389273822308,72.667107462883,0.0,0.0
121.1577562391758,73.28657399117947,0.0,0.0
121.84039624035358,76.34356479346752,0.0,0.0
120.8322230130434,85.83502034842968,0.0,0.0
116.8855112940073,97.43355731666088,0.0,0.0
110.68288983404636,111.20376209914684,0.0,0.0
104.16684330999851,122.270905777812,0.0,0.0
99.9402934461832,130.3163764923811,0.0,0.0
98.50487099587917,133.52295796573162,0.0,0.0
98.40554054453969,135.08329610526562,0.0,0.0
99.74454920366406,135.6797914505005,0.0,0.0
102.58353750780225,136.14744785428047,0.0,0.0
111.2215630300343,135.58742533624172,0.0,0.0
123.3424834497273,134.56406626105309,0.0,0.0
135.2915744073689,134.3058130070567,0.0,0.0
146.30646507814527,134.42241111025214,0.0,0.0
152.90384213998914,134.11399373039603,0.0,0.0
156.3988808877766,133.7749425806105,0.0,0.0
159.05401687696576,133.0002738274634,0.0,0.0
159.31489403918386,132.3862415663898,0.0,0.0
159.18435680307448,131.78360202535987,0.0,0.0
157.59623306430876,127.80196377262473,1.0,0.0
155.43659093417227,121.66393288597465,1.0,0.0
153.28879120387137,115.35405763611197,1.0,0.0
151.2003819886595,108.73752304539084,1.0,0.0
149.3270583692938,102.00627931579947,1.0,0.0
147.57454651035368,95.18088945373893,1.0,0.0
145.77307077683508,88.24952849373221,1.0,0.0
144.12190499342978,84.89953973516822,1.0,0.0
142.98935579694808,87.50195482000709,0.0,0.0
141.50554629601538,92.19756403192878,0.0,0.0
138.42411699332297,104.43748393282294,0.0,0.0
136.06997492350638,121.0762349627912,0.0,0.0
133.34534409083426,138.80162873491645,0.0,0.0
131.5361252669245,152.77266063913703,0.0,0.0
129.30102708376944,166.22722544893622,0.0,0.0
127.58295344747603,175.32462933287024,0.0,0.0
126.86148228682578,181.12319269403815,0.0,0.0
125.8679961655289,183.48283403739333,0.0,0.0
125.36529953218997,184.3898909650743,0.0,1.0
