x,y,hover,eod
121.14478182792664,75.56634831428528,0.0,0.0
120.46235945820808,78.1452949643135,0.0,0.0
119.62860402464867,80.56799384951591,0.0,0.0
115.0314801633358,90.03846618533134,0.0,0.0
106.27427276968956,104.26035615801811,0.0,0.0
96.74731966853142,117.70005914568901,0.0,0.0
89.84409090876579,127.88349840044975,0.0,0.0
87.70663183927536,130.83182963728905,0.0,0.0
87.21024528890848,132.0000830590725,0.0,0.0
88.61712128669024,132.35449741780758,0.0,0.0
92.52690524607897,133.52011236548424,0.0,0.0
103.38349790126085,135.08864763379097,0.0,0.0
115.27479261904955,134.4527840167284,0.0,0.0
133.19494933634996,132.89124976098537,0.0,0.0
148.64823908358812,130.45494104921818,0.0,0.0
159.6706363633275,129.38736851513386,0.0,0.0
164.3101507499814,128.95655389130116,0.0,0.0
167.71757543832064,128.55956907570362,0.0,0.0
169.31477800756693,127.52509224414825,0.0,0.0
169.41856552660465,127.0655268728733,0.0,0.0
167.74055053293705,124.40267297625542,1.0,0.0
164.57274247705936,116.59520837664604,1.0,0.0
161.60765339434147,108.79455301165581,1.0,0.0
158.77382476627827,101.05047020316124,1.0,0.0
156.0024844557047,93.3939513862133,1.0,0.0
153.31412275135517,85.69148275256157,1.0,0.0
150.7987882643938,78.01839861273766,1.0,0.0
148.5877815335989,70.40143284201622,1.0,0.0
147.4674919694662,64.89807876944542,1.0,0.0
148.87645368278027,67.20421168208122,0.0,0.0
149.98513248562813,69.69322073459625,0.0,0.0
151.55660954117775,78.33268928527832,0.0,0.0
152.5627741664648,93.25636315345764,0.0,0.0
152.51094632595778,110.58708953857422,0.0,0.0
152.4570492450148,129.74498558044434,0.0,0.0
151.61282634176314,149.00522756576538,0.0,0.0
150.7620481941849,165.75580406188965,0.0,0.0
150.04649592377245,179.27784132957458,0.0,0.0
149.43124254979193,187.17640686035156,0.0,0.0
149.1876475866884,190.70376920700073,0.0,0.0
149.09106520749629,192.45686668157578,0.0,0.0
149.11678431602195,192.160368591547,0.0,0.0
148.74293061019853,190.6620778441429,0.0,1.0
