x,y,hover,eod
138.71403992176056,59.757646441459656,0.0,0.0
137.52491980791092,62.543034970760345,0.0,0.0
132.62501925230026,70.69605451822281,0.0,0.0
120.78900903463364,86.66737538576126,0.0,0.0
107.95850366353989,102.19286304712296,0.0,0.0
94.20084565877914,119.96059042215347,0.0,0.0
86.43763810396194,131.22301203012466,0.0,0.0
84.39189583063126,134.95252084732056,0.0,0.0
84.63496245443821,136.84420150518417,0.0,0.0
86.17941178381443,138.10699519515038,0.0,0.0
93.89258183538914,140.07375714182854,0.0,0.0
105.96588529646397,139.33969047665596,0.0,0.0
121.10112704336643,136.8931409418583,0.0,0.0
136.9250873476267,134.04839751124382,0.0,0.0
153.12249936163425,131.91196990013123,0.0,0.0
163.67414869368076,130.73538717627525,0.0,0.0
169.12314869463444,129.54493191838264,0.0,0.0
171.8746731430292,128.5600137412548,0.0,0.0
172.71789148449898,127.85545442998409,0.0,0.0
169.49317499995232,122.18330119550228,1.0,0.0
164.69636037945747,113.01884625852108,1.0,0.0
159.97088059782982,103.71704076230526,1.0,0.0
155.26928946375847,94.4061831086874,1.0,0.0
150.50565347075462,85.08815084397793,1.0,0.0
145.708776563406,75.70352528989315,1.0,0.0
143.2534584403038,75.98157231509686,1.0,0.0
143.4619675949216,86.1434370726347,0.0,0.0
143.8802843168378,99.57315389811993,0.0,0.0
145.17323587089777,116.07769791781902,0.0,0.0
146.13916765898466,133.05302803218365,0.0,0.0
147.06522058695555,153.1345361918211,0.0,0.0
145.89130494743586,172.11751048266888,0.0,0.0
143.8635565713048,187.8099114149809,0.0,0.0
143.33006862550974,195.2826256006956,0.0,0.0
143.23971705511212,197.29618181288242,0.0,1.0
