x,y,hover,eod
140.0246821437031,68.40382985025644,0.0,0.0
140.02934654708952,68.82206211984158,0.0,0.0
139.7433909540996,70.74076648056507,0.0,0.0
136.6287556057796,77.29238505661488,0.0,0.0
127.8911736374721,89.74521751701832,0.0,0.0
114.83523157890886,104.84747524559498,0.0,0.0
100.17392662819475,120.33198709785938,0.0,0.0
88.49851635750383,131.8497144728899,0.0,0.0
84.41783932503313,136.97701151669025,0.0,0.0
83.03847832139581,138.6287444382906,0.0,0.0
84.21907579060644,139.47875607013702,0.0,0.0
89.8505756771192,141.08539032936096,0.0,0.0
101.07157563325018,142.74600225687027,0.0,0.0
114.21465133782476,143.29453039169312,0.0,0.0
129.32350610848516,144.2748473137617,0.0,0.0
145.74000572320074,144.61484867334366,0.0,0.0
158.3197567379102,143.98309248685837,0.0,0.0
166.20263611432165,143.90962883085012,0.0,0.0
170.27842288371176,143.3169821575284,0.0,0.0
172.6479918276891,143.30530304647982,0.0,0.0
173.25452493038028,143.28607847169042,0.0,0.0
172.00916984584183,139.91132934764028,1.0,0.0
169.50768896844238,130.78947921469808,1.0,0.0
166.92904421593994,121.61076327040792,1.0,0.0
164.33135190512985,112.61046310141683,1.0,0.0
161.8290073564276,103.57090254500508,1.0,0.0
159.46615123655647,94.45789356902242,1.0,0.0
157.29403102304786,85.34582694247365,1.0,0.0
155.30671113636345,76.37359460070729,1.0,0.0
154.19802793767303,72.97990103438497,1.0,0.0
154.29383538197726,78.52819641306996,0.0,0.0
154.38294447492808,90.89761574938893,0.0,0.0
153.8345420686528,105.09858568385243,0.0,0.0
152.39224407356232,122.4221499748528,0.0,0.0
152.0255858777091,138.95311792567372,0.0,0.0
150.9837497351691,154.07177527621388,0.0,0.0
149.21781803946942,169.27808602526784,0.0,0.0
147.69571493845433,179.945660430938,0.0,0.0
146.33843194227666,187.26452727988362,0.0,0.0
146.19895215611905,189.08016224578023,0.0,1.0
