x,y,hover,eod
139.41853004693985,76.13772171735764,0.0,0.0
133.8563020825386,81.16013842821121,0.0,0.0
122.21398311853409,92.0856209397316,0.0,0.0
111.22065383195877,101.85609239339828,0.0,0.0
101.5418352484703,110.80534595251083,0.0,0.0
97.33765202760696,113.78657567501068,0.0,0.0
95.08416119217873,116.89669269323349,0.0,0.0
95.00213082134724,118.83690524101257,0.0,0.0
95.73277796804905,120.96083942055702,0.0,0.0
99.23107470571995,123.63363626599312,0.0,0.0
107.4283626228571,125.95095697045326,0.0,0.0
121.08811284601688,127.91594091057777,0.0,0.0
135.54909493029118,127.9209601804614,0.0,0.0
148.41171051561832,126.85331604629755,0.0,0.0
156.98911990225315,126.25952991843224,0.0,0.0
159.65955133736134,125.97731483355165,0.0,0.0
161.97235043346882,126.53759558871388,0.0,0.0
161.93661070615053,126.77812942489982,0.0,0.0
161.4858651086688,122.21101918444037,1.0,0.0
160.71156188100576,113.12899925932288,1.0,0.0
160.12077978998423,104.25289728865027,1.0,0.0
159.72675151377916,95.36282577738166,1.0,0.0
159.50151476264,86.54169299826026,1.0,0.0
159.3963894173503,77.72260465845466,1.0,0.0
159.1829760670662,69.42769267782569,1.0,0.0
158.23970618844032,70.70698120817542,0.0,0.0
157.12413783371449,72.96905287727714,0.0,0.0
155.30178378522396,83.9097476862371,0.0,0.0
153.18657229840755,99.63995703682303,0.0,0.0
148.7361387461424,118.81473072990775,0.0,0.0
142.31301705539227,142.57152327522635,0.0,0.0
135.45620004832745,166.08520754799247,0.0,0.0
131.83308045566082,179.77061280235648,0.0,0.0
130.80171297490597,184.66064163669944,0.0,0.0
130.06473343074322,186.69580319151282,0.0,1.0
