x,y,hover,eod
136.87077963352203,72.81192296743393,0.0,0.0
134.4068823158741,77.4775123000145,0.0,0.0
127.71422842144966,90.3569101691246,0.0,0.0
116.53394678235054,104.93392580747604,0.0,0.0
104.58189824223518,117.95867675542831,0.0,0.0
95.6534174978733,126.48319119215012,0.0,0.0
91.81798228621483,128.99742716550827,0.0,0.0
92.03072683513165,129.4278700053692,0.0,0.0
94.21688215434551,129.1178058795631,0.0,0.0
99.95784656703472,129.47775512561202,0.0,0.0
113.01439420878887,129.56518244557083,0.0,0.0
127.08058850467205,128.53208061866462,0.0,0.0
142.2084047049284,127.6145221721381,0.0,0.0
154.95854870975018,126.29847724549472,0.0,0.0
160.87645845115185,125.39716531150043,0.0,0.0
164.05543909966946,124.52851404063404,0.0,0.0
164.64005430787802,125.03707334958017,0.0,0.0
163.08978637307882,124.94576139934361,0.0,0.0
160.34606298059225,119.52961965091527,1.0,0.0
156.8506263718009,111.41869111545384,1.0,0.0
153.118716083467,103.2121793795377,1.0,0.0
149.33700224012136,95.17487867362797,1.0,0.0
145.95012357085943,88.46567972190678,1.0,0.0
146.42127787321806,92.76539845950902,0.0,0.0
146.9738361015916,97.77398629672825,0.0,0.0
147.63739643245935,112.64574928767979,0.0,0.0
148.70108423382044,129.88548560626805,0.0,0.0
150.2222707644105,148.61590667255223,0.0,0.0
151.73826260119677,166.13817019946873,0.0,0.0
151.5608318299055,177.96690984256566,0.0,0.0
151.2735048085451,182.51241786964238,0.0,0.0
151.08927065134048,184.3199476469308,0.0,1.0
