x,y,hover,eod
112.09276550263166,72.9417250007391,0.0,0.0
112.274389795959,73.88076488673687,0.0,0.0
111.63061098009348,78.58623956143856,0.0,0.0
108.72434244304895,93.04984067380428,0.0,0.0
104.33730707317591,110.05349014699459,0.0,0.0
99.41281393915415,126.61365006864071,0.0,0.0
94.6270056143403,138.45780585706234,0.0,0.0
91.08709857612848,148.72339342534542,0.0,0.0
90.79226392135024,151.99576412141323,0.0,0.0
91.59975270554423,153.3185863941908,0.0,0.0
93.64339629933238,152.2898144721985,0.0,0.0
100.75170497223735,148.24875485897064,0.0,0.0
112.0377550534904,141.94938790798187,0.0,0.0
124.0960452966392,135.61760079860687,0.0,0.0
137.76990751549602,130.68672639131546,0.0,0.0
148.09003810212016,127.17684549093246,0.0,0.0
156.5961412601173,124.49654561281204,0.0,0.0
161.99563781544566,122.07132470607758,0.0,0.0
164.9432430677116,119.10912227630615,0.0,0.0
166.41602347418666,116.65232238173485,0.0,0.0
163.29193959757686,112.06195351481438,1.0,0.0
157.17191706225276,105.2097952067852,1.0,0.0
150.97554395720363,98.32560476660728,1.0,0.0
144.75649009272456,91.48548302054405,1.0,0.0
140.76340357586741,87.57134434580803,1.0,0.0
139.39950997754931,89.49420568346977,0.0,0.0
138.4125726930797,91.29122224450111,0.0,0.0
138.578360889107,98.16223469376564,0.0,0.0
139.261106017977,116.81684461236,0.0,0.0
139.52689791843295,133.41545429825783,0.0,0.0
139.43011822924018,149.2379519045353,0.0,0.0
139.32029028236866,163.16282120347023,0.0,0.0
138.9792725890875,173.9228257238865,0.0,0.0
138.89721564762294,180.50642517209053,0.0,0.0
139.50889296643436,183.52959153056145,0.0,1.0
