x,y,hover,eod
123.32366387546062,77.32553225755692,0.0,0.0
123.72336554527283,77.65777786076069,0.0,0.0
122.48127910494804,81.21428121626377,0.0,0.0
114.92493841052055,92.61113156378269,0.0,0.0
105.84041985869408,103.69993437826633,0.0,0.0
101.17294642329216,110.10612715780735,0.0,0.0
96.69386747479439,115.13453711569309,0.0,0.0
93.83426907658577,119.79030688107014,0.0,0.0
92.47043091058731,123.55286200344563,0.0,0.0
92.245431907475,126.57303114235401,0.0,0.0
94.90592963248491,129.90821261703968,0.0,0.0
103.92065770179033,133.98123671114445,0.0,0.0
116.7603123858571,136.93942685425282,0.0,0.0
130.52186376601458,139.67374195158482,0.0,0.0
141.99245101958513,143.3466713577509,0.0,0.0
147.70917660742998,145.06719355285168,0.0,0.0
150.2139047458768,146.11359436810017,0.0,0.0
153.0200741365552,146.28880535066128,0.0,0.0
153.12635935097933,146.24689151346684,0.0,0.0
153.08117797784507,145.6200775206089,0.0,0.0
153.51319676451385,138.39755859971046,1.0,0.0
154.7005060892552,130.55095401406288,1.0,0.0
155.8943424951285,122.75628712773323,1.0,0.0
157.08884297125041,114.92634919285774,1.0,0.0
158.54744387976825,107.07414773106575,1.0,0.0
160.11905698291957,99.06738725304604,1.0,0.0
161.8721529673785,91.07454386353493,1.0,0.0
163.7572943996638,83.12715020775795,1.0,0.0
164.285012466833,79.89018049836159,1.0,0.0
160.24308292381465,88.17311969399452,0.0,0.0
152.0290222596377,104.81713381409645,0.0,0.0
142.65250770561397,122.21146550774574,0.0,0.0
131.40657512657344,142.59200540184975,0.0,0.0
122.73809937946498,156.64762464165688,0.0,0.0
113.90271632187068,169.75861278176308,0.0,0.0
108.92997710220516,177.13505771756172,0.0,0.0
107.46421409957111,179.6968364417553,0.0,0.0
107.47393699549139,180.45678821206093,0.0,0.0
108.07449726574123,179.77480117976665,0.0,1.0
