x,y,hover,eod
150.76946240291,70.41414752602577,0.0,0.0
150.70056147314608,70.78115809708834,0.0,0.0
149.41561646200716,72.40277905017138,0.0,0.0
143.57287413813174,79.50792390853167,0.0,0.0
135.83536512590945,87.6364179328084,0.0,0.0
122.29569084383547,100.97756583243608,0.0,0.0
110.18079883791506,109.8451455309987,0.0,0.0
101.00345618464053,116.64167422801256,0.0,0.0
95.57946688868105,120.44025797396898,0.0,0.0
93.05953092314303,123.14300436526537,0.0,0.0
91.21571875549853,125.03833744674921,0.0,0.0
92.42550305463374,126.59749988466501,0.0,0.0
94.9644701872021,128.5987365618348,0.0,0.0
102.73842743970454,131.67695555835962,0.0,0.0
114.06232766248286,133.58330849558115,0.0,0.0
126.56545809842646,134.4248365238309,0.0,0.0
139.91044692136347,134.38382145017385,0.0,0.0
151.0959797296673,135.56311782449484,0.0,0.0
158.1050895843655,136.56534243375063,0.0,0.0
161.11094585992396,137.54201587289572,0.0,0.0
164.2311348710209,138.0745768174529,0.0,0.0
165.40820426680148,137.9966185055673,0.0,0.0
166.08878068067133,137.1157798729837,0.0,0.0
165.2466548178345,135.10617380961776,1.0,0.0
162.8624918255955,127.96513682231307,1.0,0.0
160.63804350234568,120.85833555087447,1.0,0.0
158.49938891269267,113.78519838675857,1.0,0.0
156.50030098296702,106.75749724730849,1.0,0.0
154.697339752689,99.8867136798799,1.0,0.0
153.1640503499657,100.50409877672791,1.0,0.0
151.56142331101,107.10858488455415,0.0,0.0
149.88236821629107,119.32490373030305,0.0,0.0
147.0359460208565,131.7151048220694,0.0,0.0
143.14890093542635,145.80099845305085,0.0,0.0
136.57469517923892,164.91848492994905,0.0,0.0
132.37798310257494,177.21849346533418,0.0,0.0
130.61809785105288,183.485391382128,0.0,0.0
130.0620317775756,185.67989269271493,0.0,0.0
129.5525764990598,186.85867691412568,0.0,0.0
129.34474199451506,186.39788376167417,0.0,1.0
