x,y,hover,eod
116.84241724014282,80.92975217103958,0.0,0.0
116.78440137580037,83.80274492502213,0.0,0.0
115.45080452039838,88.19205719232559,0.0,0.0
110.6876000650227,104.5144744515419,0.0,0.0
104.0775224454701,121.03481727838516,0.0,0.0
97.44212179258466,135.15987116098404,0.0,0.0
93.32652269676328,144.3528659939766,0.0,0.0
91.97390734031796,149.79368525743484,0.0,0.0
91.36095966026187,153.8197122812271,0.0,0.0
92.6985485367477,155.83221438527107,0.0,0.0
98.53554020449519,156.7136285007,0.0,0.0
110.26128182932734,153.47261133790016,0.0,0.0
122.43525515124202,148.1327033340931,0.0,0.0
137.12012658640742,140.82100692391396,0.0,0.0
149.3205536417663,135.67543390393257,0.0,0.0
157.89421508833766,132.20854523777962,0.0,0.0
161.69872830435634,130.75835692882538,0.0,0.0
164.2863313369453,129.65025867521763,0.0,0.0
165.94632322713733,128.76688341796398,0.0,0.0
166.31171914562583,127.55538421869278,0.0,0.0
164.78033247217536,124.23549461364746,1.0,0.0
161.13934698328376,116.38938653469086,1.0,0.0
157.65148195251822,108.57173252105713,1.0,0.0
154.35767295584083,100.57868707180023,1.0,0.0
151.13297226652503,92.47987258434296,1.0,0.0
147.95789393410087,84.32391333580017,1.0,0.0
144.83918580040336,76.13308835029602,1.0,0.0
141.78879680857062,67.8889696598053,1.0,0.0
139.7448839507997,64.69135183095932,1.0,0.0
139.45837910100818,70.33493059873581,0.0,0.0
140.99878902360797,82.3743297457695,0.0,0.0
142.69779394194484,91.84639948606491,0.0,0.0
146.437595885247,106.6345574259758,0.0,0.0
148.92739455029368,122.60298746824265,0.0,0.0
151.4989383034408,139.4996001124382,0.0,0.0
153.60191951319575,154.9578191637993,0.0,0.0
155.35242299363017,168.28042763471603,0.0,0.0
157.60415027663112,179.05158299207687,0.0,0.0
158.31273431703448,186.22505623102188,0.0,0.0
158.07086157426238,189.77727580070496,0.0,0.0
157.79224234446883,192.35600489377975,0.0,0.0
156.9731202237308,191.95444184541702,0.0,1.0
