x,y,hover,eod
129.98265671730042,80.34397882223129,0.0,0.0
126.32984060049057,84.1488419175148,0.0,0.0
117.57753747701645,97.08243948221207,0.0,0.0
106.80313843488693,110.93916875123978,0.0,0.0
95.42113560438156,126.93511110544205,0.0,0.0
91.02130699157715,133.86680048704147,0.0,0.0
89.27490937709808,136.25569847226143,0.0,0.0
89.9729470461607,137.00428147614002,0.0,0.0
93.64924530684948,137.8864290267229,0.0,0.0
106.94983939826488,138.77707239985466,0.0,0.0
120.90445618331432,137.74096530675888,0.0,0.0
134.7836206406355,136.4117546081543,0.0,0.0
147.05146531760693,135.1246867775917,0.0,0.0
155.17009715735912,134.53198187798262,0.0,0.0
160.20475606620312,134.3072967492044,0.0,0.0
164.15662686526775,133.1935625039041,0.0,0.0
166.536624237895,132.84860110655427,0.0,0.0
167.62616555392742,131.26116416230798,0.0,0.0
165.50498421490192,124.06837126985192,1.0,0.0
163.0060846656561,114.32085356488824,1.0,0.0
160.62629188597202,104.36196706071496,1.0,0.0
158.41756816208363,94.4924005009234,1.0,0.0
156.34008060395718,84.75963434949517,1.0,0.0
154.22754506766796,75.14875731244683,1.0,0.0
151.85436080396175,66.23030385747552,1.0,0.0
149.2071418017149,75.09853980317712,0.0,0.0
147.0959218889475,89.95656749978662,0.0,0.0
146.1338519603014,103.1120624281466,0.0,0.0
143.11679030954838,129.60791489854455,0.0,0.0
138.62515802681446,152.74744889512658,0.0,0.0
135.19892598688602,171.62412783876061,0.0,0.0
132.9397524446249,183.01402351632714,0.0,0.0
131.5538997501135,188.76829705014825,0.0,0.0
130.93222606182098,190.9678625203669,0.0,0.0
130.63313150033355,191.04411650262773,0.0,1.0
