x,y,hover,eod
100.02854820340872,79.3019449710846,0.0,0.0
100.09322864934802,78.69887478649616,0.0,0.0
100.14032101258636,77.88377158343792,0.0,0.0
99.90745760500431,78.13590582460165,0.0,0.0
99.67180671170354,78.36875680834055,0.0,0.0
99.53162090852857,78.84365301579237,0.0,0.0
99.39117311500013,80.0994261726737,0.0,0.0
97.57660477422178,90.31170930713415,0.0,0.0
96.92769094370306,106.68149676173925,0.0,0.0
97.2272443305701,120.57179655879736,0.0,0.0
100.34116293303668,131.18199791759253,0.0,0.0
106.00733424536884,134.8703607544303,0.0,0.0
118.84362961165607,136.95975210517645,0.0,0.0
130.4420819412917,137.40836065262556,0.0,0.0
140.20976210944355,137.9154695942998,0.0,0.0
147.08373214118183,139.88640386611223,0.0,0.0
149.90451659075916,141.89392570406199,0.0,0.0
152.05603103153408,146.70337680727243,0.0,0.0
150.29041598550975,153.3763748779893,0.0,0.0
144.56365297548473,160.45259300619364,0.0,0.0
135.96218596212566,168.34830407053232,0.0,0.0
126.048697931692,174.53137937933207,0.0,0.0
114.1259319614619,179.25098661333323,0.0,0.0
104.41816101782024,177.933737821877,0.0,0.0
98.15488944761455,172.95574773103,0.0,0.0
94.46626017801464,163.81030309945345,0.0,0.0
93.42693152837455,157.21084404736757,0.0,0.0
94.00427269749343,149.2522006109357,1.0,0.0
95.02503546886146,141.75483632832766,1.0,0.0
96.37456717900932,134.50175572186708,1.0,0.0
98.02632617764175,127.45091307908297,1.0,0.0
99.86103969626129,120.66180516034365,1.0,0.0
101.79680052213371,113.99642754346132,1.0,0.0
103.84635451249778,107.40717399865389,1.0,0.0
106.05519312433898,100.97896803170443,1.0,0.0
108.51064342074096,94.70226276665926,1.0,0.0
111.60851734690368,88.3588670566678,1.0,0.0
116.4452977757901,83.95947623997927,1.0,0.0
123.59801965765655,83.28410316258669,0.0,0.0
134.95137530378997,85.17370123416185,0.0,0.0
144.40313595347106,87.95964974910021,0.0,0.0
153.01401454024017,90.08546996861696,0.0,0.0
158.64045876078308,91.32009450346231,0.0,0.0
161.5663971286267,91.76694255322218,0.0,0.0
163.0871784966439,91.93530436605215,0.0,0.0
163.04419888183475,91.98275637347251,0.0,0.0
162.85735860466957,92.09255828056484,0.0,0.0
162.78851851820946,92.38897309172899,0.0,0.0
161.3694255053997,93.30935940612108,0.0,1.0
