x,y,hover,eod
104.11018943041563,83.52351398766041,0.0,0.0
104.32327385619283,83.1056751832366,0.0,0.0
104.60538275167346,83.33295538648963,0.0,0.0
104.55396824143827,83.84549744054675,0.0,0.0
104.08624005131423,84.55956168100238,0.0,0.0
102.55702820234,91.85255594179034,0.0,0.0
100.63266780786216,105.6867165081203,0.0,0.0
99.92917519621551,117.76495881006122,0.0,0.0
101.2284600418061,127.87541217729449,0.0,0.0
103.66353359632194,134.6369255296886,0.0,0.0
109.1570517104119,136.96589536592364,0.0,0.0
119.3733569663018,138.7940064780414,0.0,0.0
128.9274432938546,138.7605355642736,0.0,0.0
136.68649044446647,139.71788607165217,0.0,0.0
142.2210427802056,140.67808575555682,0.0,0.0
146.44063946418464,142.7517607025802,0.0,0.0
150.48051681928337,146.41153357550502,0.0,0.0
151.46031890623271,152.67835281416774,0.0,0.0
150.2390003632754,157.79440126940608,0.0,0.0
146.86580960266292,162.33927093073726,0.0,0.0
140.1497078370303,167.50376246497035,0.0,0.0
127.98143510334194,172.607218246907,0.0,0.0
117.28976850025356,174.72124360129237,0.0,0.0
109.22328893654048,174.10967699810863,0.0,0.0
103.57876722328365,171.53221837803721,0.0,0.0
99.21025161258876,167.5027372650802,0.0,0.0
95.28530989401042,159.8864122442901,0.0,0.0
94.66818906925619,151.91965244337916,1.0,0.0
94.69958456791937,145.36079309508204,1.0,0.0
94.8859143871814,138.91076109930873,1.0,0.0
95.29896552301943,132.6152601055801,1.0,0.0
95.95818186737597,126.53454266116023,1.0,0.0
96.73691059090197,120.52639029547572,1.0,0.0
97.62887130118906,114.48633633181453,1.0,0.0
98.63131257332861,108.46044621989131,1.0,0.0
99.77587910927832,102.45739660784602,1.0,0.0
101.30305769480765,96.81598089262843,1.0,0.0
104.55542566813529,95.62210760638118,0.0,0.0
107.76765021122992,94.49081651493907,0.0,0.0
116.74753996171057,92.35636017844081,0.0,0.0
126.27001258172095,91.3146346770227,0.0,0.0
134.88268884457648,90.44303938373923,0.0,0.0
144.79091140069067,89.83670159801841,0.0,0.0
151.7529186848551,89.40731800720096,0.0,0.0
155.90895684994757,88.86235661432147,0.0,0.0
159.0785753969103,88.15973654016852,0.0,0.0
160.15180381573737,88.23634193371981,0.0,0.0
160.79538981057703,88.40265530254692,0.0,0.0
161.37560753710568,88.13126399274915,0.0,1.0
