x,y,hover,eod
107.93372496217489,75.96068820357323,0.0,0.0
108.03530663438141,75.87819392234087,0.0,0.0
108.0366812478751,76.20633284002542,0.0,0.0
107.79936785064638,79.56728736311197,0.0,0.0
105.58857882581651,90.90459743887186,0.0,0.0
102.14259708486497,103.60690990835428,0.0,0.0
99.30261755548418,113.76794735342264,0.0,0.0
98.0428459700197,124.77290550619364,0.0,0.0
99.40897667966783,128.79036585241556,0.0,0.0
104.44345439039171,132.12308714538813,0.0,0.0
115.44380868040025,133.49044183641672,0.0,0.0
124.76179087720811,134.86681858450174,0.0,0.0
134.9108239468187,136.76587934046984,0.0,0.0
139.65484524331987,139.45978993922472,0.0,0.0
142.17310900054872,144.91899306327105,0.0,0.0
142.16675116866827,153.3381181433797,0.0,0.0
139.21608283370733,160.5674230530858,0.0,0.0
133.13358023017645,167.65321547538042,0.0,0.0
124.51957657188177,174.09077639132738,0.0,0.0
115.10212018340826,178.35725421458483,0.0,0.0
106.04381337016821,180.4712569192052,0.0,0.0
98.54942097514868,180.0648551657796,0.0,0.0
92.53799214214087,176.01112569123507,0.0,0.0
89.39087613672018,168.32825387269258,0.0,0.0
90.06147734075785,159.30654252320528,1.0,0.0
91.93989283591509,152.79051268845797,1.0,0.0
93.93711648136377,146.3128420189023,1.0,0.0
96.02550170570612,139.882221467793,1.0,0.0
98.29832769185305,133.71903563290834,1.0,0.0
100.5243728235364,127.71473789960146,1.0,0.0
102.73857719451189,121.85714031010866,1.0,0.0
105.05890346318483,116.17127860337496,1.0,0.0
107.47306904941797,110.74305856972933,1.0,0.0
109.85061801224947,105.51861787587404,1.0,0.0
112.33848831802607,100.48432791978121,1.0,0.0
114.90474841743708,95.6004744246602,1.0,0.0
117.62461594492197,90.92926616221666,1.0,0.0
120.77535561472178,86.46211827546358,1.0,0.0
124.6763985529542,82.74387950450182,0.0,0.0
128.73401246219873,79.92378766089678,0.0,0.0
135.25550089031458,79.76021195203066,0.0,0.0
141.03395960479975,81.24195570498705,0.0,0.0
147.8706379905343,83.58008990436792,0.0,0.0
154.5591749921441,86.3008121624589,0.0,0.0
159.7649183049798,88.1696325019002,0.0,0.0
163.61222050338984,89.42984903603792,0.0,0.0
166.7267291918397,90.34743206948042,0.0,0.0
167.76167175918818,90.69325251877308,0.0,0.0
167.49472565203905,90.7059225011617,0.0,0.0
167.41021993756294,90.77280762512237,0.0,0.0
167.4032879639417,90.94494392070919,0.0,0.0
167.3636358808726,91.20434501115233,0.0,0.0
167.3837626511231,91.47804760280997,0.0,0.0
166.44854267779738,91.79417283181101,0.0,1.0
