x,y,hover,eod
111.85662590712309,74.96992109715939,0.0,0.0
111.83482239302248,73.9867623001337,0.0,0.0
112.03793971147388,74.8240460306406,0.0,0.0
110.85951177682728,83.71565176546574,0.0,0.0
105.61105875577778,98.89022780954838,0.0,0.0
99.61819200124592,115.59868647158146,0.0,0.0
98.55314491596073,127.34463883936405,0.0,0.0
101.18344454374164,130.38261844217777,0.0,0.0
113.53252915944904,130.66790981590748,0.0,0.0
125.81045894231647,130.70537629909813,0.0,0.0
137.14952258672565,132.82152611203492,0.0,0.0
142.9442807873711,136.45529377646744,0.0,0.0
144.36684830393642,144.19330823607743,0.0,0.0
140.8877079030499,155.50239551253617,0.0,0.0
133.56976194586605,165.8642469663173,0.0,0.0
124.20390470232815,173.52503586001694,0.0,0.0
113.71349437441677,179.54606580920517,0.0,0.0
101.0544775268063,182.9731066841632,0.0,0.0
92.16476960387081,182.90285795368254,0.0,0.0
86.12414283957332,178.42218726314604,0.0,0.0
86.0636241575703,167.54736989177763,0.0,0.0
88.62804783787578,158.11539261974394,1.0,0.0
91.39973534550518,149.4442972484976,1.0,0.0
94.16930957045406,140.79265385307372,1.0,0.0
96.9239015718922,132.2036054674536,1.0,0.0
99.79475779738277,123.78868549503386,1.0,0.0
102.78907401766628,115.53968578018248,1.0,0.0
105.9527449151501,107.51799195446074,1.0,0.0
109.39583225455135,99.71252887882292,1.0,0.0
113.31548048462719,92.62071757949889,1.0,0.0
117.86327345576137,91.59457772411406,0.0,0.0
123.71561629977077,92.05073728598654,0.0,0.0
133.62171514239162,96.26654073037207,0.0,0.0
143.54343159403652,100.91400637663901,0.0,0.0
153.3620832702145,105.22518470324576,0.0,0.0
161.74299819674343,108.9070393089205,0.0,0.0
165.49643172230572,111.13607972301543,0.0,0.0
168.5214413544163,113.88763427175581,0.0,0.0
170.25339512433857,115.86847796477377,0.0,0.0
171.12094549741596,117.41491779126227,0.0,1.0
