x,y,hover,eod
90.05397098138928,91.21801434457302,0.0,0.0
90.11846707668155,91.48753732815385,0.0,0.0
90.24287014734,91.84420843049884,0.0,0.0
90.49352470319718,93.73842049762607,0.0,0.0
90.58822961058468,99.66668356582522,0.0,0.0
92.24511460866779,111.41652573272586,0.0,0.0
95.14433072414249,126.49312127754092,0.0,0.0
97.67959491815418,133.44264973327518,0.0,0.0
100.9723420580849,135.22829432412982,0.0,0.0
108.43903140630573,134.88246608898044,0.0,0.0
117.68504397477955,133.26002437993884,0.0,0.0
126.6055698832497,130.27650166675448,0.0,0.0
136.32304267492145,127.15643275901675,0.0,0.0
142.48643891420215,125.96093837544322,0.0,0.0
147.14846627321094,126.54379483684897,0.0,0.0
150.8650349220261,132.09456798061728,0.0,0.0
152.8353060921654,140.90654369816184,0.0,0.0
151.2395809730515,149.76672944054008,0.0,0.0
147.81570659484714,157.66093727573752,0.0,0.0
142.92912559118122,164.48130842670798,0.0,0.0
134.75296632852405,171.53981801494956,0.0,0.0
125.60322241391987,176.25060107931495,0.0,0.0
117.18642847146839,178.57915964350104,0.0,0.0
110.35972849931568,177.13849168643355,0.0,0.0
105.53090260829777,173.46495133265853,0.0,0.0
102.22463594283909,165.12029987201095,1.0,0.0
101.19338312651962,158.32221191748977,1.0,0.0
100.10387831833214,151.4973549209535,1.0,0.0
99.07315091695637,144.60917752608657,1.0,0.0
98.07650433387607,137.68391471728683,1.0,0.0
97.19745436217636,130.80107134208083,1.0,0.0
96.43702113535255,124.05875128135085,1.0,0.0
95.71944208350033,117.49393623694777,1.0,0.0
95.00801966991276,111.09655302390456,1.0,0.0
94.44230874534696,104.87243574485183,1.0,0.0
94.13274341728538,98.89401357993484,1.0,0.0
95.5541775515303,96.78622227534652,1.0,0.0
97.70259746816009,96.39833365008235,0.0,0.0
100.8088601520285,96.20864060148597,0.0,0.0
108.94191810395569,95.70812855288386,0.0,0.0
118.65070351865143,93.88830636069179,0.0,0.0
127.74587997701019,91.83354545757174,0.0,0.0
135.70372947957367,90.8069809190929,0.0,0.0
142.78288909699768,90.20470787212253,0.0,0.0
146.47947707679123,89.95927185192704,0.0,0.0
150.59782394673675,90.22624722123146,0.0,0.0
152.9459879687056,90.23670313321054,0.0,0.0
163.11772087123245,82.50988182984293,0.0,0.0
167.8116134693846,79.09269688092172,0.0,1.0
