x,y,hover,eod
105.15988832712173,81.00690597295761,0.0,0.0
104.3747323602438,82.9765340089798,0.0,0.0
103.00689889490604,87.10766756534576,0.0,0.0
100.04266275465488,97.87829601764679,0.0,0.0
98.61089600622654,108.220672249794,0.0,0.0
99.41745518147945,117.30427885055542,0.0,0.0
101.62914572656155,121.34513103961945,0.0,0.0
111.28968416154385,124.36288619041443,0.0,0.0
121.47217689454556,126.11968883872032,0.0,0.0
129.86030040681362,128.26631957292557,0.0,0.0
135.23566363751888,132.50250631570816,0.0,0.0
137.43746696412563,138.77614790201187,0.0,0.0
137.06689665466547,147.02338689565659,0.0,0.0
134.17280266433954,154.6950357556343,0.0,0.0
127.6542336717248,162.18093210458755,0.0,0.0
119.62151596695185,168.94281142950058,0.0,0.0
112.09246704727411,173.17172253131866,0.0,0.0
102.36597070842981,176.05176502466202,0.0,0.0
94.32144293934107,173.86072584986687,0.0,0.0
90.33673653751612,167.35688576102257,0.0,0.0
90.22117326408625,158.16193589568138,1.0,0.0
91.96852246671915,150.96551963686943,1.0,0.0
93.71249536424875,143.73710224032402,1.0,0.0
95.60401821881533,136.6649783551693,1.0,0.0
97.67162913829088,129.643502920866,1.0,0.0
99.75118929892778,122.85656043887138,1.0,0.0
101.8757384493947,116.27777346968651,1.0,0.0
104.15147463232279,109.90739116072655,1.0,0.0
106.49265448004007,103.68942746520042,1.0,0.0
108.95693639665842,97.5465358197689,1.0,0.0
111.63534144312143,91.46549233794212,1.0,0.0
115.24458984285593,90.50504529476166,1.0,0.0
119.01657620817423,90.62180105224252,0.0,0.0
126.7876193895936,92.76206705346704,0.0,0.0
135.18758872896433,95.42586866393685,0.0,0.0
141.86713675409555,97.87528145685792,0.0,0.0
150.307380951941,100.78969407454133,0.0,0.0
157.18139151483774,103.50462127104402,0.0,0.0
161.19057247787714,104.84140563383698,0.0,0.0
164.25538489967585,106.4506207741797,0.0,0.0
165.69514299184084,107.2648971118033,0.0,0.0
166.56520391255617,108.53114712610841,0.0,0.0
166.74159543961287,110.00476378574967,0.0,1.0
