x,y,hover,eod
101.66942855715752,90.61832892894745,0.0,0.0
102.504547894001,93.09338915348053,0.0,0.0
104.35269019007683,101.09038698673248,0.0,0.0
106.62145158648491,112.96084034442902,0.0,0.0
109.23082134127617,123.73496639728546,0.0,0.0
112.25992849469185,131.1154316663742,0.0,0.0
114.24378445744514,133.87593764066696,0.0,0.0
118.35652789473534,135.64950454235077,0.0,0.0
128.04906329512596,134.720020622015,0.0,0.0
137.89370080828667,129.65244922041893,0.0,0.0
145.20581385493279,125.64306768774986,0.0,0.0
149.8521410524845,124.12526416778564,0.0,0.0
153.0923100411892,124.6583139449358,0.0,0.0
157.86314240098,128.62188513576984,0.0,0.0
161.15393123030663,136.77402372658253,0.0,0.0
161.7148038968444,144.58477671444416,0.0,0.0
159.50701462477446,152.7391463071108,0.0,0.0
155.250442199409,161.73854227364063,0.0,0.0
149.1422046944499,169.63379795849323,0.0,0.0
140.92947440594435,175.57761903107166,0.0,0.0
133.49265175312757,178.17863132059574,0.0,0.0
126.46587448567152,178.71369353681803,0.0,0.0
120.00214057415724,175.29608301073313,0.0,0.0
114.44735484570265,168.44993821531534,1.0,0.0
112.69663619250059,161.79802469164133,1.0,0.0
111.01263093203306,155.18438807874918,1.0,0.0
109.45894079655409,148.48421386629343,1.0,0.0
107.56013112515211,141.45907870680094,1.0,0.0
105.532342068851,134.32107380777597,1.0,0.0
103.44991358369589,127.15780249983072,1.0,0.0
101.34377705305815,120.0907849445939,1.0,0.0
99.30977778881788,113.17908696085215,1.0,0.0
97.46771412342787,106.24182156473398,1.0,0.0
95.99518480151892,99.30259279161692,1.0,0.0
100.16205193847418,96.76998040825129,1.0,0.0
103.95666601508856,94.04682419449091,0.0,0.0
114.48772075027227,90.40147266536951,0.0,0.0
126.56537415832281,85.98594627529383,0.0,0.0
137.28300216048956,83.20811412483454,0.0,0.0
145.2610314115882,81.34509406238794,0.0,0.0
150.1607641801238,80.54056703299284,0.0,0.0
153.1037858352065,79.50531645864248,0.0,0.0
155.22897454351187,79.0177293792367,0.0,0.0
155.6661452949047,78.89327052235603,0.0,0.0
155.8004112392664,78.99978476762772,0.0,1.0
