x,y,hover,eod
97.3839572519064,73.33146616071463,0.0,0.0
97.92768710106611,73.62515787780285,0.0,0.0
98.39779895544052,74.28277204930782,0.0,0.0
98.67713221162558,80.24697969853878,0.0,0.0
99.07347720861435,91.19488786160946,0.0,0.0
99.75235764682293,108.88827155530453,0.0,0.0
99.59305790066719,126.73604319989681,0.0,0.0
101.73008647561073,136.64504896104336,0.0,0.0
104.83735439181328,137.99950848519802,0.0,0.0
114.33915016055107,134.6390349715948,0.0,0.0
124.17223808169365,130.72267572581768,0.0,0.0
135.0409388244152,128.47063253819942,0.0,0.0
142.197763890028,128.97750879824162,0.0,0.0
145.7210814654827,133.23677714169025,0.0,0.0
147.18058270215988,141.2588566094637,0.0,0.0
146.1365359723568,149.29290886223316,0.0,0.0
142.5498407781124,158.67624516785145,0.0,0.0
136.4922922551632,166.881708458066,0.0,0.0
128.7717133462429,175.8882623463869,0.0,0.0
121.51455935835838,181.4955943375826,0.0,0.0
114.78099343180656,183.73190830647945,0.0,0.0
109.23581239581108,182.74478654563427,0.0,0.0
103.54847845435143,175.38511614501476,0.0,0.0
100.3488230407238,164.48778967559338,1.0,0.0
100.35825627669692,156.69696371257305,1.0,0.0
100.45921625383198,149.07341460883617,1.0,0.0
100.56966591440141,141.52250330150127,1.0,0.0
100.86457799933851,134.03737227618694,1.0,0.0
101.43896642886102,126.63052301108837,1.0,0.0
102.25852805934846,119.2410169094801,1.0,0.0
103.33457108400762,111.98923330008984,1.0,0.0
104.57222234271467,104.69048957526684,1.0,0.0
105.9434206392616,97.49308268725872,1.0,0.0
107.55451213382185,90.37812392413616,1.0,0.0
109.69559710286558,84.9154929369688,1.0,0.0
112.56098817847669,84.57980300486088,0.0,0.0
115.71910481713712,84.45420055836439,0.0,0.0
124.07515924237669,85.75387238711119,0.0,0.0
133.60597949288785,87.2056592926383,0.0,0.0
142.18856673501432,89.4856119081378,0.0,0.0
149.79176562093198,91.63172929733992,0.0,0.0
153.7157322075218,92.785774089396,0.0,0.0
156.84457640908659,94.01648818701506,0.0,0.0
158.0929126944393,95.02232357114553,0.0,0.0
158.8722180929035,95.96866234391928,0.0,0.0
159.08255060948431,96.34650531411171,0.0,1.0
