x,y,hover,eod
100.97452674433589,82.2455971762538,0.0,0.0
101.02242537215352,82.64291018992662,0.0,0.0
101.31586112454534,83.705690510571,0.0,0.0
101.65711347386241,87.95109451562166,0.0,0.0
101.58395778760314,98.19626510888338,0.0,0.0
102.42146056517959,108.58672917634249,0.0,0.0
103.41588493809104,117.65824616700411,0.0,0.0
105.6441232226789,125.2311712577939,0.0,0.0
107.95625295862556,131.84307814389467,0.0,0.0
111.89652439579368,135.67796320468187,0.0,0.0
119.2511361502111,135.96749952808022,0.0,0.0
129.95095190033317,132.87995598092675,0.0,0.0
138.2679509781301,129.92690822854638,0.0,0.0
144.14224978908896,128.8652575649321,0.0,0.0
148.7264749072492,130.00792837515473,0.0,0.0
152.3736637495458,132.6470095552504,0.0,0.0
154.78402074798942,137.97560638561845,0.0,0.0
155.1707325167954,144.88418466225266,0.0,0.0
153.76717009022832,150.75295693054795,0.0,0.0
150.05806990340352,157.19839340820909,0.0,0.0
143.2041961736977,165.2199870981276,0.0,0.0
134.84669931605458,170.73654121533036,0.0,0.0
127.42166765406728,173.6580473817885,0.0,0.0
118.43431957438588,174.66446003690362,0.0,0.0
114.17712159827352,174.61714451480657,0.0,0.0
108.3495832271874,171.58442561794072,0.0,0.0
105.48668213561177,165.6756753223017,1.0,0.0
104.46929164603353,159.04515748191625,1.0,0.0
103.64807658270001,152.43022923637182,1.0,0.0
102.96150267496705,145.78092162776738,1.0,0.0
102.46343195810914,138.95617013145238,1.0,0.0
102.02823989465833,132.19885771442205,1.0,0.0
101.64124068245292,125.36820476222783,1.0,0.0
101.43841311708093,118.64295725990087,1.0,0.0
101.48093903809786,112.11069231200963,1.0,0.0
101.65218109637499,105.75679247546941,1.0,0.0
102.00363831967115,99.6623933808878,1.0,0.0
102.59139256924391,94.05567650962621,1.0,0.0
105.46805875748396,93.38103954959661,0.0,0.0
108.34704416245222,92.58877051342279,0.0,0.0
116.65252523869276,91.65626970399171,0.0,0.0
125.21690326184034,90.90303351450711,0.0,0.0
136.01978855580091,88.07092656660825,0.0,0.0
145.2878208681941,86.21327881980687,0.0,0.0
149.38918011635542,85.51999670732766,0.0,0.0
151.66025909036398,85.36736472789198,0.0,0.0
153.08328377455473,85.3239311305806,0.0,1.0
