x,y,hover,eod
100.24246629327536,78.18498362973332,0.0,0.0
100.55397905409336,78.4574672318995,0.0,0.0
100.97592696547508,78.92676905915141,0.0,0.0
101.56929466873407,86.9023402146995,0.0,0.0
102.52227444201708,98.52222756668925,0.0,0.0
103.29266887158155,110.00047163292766,0.0,0.0
106.27611588686705,118.8834251575172,0.0,0.0
109.86844282597303,124.1263850145042,0.0,0.0
114.72327005118132,126.28336222097278,0.0,0.0
125.12826334685087,125.91029566898942,0.0,0.0
134.56016074866056,123.84382081404328,0.0,0.0
141.92823003977537,123.76040715910494,0.0,0.0
146.85248624533415,125.11854056455195,0.0,0.0
150.7521129772067,127.89986882545054,0.0,0.0
153.56811057776213,132.4231836590916,0.0,0.0
154.70256593078375,140.10289106704295,0.0,0.0
152.15788330882788,148.12958453036845,0.0,0.0
148.04489638656378,156.10958073474467,0.0,0.0
141.60446014255285,164.3984625134617,0.0,0.0
134.07597865909338,170.52409980632365,0.0,0.0
124.66744866222143,175.28751079179347,0.0,0.0
115.9553911909461,178.0127308163792,0.0,0.0
111.49139489978552,178.07793540600687,0.0,0.0
106.51659246534109,175.38752747420222,0.0,0.0
103.36882349103689,167.77736497763544,0.0,0.0
101.16389971226454,158.68337405566126,1.0,0.0
100.75768124312162,152.09315372351557,1.0,0.0
100.33369835466146,145.41365934256464,1.0,0.0
99.9566662311554,138.7468774402514,1.0,0.0
99.57966566085815,132.13629914168268,1.0,0.0
99.2514106631279,125.53347659949213,1.0,0.0
99.07132241874933,118.86571718100458,1.0,0.0
98.94334804266691,112.15835464838892,1.0,0.0
98.86460658162832,105.4215134466067,1.0,0.0
98.99831395596266,98.61733270529658,1.0,0.0
100.44827546924353,94.426374563016,1.0,0.0
103.2883196696639,93.61254041735083,0.0,0.0
106.08882751315832,92.70768506173044,0.0,0.0
115.97264017909765,92.31617292109877,0.0,0.0
125.5292060598731,92.15245132986456,0.0,0.0
137.17820908874273,90.55165772978216,0.0,0.0
146.2969073280692,88.96206503454596,0.0,0.0
152.18500282615423,88.6376380706206,0.0,0.0
155.15393432229757,88.22327984217554,0.0,0.0
156.68675880879164,87.90279006306082,0.0,0.0
157.10628882050514,87.79534381534904,0.0,0.0
157.56543762981892,87.76451036054641,0.0,0.0
157.84003542736173,88.27167257387191,0.0,1.0
