x,y,hover,eod
108.03842037916183,74.54728496074677,0.0,0.0
106.08729302883148,77.14307260513306,0.0,0.0
101.51322603225708,89.63164043426514,0.0,0.0
98.88726025819778,101.96074438095093,0.0,0.0
99.15396884083748,114.02195525169373,0.0,0.0
101.17959693074226,123.80000424385071,0.0,0.0
107.72654727101326,130.56404602527618,0.0,0.0
119.34573128819466,133.87428534030914,0.0,0.0
132.12665036320686,135.8069999217987,0.0,0.0
140.6362409889698,137.4986909031868,0.0,0.0
144.56875398755074,139.81920969486237,0.0,0.0
146.32080048322678,147.38130044937134,0.0,0.0
144.9426892399788,157.08098602294922,0.0,0.0
140.4456976056099,165.50693464279175,0.0,0.0
133.25502544641495,173.00359082221985,0.0,0.0
124.58144754171371,178.22378647327423,0.0,0.0
110.05935400724411,182.3517696261406,0.0,0.0
97.82942146062851,181.5872250199318,0.0,0.0
88.0182233452797,177.4571458697319,0.0,0.0
83.1968367099762,172.36772817373276,0.0,0.0
81.22578904032707,167.79818546772003,0.0,0.0
81.58037979155779,158.84908092021942,1.0,0.0
83.53144723922014,150.24080646038055,1.0,0.0
85.65093193203211,141.78100419044495,1.0,0.0
87.89918173104525,133.49970412254333,1.0,0.0
90.26781354099512,125.38900089263916,1.0,0.0
92.67491985112429,117.41426241397858,1.0,0.0
95.27347881346941,109.53869354724884,1.0,0.0
98.18635571748018,101.87408518791199,1.0,0.0
101.47857267409563,94.51092672348022,1.0,0.0
105.42499024420977,87.67922294139862,1.0,0.0
110.52524346858263,86.21436816453934,0.0,0.0
119.34698838740587,86.83643960207701,0.0,0.0
129.7341265156865,90.16224467009306,0.0,0.0
140.1454557850957,93.70200418680906,0.0,0.0
152.24026937037706,98.25406961888075,0.0,0.0
162.83695239573717,101.83911614865065,0.0,0.0
169.0103854611516,104.16822426766157,0.0,0.0
171.77317965775728,105.34306221455336,0.0,0.0
173.65688670426607,106.27620399743319,0.0,0.0
174.54537007957697,106.39814517274499,0.0,0.0
175.14347922056913,106.41805228590965,0.0,0.0
175.58468114584684,106.35901985503733,0.0,0.0
176.44187223166227,106.46759375743568,0.0,1.0
