x,y,hover,eod
110.31594759225845,74.26110041886568,0.0,0.0
109.7269875779748,74.53270818665624,0.0,0.0
108.82740969210863,76.80772792175412,0.0,0.0
106.11279780417681,85.84714065864682,0.0,0.0
102.85388524085283,95.34582744911313,0.0,0.0
100.1318042948842,110.21412860229611,0.0,0.0
98.04303730279207,123.2500733025372,0.0,0.0
99.23601190000772,129.83640621975064,0.0,0.0
103.19518754631281,132.6636926420033,0.0,0.0
113.4972626939416,133.5186590589583,0.0,0.0
126.44180247932673,132.8975797779858,0.0,0.0
138.10076663643122,132.00949873402715,0.0,0.0
147.21540043503046,132.32379115745425,0.0,0.0
152.08852598816156,133.3128671310842,0.0,0.0
154.72329328209162,136.20930745825171,0.0,0.0
155.89412505179644,143.7307245992124,0.0,0.0
153.39051956683397,152.6929570697248,0.0,0.0
146.68781036883593,162.02689066156745,0.0,0.0
137.22726041823626,169.69461157545447,0.0,0.0
126.09569484740496,176.6004700921476,0.0,0.0
113.65294749289751,181.45783051475883,0.0,0.0
103.64403659850359,182.081428501755,0.0,0.0
95.44107729941607,178.1988987661898,0.0,0.0
91.55041749030352,171.3058474995196,0.0,0.0
91.14532875269651,163.3209178186953,1.0,0.0
92.1117983981967,155.526811812073,1.0,0.0
93.1445907279849,147.84529242292047,1.0,0.0
94.23972184211016,140.2935514189303,1.0,0.0
95.42061360925436,132.91028175130486,1.0,0.0
96.61461199074984,125.74570748582482,1.0,0.0
97.78589519113302,118.78885719552636,1.0,0.0
99.12942337244749,112.08103630319238,1.0,0.0
100.5004516467452,105.82338723912835,1.0,0.0
102.10002901405096,100.0732407309115,1.0,0.0
104.29091887921095,95.17453763261437,1.0,0.0
107.9911814853549,92.85493019595742,0.0,0.0
114.92961990088224,90.51551911607385,0.0,0.0
124.71027540415525,90.96946429088712,0.0,0.0
134.91060661524534,92.49179418757558,0.0,0.0
145.26723074167967,94.64287217333913,0.0,0.0
153.87796210497618,96.55910934880376,0.0,0.0
160.08202480524778,97.80766222253442,0.0,0.0
163.02025067061186,98.80352075770497,0.0,0.0
165.45293229073286,99.39633812382817,0.0,0.0
166.11053379625082,99.66856784746051,0.0,0.0
165.99524725601077,99.86425261572003,0.0,0.0
165.92388455197215,100.03112667798996,0.0,0.0
165.8512136656791,100.36016625910997,0.0,0.0
165.74758573807776,100.78229216486216,0.0,1.0
