x,y,hover,eod
108.22951497137547,84.3910186290741,0.0,0.0
107.47116395831108,85.89647325873375,0.0,0.0
104.84601446986198,91.71969506144524,0.0,0.0
101.41608276963234,104.88731476664543,0.0,0.0
100.38926759362221,116.82088348269463,0.0,0.0
101.83918246626854,123.85371181368828,0.0,0.0
109.19989475607872,129.221232265234,0.0,0.0
119.32867535948753,130.30494111776352,0.0,0.0
129.28995797038078,130.85806883126497,0.0,0.0
138.0598575770855,131.66850148886442,0.0,0.0
143.99512299895287,133.30338492244482,0.0,0.0
146.73501679301262,136.30786790698767,0.0,0.0
147.46596270799637,143.15658166259527,0.0,0.0
144.77788174152374,151.55646219104528,0.0,0.0
137.75597596168518,158.6534507498145,0.0,0.0
127.45108985900879,166.0842551216483,0.0,0.0
115.47410035133362,171.3028694614768,0.0,0.0
105.38278722763062,172.7746406123042,0.0,0.0
99.08099675178528,170.92754661291838,0.0,0.0
95.5951257944107,161.72714888304472,0.0,0.0
95.56622046604753,152.53512381762266,1.0,0.0
96.57378088310361,144.55760180205107,1.0,0.0
97.71235044673085,136.62881612032652,1.0,0.0
99.13130666688085,128.8715058490634,1.0,0.0
100.61694975569844,121.17117344588041,1.0,0.0
102.27946217730641,113.6437922641635,1.0,0.0
104.02578409388661,106.3254100009799,1.0,0.0
106.05667408183217,99.48546170443296,1.0,0.0
108.52199267223477,93.39894830435514,1.0,0.0
113.04081420972943,93.55551137775183,0.0,0.0
120.72948556020856,93.04964645951986,0.0,0.0
133.17512016370893,92.71646960824728,0.0,0.0
144.76800422742963,93.38579132407904,0.0,0.0
152.80885677412152,93.76700750738382,0.0,0.0
158.0467639453709,94.44133288413286,0.0,0.0
160.25499429181218,95.65042830258608,0.0,0.0
160.67853811755776,95.95464063063264,0.0,0.0
160.72584776766598,96.3504874072969,0.0,1.0
