x,y,hover,eod
114.21362519264221,80.11601740121841,0.0,0.0
113.59542276710272,81.31704369187355,0.0,0.0
112.36402843147516,85.12352147698402,0.0,0.0
108.69235429912806,98.04773131012917,0.0,0.0
105.72933290153742,110.64441838860512,0.0,0.0
103.55380866676569,121.30726018548012,0.0,0.0
104.1083463281393,126.99519076943398,0.0,0.0
105.92116288840771,131.24693730473518,0.0,0.0
110.92549256980419,134.28068020939827,0.0,0.0
120.92081598937511,136.38618418574333,0.0,0.0
130.92616729438305,135.27391800284386,0.0,0.0
139.29185144603252,135.23739939182997,0.0,0.0
144.14680920541286,136.751778177917,0.0,0.0
146.55063845217228,140.04027640074492,0.0,0.0
147.11953282356262,147.49291514605284,0.0,0.0
144.66489970684052,155.86116944998503,0.0,0.0
139.79304552078247,162.64351820200682,0.0,0.0
132.66276895999908,167.91182731837034,0.0,0.0
125.22802174091339,172.7268454954028,0.0,0.0
116.07228577136993,176.83005248755217,0.0,0.0
107.85203039646149,177.83451391011477,0.0,0.0
100.99702537059784,176.3921101167798,0.0,0.0
96.55072063207626,172.41095615178347,0.0,0.0
94.47847679257393,164.70252049714327,0.0,0.0
94.66775266453624,156.9556803777814,1.0,0.0
95.97262782976031,150.79937411099672,1.0,0.0
97.28953121230006,144.5349325016141,1.0,0.0
98.75290317460895,138.28788352757692,1.0,0.0
100.3856192342937,132.1411050632596,1.0,0.0
102.09189770743251,126.05756891518831,1.0,0.0
103.9290794543922,120.11520815640688,1.0,0.0
105.83424298092723,114.28654206544161,1.0,0.0
107.78224838897586,108.47247732430696,1.0,0.0
109.71810160204768,102.76214195042849,1.0,0.0
111.71816958114505,97.27637363225222,1.0,0.0
113.93131328746676,91.98486400395632,1.0,0.0
116.37540830299258,88.9663369730115,1.0,0.0
118.3541720919311,89.03394086845219,0.0,0.0
120.51684094592929,89.0107841915451,0.0,0.0
125.56080771610141,89.92438779538497,0.0,0.0
135.0643159262836,91.87125222152099,0.0,0.0
143.03699744865298,93.8397745913826,0.0,0.0
149.08798290416598,95.36400080984458,0.0,0.0
153.3452300541103,96.26858913665637,0.0,0.0
157.17523766681552,97.14301781123504,0.0,0.0
159.60754645988345,97.84875312214717,0.0,0.0
160.52015563473105,98.38312407350168,0.0,0.0
161.42333989962935,98.8321147612296,0.0,0.0
161.9935897178948,99.44843051349744,0.0,0.0
162.39500971511006,99.87229259079322,0.0,0.0
162.81634977087379,100.28338809823617,0.0,0.0
163.4163217060268,100.48380832513794,0.0,0.0
163.44155688770115,100.52065835660324,0.0,1.0
