x,y,hover,eod
99.37657961249352,83.01962620764971,0.0,0.0
99.8362990245223,83.11953245848417,0.0,0.0
100.22273862361908,83.41589571163058,0.0,0.0
100.97179861366749,87.73339213058352,0.0,0.0
102.97465296089649,99.72137988731265,0.0,0.0
105.76178015768528,115.9253531806171,0.0,0.0
108.5739970356226,126.75549925491214,0.0,0.0
110.90820433199406,129.60144669935107,0.0,0.0
117.75859536230564,129.50743052363396,0.0,0.0
127.95343460142612,127.27174538373947,0.0,0.0
139.4696837812662,122.532510638237,0.0,0.0
147.59450675547123,121.4527749568224,0.0,0.0
152.2180530577898,121.8757723942399,0.0,0.0
156.16784544289112,127.67696610838175,0.0,0.0
157.63116450607777,135.89337638765574,0.0,0.0
156.400935664773,145.58173886686563,0.0,0.0
152.25959898531437,154.0653955116868,0.0,0.0
146.2278282791376,162.28754929453135,0.0,0.0
139.21296836435795,169.18784431368113,0.0,0.0
131.42572642862797,173.7810628786683,0.0,0.0
125.37112237513065,173.73239797726274,0.0,0.0
118.70367230474949,168.8803173340857,0.0,0.0
114.18749929964542,161.00791466608644,0.0,0.0
112.96736733615398,155.02415013685822,1.0,0.0
112.22616085410118,148.32277846708894,1.0,0.0
111.5195837020874,141.65302110090852,1.0,0.0
110.83759100735188,134.9644238986075,1.0,0.0
110.16514846682549,128.24012887850404,1.0,0.0
109.60175940394402,121.58720267191529,1.0,0.0
109.1318634673953,114.98533261194825,1.0,0.0
108.80427242815495,108.62617564573884,1.0,0.0
108.55892277881503,102.35611689463258,1.0,0.0
108.40705329179764,96.10679400339723,1.0,0.0
108.3499193713069,90.9909791983664,1.0,0.0
109.1500603184104,90.63147057965398,0.0,0.0
109.9450189396739,90.19323528930545,0.0,0.0
112.19445353001356,89.15338308736682,0.0,0.0
122.10880821198225,85.14163346216083,0.0,0.0
130.8953625485301,83.09201599285007,0.0,0.0
139.40028732270002,83.00379236415029,0.0,0.0
144.8152798935771,83.09789385832846,0.0,0.0
148.24485724419355,83.52579955197871,0.0,0.0
151.17437963932753,83.63768352381885,0.0,0.0
153.1319003328681,83.64042625017464,0.0,0.0
154.67492451518774,83.35576944239438,0.0,1.0
