x,y,hover,eod
91.03273649513721,58.66191829741001,0.0,0.0
90.10652777552605,59.39562964439392,0.0,0.0
88.84103965759277,62.067360162734985,0.0,0.0
85.76351833343506,76.97608041763306,0.0,0.0
84.80347526073456,94.58479928970337,0.0,0.0
84.32949078083038,112.51484560966492,0.0,0.0
85.75529080629349,121.55740129947662,0.0,0.0
94.3081424832344,124.97476476430893,0.0,0.0
109.21416145563126,124.0116896033287,0.0,0.0
126.08854275941849,121.82120728492737,0.0,0.0
141.96816784143448,120.55229115486145,0.0,0.0
153.28043442964554,121.628631234169,0.0,0.0
160.68455201387405,126.90406489372253,0.0,0.0
164.26720869541168,139.3829803466797,0.0,0.0
162.0693355500698,154.99607968330383,0.0,0.0
154.425866574049,171.21184992790222,0.0,0.0
144.57550582289696,183.67114233970642,0.0,0.0
129.04100593924522,194.49297714233398,0.0,0.0
114.73957833647728,197.9128583073616,0.0,0.0
103.48496612906456,194.67828530073166,0.0,0.0
95.6215703189373,187.52527552843094,0.0,0.0
90.41449722647667,179.58873170614243,0.0,0.0
87.82940384745598,170.30849415063858,1.0,0.0
87.3143347427249,159.52635127305984,1.0,0.0
86.91750575602055,148.80865532159805,1.0,0.0
86.67228677123785,138.20821124315262,1.0,0.0
86.68166167847812,127.79301244020462,1.0,0.0
87.03486908040941,117.50980216264725,1.0,0.0
87.63028647564352,107.3482580780983,1.0,0.0
88.40100284479558,97.53517943620682,1.0,0.0
89.39812209270895,88.04256635904312,1.0,0.0
90.90219761990011,78.93548387289047,1.0,0.0
93.63045420311391,72.11439210176468,0.0,0.0
99.22207917831838,66.60119253396988,0.0,0.0
108.67267515324056,62.6602401137352,0.0,0.0
120.97521092556417,61.53327080607414,0.0,0.0
132.5106110777706,62.51562777161598,0.0,0.0
145.95568086765707,63.40131635963917,0.0,0.0
157.56658579967916,64.33353777229786,0.0,0.0
166.3207378592342,65.00675070285797,0.0,0.0
170.14553185366094,65.72084191441536,0.0,0.0
172.701193055138,65.89793532341719,0.0,0.0
172.9970064368099,66.16216880455613,0.0,0.0
172.9100959636271,66.09883834794164,0.0,1.0
