x,y,hover,eod
98.24818821251392,90.5577332675457,0.0,0.0
97.47364097833633,92.21622461080551,0.0,0.0
97.16378071904182,97.7554070353508,0.0,0.0
97.25789373368025,109.2769872546196,0.0,0.0
97.7429852411151,124.18498033285141,0.0,0.0
99.78799825161695,130.48560672998428,0.0,0.0
104.79238276928663,130.9411724805832,0.0,0.0
117.70152931660414,126.82847613096237,0.0,0.0
127.57855301350355,123.67344671487808,0.0,0.0
137.6170957610011,121.64845758676529,0.0,0.0
142.67544870823622,122.5849317163229,0.0,0.0
146.1482877060771,128.1893007606268,0.0,0.0
148.1617762669921,136.58847258985043,0.0,0.0
147.34916096180677,146.07650266587734,0.0,0.0
142.61354272812605,155.95334933698177,0.0,0.0
134.91027658432722,165.07705615460873,0.0,0.0
126.00258415192366,171.48905681073666,0.0,0.0
118.32387810200453,171.88542449474335,0.0,0.0
109.97014408558607,166.5643539428711,0.0,0.0
105.41045730561018,157.24424505233765,1.0,0.0
103.91481196135283,148.32921171188354,1.0,0.0
102.5478688403964,139.57275474071503,1.0,0.0
101.37206529825926,130.78333580493927,1.0,0.0
100.30208048969507,122.10417830944061,1.0,0.0
99.42296919971704,113.5246571302414,1.0,0.0
98.67817265540361,104.96887350082397,1.0,0.0
98.03497736901045,96.48588681221008,1.0,0.0
103.18582957237959,93.05988693237305,1.0,0.0
115.00041788071394,89.87796807289124,0.0,0.0
127.49213760346174,86.7554002404213,0.0,0.0
140.08012478798628,84.80729335546494,0.0,0.0
150.7158655449748,84.41483666747808,0.0,0.0
156.68430333584547,85.51545744389296,0.0,0.0
159.4964555427432,85.66007228195667,0.0,1.0
