x,y,hover,eod
93.04302049987018,78.70345288515091,0.0,0.0
93.16279989853501,78.47663201019168,0.0,0.0
93.3630386479199,78.73531207069755,0.0,0.0
92.54864220693707,86.22520967945457,0.0,0.0
90.78346480801702,97.60706945881248,0.0,0.0
90.88314798846841,108.3784393928945,0.0,0.0
92.2779197730124,117.91675790771842,0.0,0.0
95.14053416624665,123.52796181663871,0.0,0.0
101.49563205614686,127.15877636894584,0.0,0.0
112.32892048731446,127.7932082079351,0.0,0.0
123.19082510843873,127.0447911284864,0.0,0.0
134.76685178652406,126.13884240016341,0.0,0.0
143.53841495886445,126.93936109170318,0.0,0.0
147.87455690279603,128.80140721425414,0.0,0.0
151.69193697348237,133.8235253058374,0.0,0.0
152.84860436990857,140.3245073519647,0.0,0.0
150.96593146398664,148.18043112382293,0.0,0.0
144.8220783956349,157.22126483544707,0.0,0.0
136.5625691898167,166.49863242730498,0.0,0.0
127.68983070924878,172.68425941094756,0.0,0.0
117.02305142953992,177.46949135884643,0.0,0.0
106.96805064752698,179.09565791115165,0.0,0.0
100.8022881038487,177.8134772144258,0.0,0.0
96.8286347873509,172.4490460716188,0.0,0.0
95.30332242324948,163.36688845977187,1.0,0.0
95.105353474617,155.50283044204116,1.0,0.0
94.94683820009232,147.5728699527681,1.0,0.0
94.80674912407994,139.73925917968154,1.0,0.0
94.87298296019435,131.96162372455,1.0,0.0
95.0889606140554,124.26652758941054,1.0,0.0
95.50049812719226,116.6224816404283,1.0,0.0
96.16151237115264,109.1339883171022,1.0,0.0
97.02966504916549,101.81847720965743,1.0,0.0
98.3987387381494,95.5457702241838,1.0,0.0
101.09530382975936,92.91421025618911,0.0,0.0
103.81116950139403,90.50963863357902,0.0,0.0
113.96926605328918,88.65516647323966,0.0,0.0
125.67162358388305,88.59085330367088,0.0,0.0
137.2562929354608,88.56529658287764,0.0,0.0
146.98955261334777,88.38305214047432,0.0,0.0
156.66670345887542,88.41842408152297,0.0,0.0
160.46925687417388,88.10477456869557,0.0,0.0
163.20035987719893,88.32806802215055,0.0,0.0
164.78614934906363,88.29052609251812,0.0,0.0
165.47216245159507,88.28082950646058,0.0,1.0
