x,y,hover,eod
100.05646243691444,80.1824364066124,0.0,0.0
100.2709498628974,80.43997574597597,0.0,0.0
100.62277294695377,81.0757227614522,0.0,0.0
99.4326975941658,90.68785268813372,0.0,0.0
99.44669164717197,101.52474123984575,0.0,0.0
100.5517490953207,113.92372090369463,0.0,0.0
102.51817859709263,122.12236601859331,0.0,0.0
106.8499369174242,124.78117156773806,0.0,0.0
116.07149012386799,125.17495609819889,0.0,0.0
126.04462154209614,123.68792943656445,0.0,0.0
137.11443550884724,122.64344215393066,0.0,0.0
144.77099366486073,122.91766125708818,0.0,0.0
148.5782439261675,124.84243247658014,0.0,0.0
151.74109257757664,130.86769793182611,0.0,0.0
151.9355326704681,138.90096578747034,0.0,0.0
149.1859137825668,149.54356227070093,0.0,0.0
142.7529334835708,159.65436968952417,0.0,0.0
135.04557548090816,167.9752031341195,0.0,0.0
126.79693279787898,174.2461333051324,0.0,0.0
121.57702205702662,176.40569511801004,0.0,0.0
115.04622457548976,174.27809540182352,0.0,0.0
108.20741293951869,164.98845759779215,0.0,0.0
105.9239156357944,156.0482246056199,1.0,0.0
105.65018573775887,148.92170015722513,1.0,0.0
105.32512651756406,141.80662337690592,1.0,0.0
105.03715645521879,134.6252453699708,1.0,0.0
104.74516730755568,127.33456496149302,1.0,0.0
104.61512207984924,120.21164182573557,1.0,0.0
104.5004604011774,113.17898754030466,1.0,0.0
104.47422374971211,106.21771458536386,1.0,0.0
104.5898702275008,99.24324039369822,1.0,0.0
104.95920515619218,92.40773860365152,1.0,0.0
106.67247540317476,91.33010376244783,1.0,0.0
108.8013622816652,91.6340509802103,0.0,0.0
111.96351445280015,92.53250874578953,0.0,0.0
122.14707053266466,92.83320128917694,0.0,0.0
133.34270036779344,92.65654796734452,0.0,0.0
142.60211802087724,92.30298290029168,0.0,0.0
149.20314050279558,92.1325827203691,0.0,0.0
153.95232326351106,92.48730378225446,0.0,0.0
156.3344197627157,92.46719173155725,0.0,0.0
157.03058323822916,92.74343774653971,0.0,1.0
