x,y,hover,eod
101.88894341886044,83.59300577640533,0.0,0.0
100.47569508850574,90.62244737148285,0.0,0.0
98.96015609800816,101.36214578151703,0.0,0.0
98.26379458606243,113.00395214557648,0.0,0.0
99.07157044112682,120.52015805244446,0.0,0.0
102.75171767175198,124.2252933382988,0.0,0.0
112.17050562798977,126.60144427418709,0.0,0.0
121.11729334294796,127.7804563343525,0.0,0.0
132.0841092914343,128.44885030388832,0.0,0.0
140.36515127122402,129.59367768466473,0.0,0.0
144.19672618806362,132.0255412310362,0.0,0.0
147.29125152528286,137.1112539023161,0.0,0.0
147.35829620808363,145.25611178576946,0.0,0.0
144.1188716813922,152.79664413630962,0.0,0.0
137.70303546637297,159.88752262294292,0.0,0.0
128.34647058695555,166.84673742949963,0.0,0.0
119.46747898310423,171.14262537658215,0.0,0.0
109.63722287863493,172.76957438886166,0.0,0.0
101.58092974871397,171.03969858586788,0.0,0.0
96.69662921875715,165.8268122524023,0.0,0.0
94.46065305918455,157.26590798795223,1.0,0.0
94.98509283363819,149.5002149194479,1.0,0.0
95.63108238577843,141.76856563985348,1.0,0.0
96.68416756391525,134.8941563218832,1.0,0.0
97.91007521748543,128.30059038102627,1.0,0.0
99.2811379134655,121.69015394151211,1.0,0.0
100.70947098731995,115.04048691689968,1.0,0.0
102.19858828186989,108.49000380933285,1.0,0.0
103.850899964571,102.08052621781826,1.0,0.0
105.68874734640121,95.90047226846218,1.0,0.0
107.94667306542397,90.05346642434597,1.0,0.0
111.4285469353199,88.21352259814739,0.0,0.0
115.0345912873745,86.51407139003277,0.0,0.0
123.59594139456749,85.52771033346653,0.0,0.0
132.22925397753716,85.67961509898305,0.0,0.0
141.30862447619438,85.7579891718924,0.0,0.0
148.87969049811363,86.27814735844731,0.0,0.0
153.3101809322834,86.70676573738456,0.0,0.0
156.16662922501564,87.5407187603414,0.0,0.0
158.42260482907295,87.31853127107024,0.0,0.0
159.94175466895103,87.25980035588145,0.0,0.0
161.09134036302567,87.05527940392494,0.0,0.0
161.9820882678032,86.84915089607239,0.0,1.0
