x,y,hover,eod
84.00370925664902,79.98405650258064,0.0,0.0
83.14352720975876,80.05036386661232,0.0,0.0
88.10968399047852,72.36436399631202,0.0,0.0
88.6881709843874,74.2757463734597,0.0,0.0
90.5144277960062,84.8200464528054,0.0,0.0
92.70580001175404,105.50309422425926,0.0,0.0
98.95356006920338,124.36203601770103,0.0,0.0
108.0295229703188,131.76097217015922,0.0,0.0
125.58838374912739,130.74128615669906,0.0,0.0
144.05189283192158,126.79045188240707,0.0,0.0
158.33282954990864,125.37883880548179,0.0,0.0
163.65568704903126,128.2118001859635,0.0,0.0
164.9429451674223,137.75133701972663,0.0,0.0
160.20456157624722,152.3075399082154,0.0,0.0
149.55393873155117,169.46696850471199,0.0,0.0
134.6317144483328,183.34238502196968,0.0,0.0
119.83985029160976,190.87149533443153,0.0,0.0
106.9668646901846,189.85051865689456,0.0,0.0
96.56358443200588,177.7010631095618,0.0,0.0
91.68623171746731,159.67704887501895,1.0,0.0
90.22567503154278,147.04669470898807,1.0,0.0
88.78484599292278,134.65008015744388,1.0,0.0
87.40115605294704,122.32507104985416,1.0,0.0
86.24287486076355,109.97585172764957,1.0,0.0
85.2359776943922,97.49251718632877,1.0,0.0
84.38066489994526,84.67933888547122,1.0,0.0
83.84285636246204,71.68372387997806,1.0,0.0
87.31910146772861,68.67385263554752,1.0,0.0
93.68701852858067,67.25820715539157,0.0,0.0
113.51300396025181,66.97730864398181,0.0,0.0
132.80615605413914,70.17135615460575,0.0,0.0
150.6190351396799,74.59932531230152,0.0,0.0
163.17790545523167,78.96796400658786,0.0,0.0
171.1629692465067,82.49671126715839,0.0,0.0
174.06738318502903,83.41048325411975,0.0,0.0
173.8992259092629,82.76709626428783,0.0,1.0
