x,y,hover,eod
106.36517542600632,84.31949496269226,0.0,0.0
104.80949985980988,89.07018840312958,0.0,0.0
101.72658014297485,104.21993434429169,0.0,0.0
101.61685805022717,115.4409772157669,0.0,0.0
106.03447596728802,120.84111630916595,0.0,0.0
113.78402988612652,123.96507531404495,0.0,0.0
123.55062346160412,126.09616935253143,0.0,0.0
132.55414585769176,127.97605901956558,0.0,0.0
141.97697143256664,129.95419919490814,0.0,0.0
148.39212577044964,131.96422800421715,0.0,0.0
151.17577116191387,135.95413729548454,0.0,0.0
151.59202235937119,144.76957365870476,0.0,0.0
147.8260799050331,150.99201306700706,0.0,0.0
141.7094184756279,157.88206979632378,0.0,0.0
131.68002861738205,164.23554345965385,0.0,0.0
119.40208452939987,170.33851847052574,0.0,0.0
109.532983481884,173.13822105526924,0.0,0.0
104.58695727586746,173.24406729079783,0.0,0.0
101.2313522696495,168.06259618140757,0.0,0.0
99.94617435336113,158.02261576987803,0.0,0.0
100.6166269928217,149.24050615169108,1.0,0.0
101.55862714350224,141.1823968682438,1.0,0.0
102.62066203355789,133.2010702881962,1.0,0.0
103.88521018624306,125.39853141643107,1.0,0.0
105.41331964731216,117.89693222381175,1.0,0.0
107.11367654800415,110.47036991454661,1.0,0.0
108.98640531301498,103.02865312434733,1.0,0.0
111.05545806884766,95.66351697780192,1.0,0.0
114.07392400503159,92.00073615647852,1.0,0.0
117.96722340583801,92.25771409459412,0.0,0.0
124.29069089889526,94.88427293486893,0.0,0.0
135.0867681503296,98.32558554597199,0.0,0.0
143.74009656906128,100.30745369382203,0.0,0.0
150.29273557662964,101.4195213187486,0.0,0.0
153.81505596637726,101.74738866277039,0.0,0.0
156.15851032733917,101.69489367865026,0.0,0.0
156.90087887644768,102.08256418816745,0.0,1.0
