x,y,hover,eod
104.16338009387255,84.06745370104909,0.0,0.0
104.44980019330978,84.16571022570133,0.0,0.0
104.75196223333478,84.43564500287175,0.0,0.0
104.46655686572194,85.41334669664502,0.0,0.0
102.99582954123616,91.95728819444776,0.0,0.0
99.74703397229314,106.59123342111707,0.0,0.0
99.00733824446797,118.68861000612378,0.0,0.0
99.56931601837277,123.53066067770123,0.0,0.0
102.93991278484464,125.88303964212537,0.0,0.0
113.4266395457089,127.76917393878102,0.0,0.0
124.41587399318814,127.98326117545366,0.0,0.0
134.58669852092862,128.3951253965497,0.0,0.0
140.8588595278561,130.25000033527613,0.0,0.0
144.72007464244962,134.3521341457963,0.0,0.0
145.96913653984666,141.86320988088846,0.0,0.0
143.86855844035745,149.67143563181162,0.0,0.0
137.24892977252603,158.1850072517991,0.0,0.0
129.7628265954554,165.230787076056,0.0,0.0
121.09906617179513,170.91458884626627,0.0,0.0
112.52659145370126,172.58659777790308,0.0,0.0
104.78745463863015,170.35886956006289,0.0,0.0
100.3161394931376,162.37365556508303,0.0,0.0
99.38065114989877,153.17483318597078,1.0,0.0
100.21834108605981,146.2299187257886,1.0,0.0
101.20338800922036,139.35174299031496,1.0,0.0
102.42212924733758,132.6824994161725,1.0,0.0
103.7541987337172,126.15522576123476,1.0,0.0
105.22574621811509,119.86144018918276,1.0,0.0
106.72895256057382,113.73167050629854,1.0,0.0
108.24799198284745,107.64062834531069,1.0,0.0
109.8387384749949,101.69147980958223,1.0,0.0
111.62626880779862,95.99598658829927,1.0,0.0
113.87500855699182,90.76591385155916,1.0,0.0
116.0642370916903,89.53820591419935,0.0,0.0
118.32039955630898,88.51198618859053,0.0,0.0
123.40978148952127,88.19867400079966,0.0,0.0
133.1778157092631,89.36285635083914,0.0,0.0
142.02889624610543,91.08354379981756,0.0,0.0
150.45689764991403,93.09758429974318,0.0,0.0
154.69246659055352,94.20085256546736,0.0,0.0
157.3637965656817,94.85351977497339,0.0,0.0
158.50752267614007,94.8055055141449,0.0,0.0
158.79566605761647,94.57050408795476,0.0,0.0
158.58087561652064,94.4004099778831,0.0,1.0
