x,y,hover,eod
90.43888065963984,85.31923523545265,0.0,0.0
91.03092025965452,84.70356053113937,0.0,0.0
91.68565016239882,84.78358228132129,0.0,0.0
91.62496535107493,93.60324520990252,0.0,0.0
92.8965157084167,110.58937210962176,0.0,0.0
96.44754944369197,122.75018114969134,0.0,0.0
104.97725961729884,128.91482789441943,0.0,0.0
118.60442159697413,129.12272453680634,0.0,0.0
135.87448356673121,124.54086244478822,0.0,0.0
153.11087248846889,119.44231808558106,0.0,0.0
164.81519101187587,120.7619485296309,0.0,0.0
170.62013326212764,127.03996092453599,0.0,0.0
171.42442656680942,139.56531674042344,0.0,0.0
167.90607614442706,153.76360923424363,0.0,0.0
158.72965259477496,171.0555687583983,0.0,0.0
145.96417946740985,183.11501533165574,0.0,0.0
132.652501296252,189.60649997368455,0.0,0.0
118.9046554081142,189.8115062378347,0.0,0.0
107.88112921640277,181.48142155632377,0.0,0.0
100.51922602578998,167.74027165398002,1.0,0.0
97.85405380651355,155.9946161173284,1.0,0.0
95.2866510860622,144.0784304998815,1.0,0.0
92.88429854437709,132.2824889086187,1.0,0.0
90.66545544192195,120.40161189064384,1.0,0.0
88.6035500280559,108.4347504042089,1.0,0.0
86.76513297483325,96.28678735718131,1.0,0.0
85.51993815228343,83.89359172806144,1.0,0.0
91.56604735180736,80.29627439007163,1.0,0.0
101.98829857632518,77.47486170753837,0.0,0.0
117.3202439956367,72.9559901021421,0.0,0.0
135.2678462676704,69.09459974989295,0.0,0.0
151.80723635479808,67.02843811735511,0.0,0.0
163.90818445011973,66.74273698031902,0.0,0.0
168.83863089606166,67.28002557903528,0.0,0.0
171.10832078382373,67.56478129327297,0.0,1.0
