x,y,hover,eod
112.6995892226696,68.77923172712326,0.0,0.0
111.49947786331177,70.61337497830391,0.0,0.0
107.46406280994415,76.97335508465767,0.0,0.0
100.72306537628174,90.26029017567635,0.0,0.0
99.45576810836792,99.94198229908943,0.0,0.0
106.0100325345993,108.18722572922707,0.0,0.0
117.7177973985672,115.31498339772224,0.0,0.0
131.02467024326324,121.72853854298592,0.0,0.0
141.59502351284027,128.72311022877693,0.0,0.0
148.92318332195282,136.50124457478523,0.0,0.0
151.16682359576225,147.1569040119648,0.0,0.0
147.60774233937263,158.14464238286018,0.0,0.0
138.47912946343422,169.1129496395588,0.0,0.0
126.97623172402382,177.88612630963326,0.0,0.0
111.5681222975254,185.59888091683388,0.0,0.0
96.2618080675602,187.9189848601818,0.0,0.0
85.32195726037025,184.1383999288082,0.0,0.0
78.9644161760807,174.0481513440609,0.0,0.0
78.59070604294538,161.6723960340023,1.0,0.0
81.423808388412,151.32288989424706,1.0,0.0
84.37158202379942,141.25148114562035,1.0,0.0
87.37333660572767,131.2134688794613,1.0,0.0
90.40513371676207,121.08574566245079,1.0,0.0
93.6296102926135,110.84198412299156,1.0,0.0
97.06144010275602,100.70162710547447,1.0,0.0
100.69819038361311,90.71838733553886,1.0,0.0
104.68584870547056,80.80405470728874,1.0,0.0
109.26776503771544,76.0300153195858,1.0,0.0
115.38297270983458,76.73099082708359,0.0,0.0
129.7458932325244,80.38002771139145,0.0,0.0
145.43528651446104,86.09698873758316,0.0,0.0
160.5404362604022,92.45272380113602,0.0,0.0
169.7502145692706,96.9355748295784,0.0,0.0
175.2609739229083,100.2191851735115,0.0,0.0
177.68785183876753,101.7317685186863,0.0,0.0
178.83548875898123,102.34425225108862,0.0,1.0
