x,y,hover,eod
95.30394069850445,74.27557827532291,0.0,0.0
95.61523480340838,74.57146485894918,0.0,0.0
95.93477243557572,75.28851916640997,0.0,0.0
95.27665609493852,77.84512778371572,0.0,0.0
95.8503277786076,92.90417095273733,0.0,0.0
97.07917155697942,108.18414231389761,0.0,0.0
100.47891976311803,122.85526772588491,0.0,0.0
104.99996127560735,129.08812841027975,0.0,0.0
112.85580517724156,130.51930417865515,0.0,0.0
123.79529239609838,127.54591008275747,0.0,0.0
134.73657609894872,124.09298618882895,0.0,0.0
145.6533813662827,122.42782225459814,0.0,0.0
153.7555861659348,124.9531843289733,0.0,0.0
158.49773140624166,131.16206666082144,0.0,0.0
161.20465518906713,138.889036975801,0.0,0.0
160.4319235868752,146.73344811052084,0.0,0.0
156.36486442759633,155.84046622365713,0.0,0.0
148.40084763243794,165.99829574674368,0.0,0.0
138.77743991091847,175.41920026391745,0.0,0.0
128.9748308248818,181.17196639627218,0.0,0.0
122.17096956446767,182.3910494670272,0.0,0.0
116.8865922279656,176.87592764943838,0.0,0.0
112.97605397179723,168.52588018029928,1.0,0.0
111.44293921068311,160.42067786306143,1.0,0.0
110.04693450406194,152.44545897096395,1.0,0.0
108.77286719158292,144.5749737843871,1.0,0.0
107.58031653240323,136.81868930906057,1.0,0.0
106.45707273855805,129.24401362985373,1.0,0.0
105.31653502956033,121.69903656095266,1.0,0.0
104.33960387483239,114.11780198663473,1.0,0.0
103.52261574938893,106.58555468171835,1.0,0.0
102.84132519736886,98.95817299932241,1.0,0.0
102.46842386201024,91.30438765138388,1.0,0.0
103.49837170913815,86.86337669938803,1.0,0.0
106.09628276899457,86.45139118283987,0.0,0.0
108.98863153532147,85.83428332209587,0.0,0.0
120.19885854795575,84.47195747494698,0.0,0.0
131.1105282790959,83.52599503099918,0.0,0.0
141.7160208709538,83.50368675403297,0.0,0.0
149.74019007757306,83.56639938987792,0.0,0.0
154.05578481033444,84.19363173283637,0.0,0.0
157.80386285856366,84.51713206805289,0.0,0.0
159.86068503931165,84.81354738213122,0.0,0.0
160.92342810705304,84.7934521138668,0.0,1.0
