x,y,hover,eod
101.39755201339722,78.34595124423504,0.0,0.0
100.86985491961241,78.72056740522385,0.0,0.0
100.11624962836504,80.96474412083626,0.0,0.0
98.13297868520021,89.17506518959999,0.0,0.0
96.91136524826288,100.29493275284767,0.0,0.0
96.48133397847414,113.20116582512856,0.0,0.0
98.20368380099535,123.85450902581215,0.0,0.0
103.04619551450014,127.56384316086769,0.0,0.0
112.79395223408937,129.34225234389305,0.0,0.0
125.1959979608655,129.39570735394955,0.0,0.0
133.8919651582837,129.42069555819035,0.0,0.0
143.61136019974947,130.5411220639944,0.0,0.0
146.7342898324132,133.70333115756512,0.0,0.0
148.3689400628209,142.00741033256054,0.0,0.0
146.42520935088396,150.33494333922863,0.0,0.0
142.64292270690203,158.10628454387188,0.0,0.0
134.59165782481432,166.59006635844707,0.0,0.0
124.96824235469103,173.29824070632458,0.0,0.0
115.22711247950792,177.73949126899242,0.0,0.0
106.2125429585576,178.96889458596706,0.0,0.0
102.56053776293993,177.98031467199326,0.0,0.0
98.08096409589052,170.32182651758194,0.0,0.0
96.42977208644152,160.6690712571144,1.0,0.0
96.80123534798622,152.6303156018257,1.0,0.0
97.12878179550171,144.66768163442612,1.0,0.0
97.46264611184597,136.7906077504158,1.0,0.0
98.02944456040859,129.07706040143967,1.0,0.0
98.7250819504261,121.59787791967392,1.0,0.0
99.58508577942848,114.14055901765823,1.0,0.0
100.6129541695118,106.60840886831284,1.0,0.0
101.75434333086014,99.06440216302872,1.0,0.0
103.1247269809246,91.5784050822258,1.0,0.0
104.99951493740082,84.48343056440353,1.0,0.0
109.33181834220886,84.44725412130356,0.0,0.0
113.59414499998093,84.3879619166255,0.0,0.0
123.26608163118362,85.7543730661273,0.0,0.0
132.87122291326523,87.78248726576567,0.0,0.0
141.42015320062637,89.21350582689047,0.0,0.0
150.09730917215347,91.52718632668257,0.0,0.0
154.314031124115,92.46045231074095,0.0,0.0
157.49249917268753,94.19676437228918,0.0,0.0
159.5927983224392,95.41056609898806,0.0,0.0
160.25272917747498,96.56267910450697,0.0,1.0
