x,y,hover,eod
100.37786734104156,84.39277780056,0.0,0.0
98.76080673933029,87.10319858789444,0.0,0.0
97.18297463655472,96.1870728135109,0.0,0.0
96.38426420092583,106.1637721657753,0.0,0.0
97.17709128558636,116.85213786363602,0.0,0.0
99.40463010966778,122.03343135118484,0.0,0.0
107.41119985282421,124.80449569225311,0.0,0.0
120.11689786612988,125.531913459301,0.0,0.0
131.29753951728344,124.49791026115417,0.0,0.0
143.44807390868664,125.23952198028564,0.0,0.0
150.8013982027769,127.49891069531441,0.0,0.0
154.17369370162487,131.406908005476,0.0,0.0
155.02739046514034,140.37577864527702,0.0,0.0
151.99141745269299,149.34195038676262,0.0,0.0
144.6983927935362,159.00345799326897,0.0,0.0
134.4418520182371,168.40996143221855,0.0,0.0
122.63492648303509,172.72143748402596,0.0,0.0
113.8092381209135,171.69700388610363,0.0,0.0
107.8018683642149,167.16043864190578,0.0,0.0
102.75518779456615,158.67969070374966,0.0,0.0
101.07685466110706,150.58618699014187,1.0,0.0
100.95094722509384,142.20168267190456,1.0,0.0
100.93360907910392,133.8167033046484,1.0,0.0
101.03057543328032,125.54398809373379,1.0,0.0
101.23595264321193,117.27563415467739,1.0,0.0
101.58457667147741,109.04997204244137,1.0,0.0
102.09073205059394,100.84963236749172,1.0,0.0
102.82090437179431,92.93099795281887,1.0,0.0
106.73311632638797,91.1160524636507,0.0,0.0
110.90516310697421,89.35823281109333,0.0,0.0
122.50117999082431,87.01378618180752,0.0,0.0
133.89638048177585,85.56539778411388,0.0,0.0
145.10106068616733,84.85890735685825,0.0,0.0
152.63873141771182,85.15675109624863,0.0,0.0
155.52792262798175,84.92816046625376,0.0,0.0
158.1934533691965,85.0454395711422,0.0,0.0
159.96270221238956,84.52326726913452,0.0,0.0
161.5009271777235,83.33692190051079,0.0,1.0
