x,y,hover,eod
107.59915426373482,79.58961379528046,0.0,0.0
105.31723842024803,82.21695703268051,0.0,0.0
101.45686909556389,91.50546592473984,0.0,0.0
98.53039816021919,102.39966434240341,0.0,0.0
97.21418514847755,111.32295948266983,0.0,0.0
98.60984086990356,116.50955599546432,0.0,0.0
102.08412259817123,119.75154203176498,0.0,0.0
112.75833457708359,124.31091290712357,0.0,0.0
123.14862459897995,127.30440360307693,0.0,0.0
131.2726452946663,130.49293321371078,0.0,0.0
136.47036880254745,134.1893611550331,0.0,0.0
139.37131077051163,137.9597972035408,0.0,0.0
141.4343598484993,145.62048238515854,0.0,0.0
140.61592891812325,152.4690983891487,0.0,0.0
136.98763862252235,159.0314708352089,0.0,0.0
130.3689332306385,165.3272311091423,0.0,0.0
121.152253895998,170.98372203111649,0.0,0.0
110.78178122639656,175.625066280365,0.0,0.0
101.0019601881504,176.48249399662018,0.0,0.0
93.34866598248482,174.22855627536774,0.0,0.0
88.652114123106,170.05644780397415,0.0,0.0
85.85211083292961,162.81980139017105,0.0,0.0
86.43953669816256,154.56227165460587,1.0,0.0
88.20662621408701,147.3109511733055,1.0,0.0
90.25378797203302,140.18124681711197,1.0,0.0
92.56793025881052,133.13658219575882,1.0,0.0
95.007160641253,126.20162051916122,1.0,0.0
97.70306412130594,119.43761390447617,1.0,0.0
100.52654329687357,113.05069607496262,1.0,0.0
103.4784722700715,106.87173229455948,1.0,0.0
106.71062115579844,100.83693486452103,1.0,0.0
110.8910209313035,97.17949104309082,1.0,0.0
116.11361388117075,97.05882602185011,0.0,0.0
126.8060839548707,97.88041868060827,0.0,0.0
138.45420245081186,99.4368291720748,0.0,0.0
149.83967904001474,102.4471793398261,0.0,0.0
160.15069250017405,106.3212017044425,0.0,0.0
164.31630436331034,108.64397533982992,0.0,0.0
168.0998182669282,111.2412244901061,0.0,0.0
170.1631173864007,113.07793640345335,0.0,0.0
170.78926507383585,113.00282048340887,0.0,0.0
171.26897677779198,112.77384033706039,0.0,0.0
171.4437530376017,112.61136189382523,0.0,1.0
