x,y,hover,eod
103.10560688562691,82.36558648943901,0.0,0.0
103.22664369083941,81.82542919367552,0.0,0.0
103.52721765823662,81.94748844206333,0.0,0.0
104.00356184877455,86.43307442963123,0.0,0.0
104.89491451717913,101.8151354342699,0.0,0.0
105.28144099004567,118.19780106842518,0.0,0.0
107.36442946083844,127.28863771259785,0.0,0.0
111.9818633068353,129.11724637448788,0.0,0.0
122.23283343203366,128.32755307853222,0.0,0.0
132.42075137980282,126.78834269940853,0.0,0.0
142.75675825960934,125.64126420021057,0.0,0.0
148.04677002318203,126.65297064185143,0.0,0.0
151.88791834004223,129.97410359978676,0.0,0.0
154.7013976443559,138.7717789709568,0.0,0.0
153.52634407766163,146.69354739785194,0.0,0.0
149.53915305621922,154.95644333958626,0.0,0.0
143.30419667251408,162.74467650055885,0.0,0.0
134.13050897605717,170.59390607476234,0.0,0.0
126.43533237464726,174.6555730998516,0.0,0.0
121.88916899450123,175.51334711909294,0.0,0.0
116.95464380271733,173.56216463446617,0.0,0.0
112.33902640827,168.63413843512535,0.0,0.0
109.68345739133656,162.20099064707756,1.0,0.0
109.1844011861831,155.61661037802696,1.0,0.0
108.71962633170187,149.18229791522026,1.0,0.0
108.3140498418361,142.91708502173424,1.0,0.0
107.95893356390297,136.79631027579308,1.0,0.0
107.7253814805299,130.87951573729515,1.0,0.0
107.60515002720058,125.1531055867672,1.0,0.0
107.63534570066258,119.58686026930809,1.0,0.0
107.8156904685311,114.12230464816093,1.0,0.0
108.06647097645327,108.78003868460655,1.0,0.0
108.44781519798562,103.54562255740166,1.0,0.0
108.42917781276628,98.21271988749504,1.0,0.0
108.08838121546432,94.38953939080238,1.0,0.0
108.2313458523713,95.17345833778381,0.0,0.0
108.57896304642782,95.92472369968891,0.0,0.0
110.07792851841077,96.56668271124363,0.0,0.0
117.64701566612348,95.20040090382099,0.0,0.0
127.0575310937129,93.38496010005474,0.0,0.0
135.13219318306074,92.7307501733303,0.0,0.0
141.4043613425456,92.63432165794075,0.0,0.0
144.9226986519061,93.00711689703166,0.0,0.0
148.72846743976697,93.43076681904495,0.0,0.0
151.03813982522115,93.505753736943,0.0,0.0
151.4775662026368,93.57875483296812,0.0,0.0
151.48250902956352,93.72620180435479,0.0,0.0
151.5882668546401,93.86559552699327,0.0,0.0
151.65644903620705,94.01900118403137,0.0,0.0
151.61770833842456,94.1497956700623,0.0,0.0
151.58606985770166,94.36270491406322,0.0,0.0
151.51764838211238,94.59883754327893,0.0,0.0
152.03745810501277,94.31543964147568,0.0,0.0
153.13122434727848,93.53665690124035,0.0,1.0
