x,y,hover,eod
109.22167887538671,79.4557636231184,0.0,0.0
109.61386872082949,78.99220436811447,0.0,0.0
110.10227774828672,79.23711962997913,0.0,0.0
110.31993694230914,80.08907087147236,0.0,0.0
108.96843812987208,84.2204100638628,0.0,0.0
105.55235497280955,94.34994526207447,0.0,0.0
101.89935318753123,108.00324745476246,0.0,0.0
101.20500795170665,115.66460199654102,0.0,0.0
102.69718177244067,119.42642636597157,0.0,0.0
110.19257075712085,124.65530462563038,0.0,0.0
118.35093684121966,127.61563695967197,0.0,0.0
129.3245441429317,131.26081444323063,0.0,0.0
138.48506576940417,134.52853299677372,0.0,0.0
145.43564684316516,136.90909259021282,0.0,0.0
149.05346609279513,139.6203412860632,0.0,0.0
150.68644262477756,144.05477844178677,0.0,0.0
148.58640528842807,152.59642206132412,0.0,0.0
143.6720333211124,160.3453590720892,0.0,0.0
135.93326188251376,166.7129274457693,0.0,0.0
126.47121406719089,173.0603440850973,0.0,0.0
117.49769366905093,176.95740692317486,0.0,0.0
106.85698665305972,178.31291012465954,0.0,0.0
100.67906058952212,176.3887172192335,0.0,0.0
96.87243081256747,170.88759176433086,0.0,0.0
94.56086553260684,160.78871481120586,0.0,0.0
95.15929989144206,151.97176568210125,1.0,0.0
96.61104164645076,144.9369578808546,1.0,0.0
98.23827914521098,138.12579028308392,1.0,0.0
99.88018177077174,131.42215363681316,1.0,0.0
101.71071059629321,124.95509795844555,1.0,0.0
103.73431138321757,118.77738051116467,1.0,0.0
105.85336438938975,112.91955284774303,1.0,0.0
108.00733111426234,107.33658365905285,1.0,0.0
110.13113014027476,102.06586353480816,1.0,0.0
112.29511372372508,97.03439883887768,1.0,0.0
114.54338661953807,95.15129037201405,1.0,0.0
116.99558384343982,95.02393948845565,0.0,0.0
120.08048958703876,95.26188003830612,0.0,0.0
128.72833497449756,97.13062453083694,0.0,0.0
138.1105435602367,99.5134890358895,0.0,0.0
148.36973674222827,102.82918336801231,0.0,0.0
155.2398819439113,104.32303252629936,0.0,0.0
158.67637790367007,105.13486224226654,0.0,0.0
162.26838357374072,105.71148379705846,0.0,0.0
163.19756596907973,105.8173047285527,0.0,0.0
163.15988499531522,105.84507777821273,0.0,0.0
163.07998606795445,105.81245225388557,0.0,0.0
162.9762635738589,105.76702340040356,0.0,0.0
162.74674597987905,105.78225167002529,0.0,0.0
162.11095694312826,106.34074510540813,0.0,1.0
