x,y,hover,eod
115.39685782790184,80.61733329296112,0.0,0.0
113.84872299432755,82.25675055384636,0.0,0.0
109.67636567354202,87.80621775984764,0.0,0.0
102.64557999372482,102.43107208609581,0.0,0.0
99.96886324882507,113.0489087998867,0.0,0.0
103.0865506529808,119.95619842410088,0.0,0.0
109.22750693559647,126.66311094164848,0.0,0.0
119.19794541597366,134.4503731429577,0.0,0.0
127.30282586812973,142.29552099108696,0.0,0.0
132.460344851017,151.4327675998211,0.0,0.0
132.37230767309666,159.0130943953991,0.0,0.0
128.64912946522236,166.5500439107418,0.0,0.0
120.70530851185322,172.2614617049694,0.0,0.0
111.5433259755373,175.9847296178341,0.0,0.0
102.50477392971516,177.27311247587204,0.0,0.0
95.13474543392658,175.35093092918396,0.0,0.0
90.11502940952778,170.9037228822708,0.0,0.0
88.94045290350914,161.19335317611694,0.0,0.0
91.41964268684387,152.98609936237335,1.0,0.0
94.37803727388382,145.1123377084732,1.0,0.0
97.48367232084274,137.53214740753174,1.0,0.0
100.67643415927887,130.04759395122528,1.0,0.0
103.96684390306473,122.75009000301361,1.0,0.0
107.4148817062378,115.66145920753479,1.0,0.0
111.07432407140732,108.84604477882385,1.0,0.0
115.11505407094955,102.73888194561005,1.0,0.0
120.45822006464005,100.80350095033646,0.0,0.0
125.9860787987709,101.29334883391857,0.0,0.0
135.29674690961838,106.5760667771101,0.0,0.0
142.8404764533043,111.79166333377361,0.0,0.0
151.2385432124138,118.33562211692333,0.0,0.0
157.88625460863113,122.36027942597866,0.0,0.0
162.8727565407753,125.0089697688818,0.0,0.0
165.84603023529053,127.03735427558422,0.0,0.0
167.22141188383102,128.25151370465755,0.0,0.0
166.64563317596912,128.81837794184685,0.0,1.0
