x,y,hover,eod
99.87535674124956,77.15202593058348,0.0,0.0
99.75276425480843,77.34476909786463,0.0,0.0
99.67256721109152,77.63483582809567,0.0,0.0
99.44426748901606,77.93443175777793,0.0,0.0
99.11672081798315,80.94462963566184,0.0,0.0
97.87452433258295,94.31588980183005,0.0,0.0
97.70164206624031,105.49142571911216,0.0,0.0
99.06033024191856,116.30436870083213,0.0,0.0
101.97495326399803,123.25606974586844,0.0,0.0
106.87764957547188,127.79276433214545,0.0,0.0
118.64282920956612,130.73167714104056,0.0,0.0
129.67755869030952,130.79867063835263,0.0,0.0
139.54445615410805,130.4720246680081,0.0,0.0
145.18977120518684,131.21561228111386,0.0,0.0
149.4204042851925,133.8689356930554,0.0,0.0
153.76740023493767,140.61461209133267,0.0,0.0
155.61440125107765,147.71085380390286,0.0,0.0
155.71298642084002,154.9243473894894,0.0,0.0
152.89962572976947,161.96904717758298,0.0,0.0
145.71496767923236,170.46500920131803,0.0,0.0
137.70393593236804,175.90406833961606,0.0,0.0
128.6007629148662,179.84141080453992,0.0,0.0
119.92610199376941,180.67177242413163,0.0,0.0
113.332370352,180.16034900024533,0.0,0.0
107.60970456525683,176.82544736936688,0.0,0.0
102.74884833022952,172.5110471136868,0.0,0.0
100.42568085715175,165.15505908802152,0.0,0.0
99.72548795863986,158.38003634288907,1.0,0.0
99.28540697321296,151.81026219204068,1.0,0.0
98.9884814992547,145.16041277721524,1.0,0.0
98.688904941082,138.53567241504788,1.0,0.0
98.43259286135435,131.98178469017148,1.0,0.0
98.27476840466261,125.28832374885678,1.0,0.0
98.31231564749032,118.71813176944852,1.0,0.0
98.62341423053294,112.27353690937161,1.0,0.0
99.26324073690921,106.12379132583737,1.0,0.0
100.14139999169856,100.1932638771832,1.0,0.0
101.1079477192834,94.51759694889188,1.0,0.0
103.45905740279704,92.98349960520864,1.0,0.0
106.09819848556072,92.5461991392076,0.0,0.0
110.19754548091441,92.31429190188646,0.0,0.0
119.678232264705,92.02141430974007,0.0,0.0
130.14811594504863,92.5445458739996,0.0,0.0
139.2524578096345,93.0263742133975,0.0,0.0
147.55308885592967,94.21250083297491,0.0,0.0
151.81192953605205,94.34716037288308,0.0,0.0
155.21444101352245,94.73263594135642,0.0,0.0
157.38588635344058,94.71537935361266,0.0,0.0
158.41948409099132,94.81988829374313,0.0,0.0
158.50481357891113,93.59191057085991,0.0,1.0
