x,y,hover,eod
118.34572955965996,75.56039524078369,0.0,0.0
116.60514861345291,79.32676893472672,0.0,0.0
114.05266463756561,88.55433088541031,0.0,0.0
111.48420751094818,100.15863758325577,0.0,0.0
108.60701650381088,115.2282617688179,0.0,0.0
105.68798184394836,128.8283775448799,0.0,0.0
107.46543079614639,134.7473172545433,0.0,0.0
114.38851207494736,137.4422578215599,0.0,0.0
125.49015492200851,137.49596019089222,0.0,0.0
135.87978094816208,138.54849581420422,0.0,0.0
142.4636223912239,140.1212269514799,0.0,0.0
145.29321253299713,142.425358787179,0.0,0.0
146.64982199668884,147.41199631989002,0.0,0.0
144.33725774288177,156.59321804344654,0.0,0.0
138.77958476543427,163.8464744836092,0.0,0.0
130.91447412967682,170.74434359371662,0.0,0.0
120.78064978122711,176.99467380344868,0.0,0.0
110.92537045478821,180.95070411264896,0.0,0.0
100.22533059120178,182.24218626320362,0.0,0.0
94.10051107406616,180.10943968594074,0.0,0.0
91.10965073108673,172.75099535286427,0.0,0.0
92.67316371202469,163.64322562515736,1.0,0.0
94.26907122135162,156.30779822170734,1.0,0.0
95.94464987516403,149.02365525066853,1.0,0.0
97.80604481697083,141.86958988010883,1.0,0.0
99.9223692715168,134.87369675934315,1.0,0.0
102.1415488421917,128.1526883393526,1.0,0.0
104.33961108326912,121.74445886909962,1.0,0.0
106.20698615908623,115.29625554382801,1.0,0.0
107.92515084147453,108.92682571709156,1.0,0.0
109.63115096092224,102.79171545803547,1.0,0.0
111.43102332949638,99.13497705757618,1.0,0.0
113.75793993473053,98.60068813711405,0.0,0.0
116.1652521789074,97.96647892147303,0.0,0.0
123.82916793227196,98.36337921023369,0.0,0.0
133.77908512949944,99.75535270571709,0.0,0.0
143.98325249552727,100.75592805445194,0.0,0.0
153.3061347901821,101.73688021302223,0.0,0.0
159.91066798567772,102.36293111741543,0.0,0.0
162.58260264992714,103.06121428310871,0.0,0.0
164.06934037804604,103.46759979426861,0.0,0.0
164.47935160249472,103.7478808760643,0.0,0.0
164.90173906087875,104.10230931639671,0.0,0.0
165.51703795790672,104.48923402279615,0.0,0.0
165.8939029276371,105.03525418043137,0.0,0.0
165.44982966035604,106.33379679918289,0.0,1.0
