x,y,hover,eod
105.4160695001483,80.05063343048096,0.0,0.0
104.81311886012554,82.21400636434555,0.0,0.0
103.17357061803341,87.9030128121376,0.0,0.0
98.2266387194395,104.92859679460526,0.0,0.0
97.4686306566,117.48653608560562,0.0,0.0
100.70178596675396,123.05493491888046,0.0,0.0
108.65513710677624,126.36809307336807,0.0,0.0
121.67392997443676,128.82016497850418,0.0,0.0
132.11835651099682,131.4312465786934,0.0,0.0
141.01503340899944,134.8205463886261,0.0,0.0
146.52618496119976,138.0568836927414,0.0,0.0
148.32549123466015,141.38703453540802,0.0,0.0
146.2366854995489,150.1316647529602,0.0,0.0
138.57700704038143,159.98144435882568,0.0,0.0
128.75504313409328,168.40910720825195,0.0,0.0
117.97139106690884,173.97853124141693,0.0,0.0
108.43100665509701,176.55550080537796,0.0,0.0
98.02903054654598,174.78814381361008,0.0,0.0
92.60153232514858,166.51663500070572,0.0,0.0
91.7779835164547,154.65998965501785,0.0,0.0
93.57866308093071,145.25350350141525,1.0,0.0
95.85030800104141,136.62458676099777,1.0,0.0
98.1605820953846,127.95261281728745,1.0,0.0
100.52877268195152,119.22471898794174,1.0,0.0
102.90337464213371,110.45090931653976,1.0,0.0
105.33927804231644,101.62202256917953,1.0,0.0
107.9800329208374,92.57861453294754,1.0,0.0
112.32232517004013,88.01231163740158,1.0,0.0
118.6336207985878,89.21807277202606,0.0,0.0
129.85014683008194,92.4115698337555,0.0,0.0
141.57324200868607,95.98448473215103,0.0,0.0
152.27852946519852,99.36138498783112,0.0,0.0
161.1383164525032,101.83378624916077,0.0,0.0
165.91321176290512,102.47820991277695,0.0,1.0
