x,y,hover,eod
95.42733902484179,84.62924260646105,0.0,0.0
94.9704767614603,84.30179718881845,0.0,0.0
94.68667639791965,84.28057798184454,0.0,0.0
94.57021236792207,85.06713100709021,0.0,0.0
94.22525249794126,89.95480724610388,0.0,0.0
95.58395021036267,102.1549338940531,0.0,0.0
97.35202335193753,111.61305197514594,0.0,0.0
100.51426373794675,121.30129226483405,0.0,0.0
103.67505841329694,125.83315470255911,0.0,0.0
109.95380394533277,129.25673046149313,0.0,0.0
120.27206175401807,129.26839237101376,0.0,0.0
131.39086358621716,126.74587641842663,0.0,0.0
140.13967745378613,124.35141657479107,0.0,0.0
148.29121940210462,123.49999544210732,0.0,0.0
152.7693175561726,124.42263250239193,0.0,0.0
157.89458863809705,127.7278554905206,0.0,0.0
161.28290437534451,132.447345899418,0.0,0.0
163.1969391591847,138.8111472595483,0.0,0.0
162.53739722445607,146.7401743400842,0.0,0.0
157.8198692984879,155.1341772545129,0.0,0.0
151.75734140351415,163.50255851633847,0.0,0.0
145.36959268525243,169.7488868702203,0.0,0.0
137.0376918502152,174.1881272662431,0.0,0.0
127.18285419419408,177.82921855337918,0.0,0.0
119.22051526978612,178.43980078585446,0.0,0.0
114.27343793585896,177.8972436208278,0.0,0.0
109.80201818421483,175.22436779923737,0.0,0.0
105.82766540721059,168.65170401521027,0.0,0.0
103.57344188168645,160.48444551415741,1.0,0.0
102.46513784304261,153.88650101609528,1.0,0.0
101.30663186684251,147.32889694161713,1.0,0.0
100.26209473982453,140.87130111642182,1.0,0.0
99.46008012071252,134.50700384564698,1.0,0.0
98.83033156767488,128.19683236069977,1.0,0.0
98.27146366611123,121.93889123387635,1.0,0.0
97.93297924473882,116.2311736959964,1.0,0.0
97.92931509576738,110.96859854646027,1.0,0.0
98.2539711650461,106.21925217099488,1.0,0.0
98.98343195579946,102.01388073153794,1.0,0.0
100.18974257074296,98.67083531804383,0.0,0.0
101.70741957984865,95.0673006195575,1.0,0.0
104.8716525491327,91.48461353965104,0.0,0.0
108.64983273111284,88.53339863009751,0.0,0.0
117.01477420888841,84.91304081864655,0.0,0.0
124.02920497022569,82.5413213390857,0.0,0.0
130.11476290784776,80.79200041480362,0.0,0.0
134.65722483955324,80.27588752098382,0.0,0.0
139.67263621650636,79.19682745821774,0.0,0.0
142.9952643569559,78.88101846911013,0.0,0.0
145.4823498185724,78.42589383013546,0.0,0.0
146.66937341354787,78.57055568136275,0.0,0.0
146.96956965513527,78.66351034492254,0.0,0.0
147.26625516451895,78.96421825513244,0.0,0.0
147.6298306453973,79.36823209747672,0.0,0.0
147.89517849124968,79.84240366145968,0.0,1.0
