x,y,hover,eod
103.52547993510962,79.96670432388783,0.0,0.0
103.12817310541868,79.97249645879492,0.0,0.0
102.87427998706698,80.10196801973507,0.0,0.0
102.78824293613434,80.43648191494867,0.0,0.0
102.67888074368238,80.9666517819278,0.0,0.0
100.15622770041227,91.32128511322662,0.0,0.0
99.02115841954947,99.93279133690521,0.0,0.0
99.50706215202808,109.62801431072876,0.0,0.0
103.23659451305866,116.47302780998871,0.0,0.0
108.8738694936037,120.02325867069885,0.0,0.0
117.61375160515308,123.39906428707764,0.0,0.0
125.86445005238056,124.5348981465213,0.0,0.0
136.59369380772114,126.52799849165604,0.0,0.0
145.52535863220692,129.39561252249405,0.0,0.0
152.77275712788105,132.09811215056106,0.0,0.0
156.64444209635258,134.10654295934364,0.0,0.0
159.41113652288914,138.80308319581673,0.0,0.0
159.23732885718346,148.10742486966774,0.0,0.0
155.04251340031624,156.01929594529793,0.0,0.0
147.63201931118965,163.97727180970833,0.0,0.0
139.4064328968525,170.277181759011,0.0,0.0
130.07458904385567,174.27425254834816,0.0,0.0
117.6708827316761,176.41660158289596,0.0,0.0
106.56594851613045,176.69095285935327,0.0,0.0
100.01904585957527,175.0614767591469,0.0,0.0
95.7819856107235,171.53957002563402,0.0,0.0
92.72315421700478,164.52149324817583,0.0,0.0
92.40241800993681,155.64101450843737,1.0,0.0
93.28653743118048,148.85715060634539,1.0,0.0
94.13680692762136,142.11464279098436,1.0,0.0
95.21517855674028,135.52071385784075,1.0,0.0
96.38135118037462,128.9731400529854,1.0,0.0
97.64696625620127,122.64155202312395,1.0,0.0
99.00082585960627,116.5638177911751,1.0,0.0
100.41705308109522,110.9284555236809,1.0,0.0
101.96475369483232,105.64016812248155,1.0,0.0
103.6813016012311,100.5691694538109,1.0,0.0
105.70935783535242,95.72729461593553,1.0,0.0
108.27812520414591,91.07428037328646,1.0,0.0
111.78471533209085,86.84769325656816,1.0,0.0
116.58731041103601,85.13907366199419,0.0,0.0
125.97153780609369,84.62750826729462,0.0,0.0
134.95376942306757,85.69791679037735,0.0,0.0
143.60329089313745,87.87743155611679,0.0,0.0
150.37155566364527,89.95328341377899,0.0,0.0
154.95480743795633,90.52451443625614,0.0,0.0
159.42865756899118,91.51607771171257,0.0,0.0
162.16826526075602,91.41874962253496,0.0,0.0
162.78150150179863,91.51939590228721,0.0,0.0
162.87246902100742,91.37258172733709,0.0,0.0
163.03619003482163,91.31751394597813,0.0,0.0
163.41243977285922,91.27860673004761,0.0,0.0
163.67701400630176,91.54252382228151,0.0,0.0
163.13687522523105,92.58324781665578,0.0,1.0
