x,y,hover,eod
93.75359566509724,74.46155694127083,0.0,0.0
93.44885874167085,76.97922733426094,0.0,0.0
91.75879198685288,86.22206237912178,0.0,0.0
89.64869383350015,104.95675829052925,0.0,0.0
89.82264060154557,117.07978275418282,0.0,0.0
91.86222958937287,121.48009505867958,0.0,0.0
101.51632595434785,122.56913949549198,0.0,0.0
114.89907312765718,120.27387981116772,0.0,0.0
127.452033046633,118.86801217496395,0.0,0.0
137.37643707171082,118.49525377899408,0.0,0.0
145.99172699823976,119.76606995612383,0.0,0.0
151.00729930773377,124.259829826653,0.0,0.0
153.79696387425065,135.00999481230974,0.0,0.0
152.24568638578057,147.67707020789385,0.0,0.0
145.6309125162661,160.8427408412099,0.0,0.0
136.65571186318994,171.37886912375689,0.0,0.0
126.53440449014306,179.10971970111132,0.0,0.0
114.84679553285241,183.10622186213732,0.0,0.0
102.70984742417932,183.19703352451324,0.0,0.0
93.29755756631494,178.9500830769539,0.0,0.0
88.87044969573617,173.77493900060654,0.0,0.0
87.62770209088922,167.78487902879715,1.0,0.0
87.96644605323672,158.670460999012,1.0,0.0
88.43124460056424,149.67726570367813,1.0,0.0
89.07631624117494,140.7741032242775,1.0,0.0
89.8421571739018,131.8000630736351,1.0,0.0
90.73293055966496,122.71504324674606,1.0,0.0
91.83348457887769,113.75065010786057,1.0,0.0
93.02716467157006,105.87887507677078,1.0,0.0
94.41316160932183,99.54161089658737,1.0,0.0
97.54238906875253,98.07058465480804,0.0,0.0
101.73952791467309,96.57017198204994,0.0,0.0
115.3803238607943,95.86429242789745,0.0,0.0
128.98360702767968,95.31462990492582,0.0,0.0
144.79933354631066,95.28385080210865,0.0,0.0
157.63870093598962,95.79062066785991,0.0,0.0
164.845659468323,97.24059216491878,0.0,0.0
167.76375088468194,98.03426362387836,0.0,0.0
169.31474793329835,99.06883604638278,0.0,0.0
169.68970968946815,98.98432410135865,0.0,0.0
169.93733744695783,98.75842275843024,0.0,0.0
169.18518270924687,98.57867794856429,0.0,1.0
