x,y,hover,eod
139.9251856803894,70.54105114936829,0.0,0.0
135.92555904388428,75.7222170829773,0.0,0.0
125.13924980163574,95.85011911392212,0.0,0.0
113.06004905700684,127.27740240097046,0.0,0.0
105.89452588558197,159.2724986076355,0.0,0.0
110.13669574260712,178.77393674850464,0.0,0.0
122.95414292812347,186.07703518867493,0.0,0.0
137.8591855764389,182.25008291006088,0.0,0.0
147.84698510169983,170.88667911291122,0.0,0.0
151.49049693346024,159.69638270139694,0.0,0.0
147.1239879131317,150.67776602506638,0.0,0.0
137.44033420085907,145.85624289512634,0.0,0.0
126.74439632892609,145.18464301526546,0.0,0.0
118.91693377494812,146.71963353455067,0.0,0.0
115.71228677034378,148.34136401116848,0.0,1.0
