x,y,hover,eod
151.22570717334747,71.65700635313988,0.0,0.0
148.38535660505295,72.36099517345428,0.0,0.0
142.23930710554123,77.71236634254456,0.0,0.0
132.96277755498886,91.23067593574524,0.0,0.0
118.06970828771591,118.54818081855774,0.0,0.0
108.30277556180954,147.5650498867035,0.0,0.0
105.27304285764694,169.21564555168152,0.0,0.0
107.35306465625763,181.64008593559265,0.0,0.0
113.19220328330994,186.13111114501953,0.0,0.0
123.1719901561737,184.3137758076191,0.0,0.0
134.6759798526764,175.07400742173195,0.0,0.0
142.33853363990784,164.72463956475258,0.0,0.0
144.69957971572876,156.319015532732,0.0,0.0
144.26367761194706,148.3239405453205,0.0,0.0
138.92221869528294,143.08921149373055,0.0,0.0
130.8227855116129,140.2521731555462,0.0,0.0
121.41997338831425,141.20937591791153,0.0,0.0
116.6176480203867,142.70147761702538,0.0,0.0
113.40535046160221,144.74659806489944,0.0,1.0
