x,y,hover,eod
106.79123285412788,70.34494078159332,0.0,0.0
105.72001259028912,74.89669984579086,0.0,0.0
105.0463415235281,87.49062722921371,0.0,0.0
104.38986922800541,103.64878839254379,0.0,0.0
106.29981841146946,129.99687618017197,0.0,0.0
110.00522668659687,154.2073363661766,0.0,0.0
115.61192567646503,172.08958214521408,0.0,0.0
123.0133378058672,183.37374037504196,0.0,0.0
130.92273111641407,187.15026831626892,0.0,0.0
140.7657336741686,183.9534411430359,0.0,0.0
148.71570701897144,172.99867129325867,0.0,0.0
152.8734313994646,159.2787799835205,0.0,0.0
150.90482826530933,149.37362349033356,0.0,0.0
145.23381645977497,141.75862407684326,0.0,0.0
138.23060746490955,137.4865180850029,0.0,0.0
129.3507927209139,137.40850719064474,0.0,0.0
120.94121272861958,139.40965893119574,0.0,0.0
114.44749529659748,143.13257547467947,0.0,0.0
111.93724955618382,145.506018422544,0.0,0.0
110.2905794531107,146.99475618451834,0.0,1.0
