x,y,hover,eod
120.92292389273643,74.22539740428329,0.0,0.0
120.94577238801867,74.50454808399081,0.0,0.0
120.84757749829441,76.83980740234256,0.0,0.0
117.17895870003849,92.79675043746829,0.0,0.0
113.97606109175831,114.29384745284915,0.0,0.0
111.13345865998417,140.2785185687244,0.0,0.0
111.75850470457226,167.06510342285037,0.0,0.0
114.71157838497311,179.69156182929873,0.0,0.0
120.78087736759335,183.0917251817882,0.0,0.0
130.03698159847409,180.21265752241015,0.0,0.0
137.34056641254574,172.20421678945422,0.0,0.0
143.74849785957485,158.68566877767444,0.0,0.0
145.1809174278751,148.09275515004992,0.0,0.0
143.77390582952648,141.0349578373134,0.0,0.0
139.67338849697262,136.35159052535892,0.0,0.0
133.8427733341232,133.78393537923694,0.0,0.0
123.80104889068753,134.72415886446834,0.0,0.0
118.17765463981777,137.44458548352122,0.0,0.0
115.35895218048245,139.61368403956294,0.0,0.0
113.50941751990467,142.90335945412517,0.0,1.0
