x,y,hover,eod
142.27690997719765,70.3462748080492,0.0,0.0
141.6926119029522,69.78451876342297,0.0,0.0
140.31248125433922,69.65335272625089,0.0,0.0
137.28332164883614,72.24561684206128,0.0,0.0
128.44228866696358,83.0042254216969,0.0,0.0
118.4276879131794,98.56232278421521,0.0,0.0
110.75294855237007,121.162263084203,0.0,0.0
107.10946503281593,145.85641734674573,0.0,0.0
108.33113017678261,168.85807626321912,0.0,0.0
115.30927184224129,182.64131419733167,0.0,0.0
123.9809572994709,186.89746849611402,0.0,0.0
134.05709746479988,183.43502991274,0.0,0.0
143.01074448227882,174.04910438135266,0.0,0.0
149.28443375229836,161.72170989587903,0.0,0.0
148.9190819784999,152.54563443735242,0.0,0.0
144.8477002903819,145.40265016630292,0.0,0.0
139.1409978196025,141.23248272016644,0.0,0.0
131.6133710667491,138.9022734053433,0.0,0.0
122.90366499871016,139.32739802077413,0.0,0.0
115.60894935578108,141.66184984520078,0.0,0.0
111.9186267182231,143.81709240749478,0.0,1.0
