x,y,hover,eod
161.09955052286386,78.03335489332676,0.0,0.0
161.16317622736096,77.11979293823242,0.0,0.0
159.87762116268277,76.2619716823101,0.0,0.0
152.81678222492337,79.56117609143257,0.0,0.0
132.22937368229032,96.50858500599861,0.0,0.0
113.61749433353543,121.98449710011482,0.0,0.0
100.11369251087308,148.56790402531624,0.0,0.0
96.56836264207959,166.59876921772957,0.0,0.0
103.55058305338025,178.43593099713326,0.0,0.0
116.63694017007947,179.8264534175396,0.0,0.0
132.268299985677,172.38164135813713,0.0,0.0
142.14219503477216,162.93030270934105,0.0,0.0
144.5991101153195,154.8674155175686,0.0,0.0
140.5859100110829,147.12020525336266,0.0,0.0
133.10086600854993,140.690284460783,0.0,0.0
124.16183822229505,137.87521371245384,0.0,0.0
116.22731022909284,137.88315379619598,0.0,0.0
112.35580288246274,138.62282970547676,0.0,0.0
109.55017678812146,140.49678155779839,0.0,1.0
