x,y,hover,eod
136.7367801144719,76.70652393996716,0.0,0.0
136.5948151871562,76.460244551301,0.0,0.0
136.0270947292447,76.78871326893568,0.0,0.0
133.5653233602643,77.73797341436148,0.0,0.0
129.66007471829653,82.13938929885626,0.0,0.0
123.07549000531435,90.9161941036582,0.0,0.0
117.09009052067995,101.8433169350028,0.0,0.0
110.94659269601107,115.48995294421911,0.0,0.0
108.62660796195269,127.7570930942893,0.0,0.0
106.7888669744134,140.1159445270896,0.0,0.0
106.27397061139345,152.29439892619848,0.0,0.0
106.82302237302065,163.37133445590734,0.0,0.0
109.47044581919909,172.77889051288366,0.0,0.0
112.70191849023104,176.63123943656683,0.0,0.0
118.83386314660311,179.68825020641088,0.0,0.0
127.36661017686129,178.3355965539813,0.0,0.0
135.93507171422243,172.17979454249144,0.0,0.0
143.90378416329622,163.26561295241117,0.0,0.0
148.60388637334108,155.35256826132536,0.0,0.0
150.74517668038607,147.346453897655,0.0,0.0
150.16211808472872,142.81681977957487,0.0,0.0
147.2034803107381,138.70485358685255,0.0,0.0
142.5271850898862,135.13830863684416,0.0,0.0
137.13915825635195,133.17080952972174,0.0,0.0
130.43477237969637,132.7865447923541,0.0,0.0
123.82162512093782,133.64123315364122,0.0,0.0
119.49128300696611,135.09636894613504,0.0,0.0
116.92682684212923,136.46945417672396,0.0,0.0
116.4124510511756,137.19114959985018,0.0,1.0
