x,y,hover,eod
151.5973550081253,63.72435253858566,0.0,0.0
148.19474130868912,65.49415004253387,0.0,0.0
140.51617413759232,74.97209322452545,0.0,0.0
126.33477956056595,102.87326109409332,0.0,0.0
113.48180562257767,138.620574593544,0.0,0.0
105.97004920244217,171.25584852695465,0.0,0.0
107.95107915997505,188.33192718029022,0.0,0.0
115.08880987763405,193.81359946727753,0.0,0.0
125.96851363778114,190.28628480434418,0.0,0.0
137.63798132538795,177.33093750476837,0.0,0.0
144.44813266396523,164.0303326845169,0.0,0.0
145.05747981369495,151.73088681697845,0.0,0.0
140.48202194273472,144.54848539829254,0.0,0.0
132.0128182321787,140.70787113904953,0.0,0.0
121.00259698927402,141.61861856281757,0.0,0.0
113.1912437826395,145.0123297125101,0.0,1.0
