x,y,hover,eod
116.03007887303829,78.83024555444717,0.0,0.0
115.01874212920666,80.6906236410141,0.0,0.0
112.80203212797642,87.91850399971008,0.0,0.0
109.94707514345646,103.99920773506165,0.0,0.0
109.88565270602703,129.8970968723297,0.0,0.0
113.05281881988049,156.39744114875793,0.0,0.0
119.56341092288494,172.15099048614502,0.0,0.0
127.32113902270794,177.18927991390228,0.0,0.0
137.58655969798565,174.319675385952,0.0,0.0
144.49404065310955,163.7275533080101,0.0,0.0
147.37860177457333,152.40775030851364,0.0,0.0
145.26511286199093,144.1789363026619,0.0,0.0
139.73162685334682,138.26913219690323,0.0,0.0
131.30380009114742,135.42525988817215,0.0,0.0
122.58852814137936,135.47108583897352,0.0,0.0
116.05689142644405,136.71339877694845,0.0,0.0
112.75054965913296,138.0379619523883,0.0,0.0
110.72212015092373,140.409794382751,0.0,1.0
