x,y,hover,eod
112.13367700576782,61.256361961364746,0.0,0.0
109.96243864297867,68.00621962547302,0.0,0.0
107.57097601890564,89.1745183467865,0.0,0.0
107.79033247381449,131.11894583702087,0.0,0.0
113.69537238031626,166.34924387931824,0.0,0.0
123.3318704739213,188.3511803150177,0.0,0.0
132.72876624017954,195.69995021820068,0.0,0.0
141.11323419958353,192.5327489376068,0.0,0.0
147.29126397520304,179.887060880661,0.0,0.0
149.78150609880686,163.11671590805054,0.0,0.0
147.91028652340174,151.47922492027283,0.0,0.0
140.63251946121454,144.10376167297363,0.0,0.0
131.20064232498407,142.53041496872902,0.0,0.0
120.59510800987482,146.04713013768196,0.0,0.0
113.24270579963923,152.12692192196846,0.0,0.0
110.67124728113413,155.84992191195488,0.0,1.0
