x,y,hover,eod
112.97265616431832,74.89466628059745,0.0,0.0
113.08334290236235,74.83835157938302,0.0,0.0
113.32114621251822,74.90918757859617,0.0,0.0
112.26084239035845,75.58896827045828,0.0,0.0
110.49386239796877,77.89867537561804,0.0,0.0
108.27404371649027,85.11790173593909,0.0,0.0
106.10208518058062,97.58694427553564,0.0,0.0
105.34842639416456,115.67740934435278,0.0,0.0
107.36474945396185,134.62329404894263,0.0,0.0
111.96809693425894,152.52315300051123,0.0,0.0
116.42470195144415,168.06049960199744,0.0,0.0
121.66781678050756,177.6053340965882,0.0,0.0
129.34909238666296,182.64311271253973,0.0,0.0
138.18892791122198,182.43092263583094,0.0,0.0
144.3798239454627,177.52852762583643,0.0,0.0
149.24829079955816,167.39434326533228,0.0,0.0
150.9257858917117,159.21518648508936,0.0,0.0
149.18581723421812,151.49377370718867,0.0,0.0
143.88654231280088,144.91076613310724,0.0,0.0
139.2627039477229,140.95345879439265,0.0,0.0
134.46423738449812,139.0946694696322,0.0,0.0
128.98049204796553,138.5322772199288,0.0,0.0
121.31771891564131,139.69440350774676,0.0,0.0
116.04990511387587,142.7230260754004,0.0,0.0
112.94227390736341,145.91601739171892,0.0,0.0
110.38370578736067,149.91747120860964,0.0,0.0
109.77404262125492,152.6249028230086,0.0,1.0
