x,y,hover,eod
126.88189956173301,66.60365382581949,0.0,0.0
126.87555188243277,67.32262300699949,0.0,0.0
126.99410233576782,67.86311233788729,0.0,0.0
125.99959496338852,68.96003993600607,0.0,0.0
123.1302059062291,73.71270420402288,0.0,0.0
116.93529847939499,89.5939421877265,0.0,0.0
112.63303074915893,108.03663852065802,0.0,0.0
110.53296495159157,129.7885883077979,0.0,0.0
110.31627470557578,147.57058145850897,0.0,0.0
112.91234964434989,162.6625228151679,0.0,0.0
117.77691030804999,179.21566846221685,0.0,0.0
123.60109651391394,188.92328622192144,0.0,0.0
129.62102020089515,191.19277673214674,0.0,0.0
137.37879300420173,187.7310617491603,0.0,0.0
143.8650449544657,177.71377044171095,0.0,0.0
147.09093952481635,166.8516750857234,0.0,0.0
145.22256607119925,158.91511338204145,0.0,0.0
140.8895986706484,153.4562506005168,0.0,0.0
136.82517940108664,150.39657997339964,0.0,0.0
131.21413165633567,147.61217343062162,0.0,0.0
126.73810088937171,146.7910643145442,0.0,0.0
122.72343689505942,147.02464478462934,0.0,0.0
119.08527756039985,148.5261939689517,0.0,0.0
116.68910318915732,150.5242803916335,0.0,0.0
114.57631805841811,152.79392840713263,0.0,1.0
