x,y,hover,eod
145.3375925719738,71.14666539430618,0.0,0.0
144.67577373981476,69.30852341651917,0.0,0.0
143.2082605957985,68.33662110567093,0.0,0.0
136.71331590414047,72.93217676877975,0.0,0.0
125.21093910932541,88.05180567502975,0.0,0.0
112.72607392072678,114.66608542203903,0.0,0.0
105.730484187603,143.33533066511154,0.0,0.0
106.6278495490551,171.12625855207443,0.0,0.0
113.52579852938652,185.4049898982048,0.0,0.0
123.35409542918205,189.43277287483215,0.0,0.0
133.31034979224205,185.85996973514557,0.0,0.0
144.6009381711483,174.3506156206131,0.0,0.0
150.90354403853416,162.67913806438446,0.0,0.0
151.56442990899086,150.50672280788422,0.0,0.0
147.62577643990517,142.45207118988037,0.0,0.0
140.82810631394386,138.28713017702103,0.0,0.0
131.5018462240696,136.26109737157822,0.0,0.0
121.76135233044624,136.1765865907073,0.0,0.0
116.71029499173164,137.22904539853334,0.0,1.0
