x,y,hover,eod
124.30269402265549,77.22066986560822,0.0,0.0
121.68442559242249,81.89071643352509,0.0,0.0
117.84751963615417,95.81276643276215,0.0,0.0
114.4859943985939,121.93948018550873,0.0,0.0
114.14883927255869,150.99698770046234,0.0,0.0
117.96087221056223,169.7067939043045,0.0,0.0
123.5403950586915,178.08422315120697,0.0,0.0
129.83229116350412,179.88372015953064,0.0,0.0
137.63336495310068,172.95487987995148,0.0,0.0
142.44124875217676,160.07636535167694,0.0,0.0
143.99536729604006,148.152547955513,0.0,0.0
141.258098192513,136.5387760400772,0.0,0.0
137.25307405740023,131.79526555538177,0.0,0.0
133.19105447083712,130.0908859372139,0.0,0.0
123.93012822419405,132.0199637413025,0.0,0.0
118.08723629266024,136.57027411460876,0.0,0.0
114.7224038913846,140.25652873516083,0.0,0.0
113.0756440833211,143.00169575214386,0.0,0.0
112.50743155181408,143.84690861403942,0.0,1.0
