x,y,hover,eod
109.35372903943062,64.12712794542313,0.0,0.0
108.71891357004642,66.26630228757858,0.0,0.0
107.72232495248318,72.0373062491417,0.0,0.0
105.55801697075367,93.0248264670372,0.0,0.0
104.48416851460934,122.59772819280624,0.0,0.0
106.49876020848751,155.35012048482895,0.0,0.0
111.6443171352148,179.25799173116684,0.0,0.0
121.46093808114529,191.3543466925621,0.0,0.0
134.10098515450954,192.63701540231705,0.0,0.0
144.91240106523037,184.4706456065178,0.0,0.0
151.63572452962399,170.23643893003464,0.0,0.0
153.2298781722784,157.74793308973312,0.0,0.0
150.80131493508816,149.92993277311325,0.0,0.0
144.8084219545126,146.09140706062317,0.0,0.0
136.4645805209875,145.44802007079124,0.0,0.0
127.57209323346615,147.44665589928627,0.0,0.0
122.07411669194698,149.96536222100258,0.0,0.0
118.29487137496471,152.2618795633316,0.0,0.0
114.68387626111507,155.4930184483528,0.0,1.0
