x,y,hover,eod
152.99570867046714,88.05240522325039,0.0,0.0
153.09797383099794,88.17104366794229,0.0,0.0
153.59708058834076,88.38399659097195,0.0,0.0
154.3800573348999,88.50637680105865,0.0,0.0
155.02070698142052,88.47626010142267,0.0,0.0
155.72157222032547,87.85156393609941,0.0,0.0
156.39041076600552,87.5037482213229,0.0,0.0
156.74591413885355,86.76117373816669,0.0,0.0
156.5989072546363,85.75348070077598,0.0,0.0
155.82196816056967,84.83273035101593,0.0,0.0
153.84914471954107,84.20171601884067,0.0,0.0
151.4071297571063,84.20933384634554,0.0,0.0
148.28791319578886,84.74710066057742,0.0,0.0
144.15714501589537,85.69995898939669,0.0,0.0
137.8213405534625,88.35198272205889,0.0,0.0
129.74155544489622,94.71201766468585,0.0,0.0
120.62713562697172,105.1582239959389,0.0,0.0
112.32783555239439,117.08123553730547,0.0,0.0
105.38177727907896,131.1615644786507,0.0,0.0
102.00059055536985,144.36361063458025,0.0,0.0
100.27668609470129,156.90867055393755,0.0,0.0
100.57029742002487,166.31087947823107,0.0,0.0
103.25002717971802,170.8051880095154,0.0,0.0
109.4535927772522,173.35231322981417,0.0,0.0
119.47544264793396,169.41403616406024,0.0,0.0
130.05344080924988,161.44837845303118,0.0,0.0
136.89323353767395,154.94839478470385,0.0,0.0
139.53822362422943,147.54639137722552,0.0,0.0
138.5587412416935,141.1927585694939,0.0,0.0
136.59913051128387,136.72244984842837,0.0,0.0
131.016899228096,130.78186948038638,0.0,0.0
124.72144949436188,128.2731388900429,0.0,0.0
117.8383218050003,127.78705701418221,0.0,0.0
112.82776463031769,129.09389302320778,0.0,0.0
108.51399886608124,131.30108848400414,0.0,0.0
107.20674070715904,133.8481999952346,0.0,1.0
