x,y,hover,eod
149.45675026625395,69.03561018407345,0.0,0.0
148.99967931210995,68.14368732273579,0.0,0.0
147.6212664693594,67.77162041515112,0.0,0.0
145.5005218833685,67.93126937001944,0.0,0.0
142.05389939248562,70.08362766355276,0.0,0.0
132.4856897443533,78.10137744992971,0.0,0.0
123.22227858006954,89.51107379049063,0.0,0.0
114.40017722547054,104.84046217054129,0.0,0.0
106.84993349015713,124.56879254430532,0.0,0.0
103.45766715705395,143.1574797257781,0.0,0.0
104.7248650342226,165.02002950757742,0.0,0.0
110.34824557602406,181.15223165601492,0.0,0.0
118.17715115845203,188.59173651784658,0.0,0.0
127.262759283185,189.09638468176126,0.0,0.0
137.27140672504902,184.20649830251932,0.0,0.0
148.31843622028828,172.5866026058793,0.0,0.0
153.20004172623158,162.9402006044984,0.0,0.0
153.6866158992052,155.24595204740763,0.0,0.0
150.86341805756092,149.96329251676798,0.0,0.0
144.93013508617878,145.08504126220942,0.0,0.0
136.19158394634724,141.0194355621934,0.0,0.0
130.36646135151386,140.49097828567028,0.0,0.0
125.095709040761,140.3553685825318,0.0,0.0
121.18471123278141,140.9748417045921,0.0,1.0
