x,y,hover,eod
138.64011186361313,86.32608389854431,0.0,0.0
134.1792603135109,93.47818946838379,0.0,0.0
127.74494010210037,106.33061146736145,0.0,0.0
120.35895305871964,123.99592614173889,0.0,0.0
114.24814122915268,144.21821093559265,0.0,0.0
113.5959640443325,160.64790225028992,0.0,0.0
116.35623934864998,168.38565146923065,0.0,0.0
121.19839343428612,171.44955790042877,0.0,0.0
131.68176206946373,169.60484704375267,0.0,0.0
138.93215867877007,161.72859272360802,0.0,0.0
142.53186348080635,152.133501380682,0.0,0.0
143.1277770847082,142.218631118536,0.0,0.0
140.66871131956577,136.97152516245842,0.0,0.0
134.81786455214024,134.40438976883888,0.0,0.0
126.69833804666996,135.06867176294327,0.0,0.0
122.58166040480137,136.4197032749653,0.0,0.0
119.63254536688328,138.6861897110939,0.0,0.0
117.47364874184132,141.01089945435524,0.0,1.0
