x,y,hover,eod
123.83781700953841,65.17266950011253,0.0,0.0
123.74860589019954,64.39268408715725,0.0,0.0
124.07817852310836,64.75081866979599,0.0,0.0
123.77626998908818,65.89961922168732,0.0,0.0
120.23764832504094,71.56183159351349,0.0,0.0
112.34589679725468,92.42251789569855,0.0,0.0
104.8564813900739,119.68268072605133,0.0,0.0
102.38244919665158,152.0505896806717,0.0,0.0
104.39644961245358,174.76279890537262,0.0,0.0
111.24004094488919,186.96781075000763,0.0,0.0
122.07063763029873,192.3351160287857,0.0,0.0
134.36908213980496,187.76640808582306,0.0,0.0
145.79632847197354,175.80027377605438,0.0,0.0
153.3434536922723,163.44212090969086,0.0,0.0
154.2156071830541,153.53314077854156,0.0,0.0
149.68005164153874,145.86307203769684,0.0,0.0
141.16253121383488,140.9029129743576,0.0,0.0
131.58920033462346,138.89462804794312,0.0,0.0
124.67599256522954,139.0040123872459,0.0,0.0
119.61451871879399,140.21539580449462,0.0,0.0
115.16456856019795,141.4844636283815,0.0,0.0
111.80320544727147,143.97780459746718,0.0,1.0
