x,y,hover,eod
119.55546095967293,78.9116337671876,0.0,0.0
119.14661224931479,78.87671940820292,0.0,0.0
118.70758585631847,78.86908463062719,0.0,0.0
117.90595814585686,79.25647175731137,0.0,0.0
115.98429217934608,83.95751810492948,0.0,0.0
112.27981701493263,94.94565940322354,0.0,0.0
109.87725734710693,106.03876686515287,0.0,0.0
109.08529616892338,124.73356461944059,0.0,0.0
110.31306631863117,142.53885245742276,0.0,0.0
115.81697411835194,163.83938050689176,0.0,0.0
121.9856620579958,175.4092750591226,0.0,0.0
128.2887328416109,178.75994986714795,0.0,0.0
135.93888707458973,177.60629459144548,0.0,0.0
143.7719339877367,169.62295814277604,0.0,0.0
148.3826769143343,159.31952877761796,0.0,0.0
148.45848843455315,150.59133394481614,0.0,0.0
145.07125660777092,142.81784935714677,0.0,0.0
139.55271884799004,136.95806070091203,0.0,0.0
135.73667392134666,134.37901749135926,0.0,0.0
129.3635694682598,133.35411487938836,0.0,0.0
121.65448114275932,135.1279117059894,0.0,0.0
116.66117563843727,138.67076202156022,0.0,0.0
113.24213162064552,142.3383931708522,0.0,0.0
110.27395322918892,147.47106714965776,0.0,1.0
