x,y,hover,eod
146.53637835383415,73.23643197119236,0.0,0.0
144.11183068156242,74.59051404893398,0.0,0.0
138.7627179324627,79.28438846766949,0.0,0.0
129.57757899165154,93.69818513095379,0.0,0.0
121.13806316256523,116.07550685107708,0.0,0.0
113.08841654658318,146.30806033313274,0.0,0.0
110.19296714663506,167.5739652365446,0.0,0.0
113.9352653324604,180.57067219913006,0.0,0.0
121.01975539326668,183.10408894717693,0.0,0.0
129.82918301224709,177.8804177492857,0.0,0.0
139.25204077363014,165.9959930628538,0.0,0.0
143.63472977280617,157.0643127411604,0.0,0.0
143.9631506204605,148.87026016414165,0.0,0.0
139.65599411725998,141.12529222667217,0.0,0.0
133.58883374929428,137.2251773327589,0.0,0.0
125.36677175760269,135.62574748694897,0.0,0.0
119.765959918499,136.09803695976734,0.0,0.0
115.28602594137192,138.00245855748653,0.0,1.0
