x,y,hover,eod
144.44157749414444,75.924410097301,0.0,0.0
144.01557825505733,75.82447499409318,0.0,0.0
142.8411864489317,76.45482093468308,0.0,0.0
140.1964246481657,78.8860723413527,0.0,0.0
133.3131169527769,87.8031888641417,0.0,0.0
128.03611628711224,98.80606323853135,0.0,0.0
120.96687965095043,116.27651125565171,0.0,0.0
115.43097727000713,134.7616246379912,0.0,0.0
111.61810092628002,155.4252579845488,0.0,0.0
110.58741271495819,170.10420233383775,0.0,0.0
112.98418954014778,176.88714951649308,0.0,0.0
119.84249845147133,181.41129851713777,0.0,0.0
129.50664654374123,180.5081084407866,0.0,0.0
139.48713019490242,172.66725093498826,0.0,0.0
145.61317041516304,163.9904984869063,0.0,0.0
147.20012485980988,157.12878078594804,0.0,0.0
145.40526181459427,149.82100755348802,0.0,0.0
142.61834233999252,145.0840899385512,0.0,0.0
138.57340842485428,141.17676139250398,0.0,0.0
134.1714844107628,139.73358065262437,0.0,0.0
127.38058000802994,139.70666464790702,0.0,0.0
121.51681810617447,142.09171142801642,0.0,0.0
118.27207326889038,143.6686125062406,0.0,0.0
116.51261642575264,145.4456330500543,0.0,1.0
