x,y,hover,eod
128.29878299683332,73.68661718070507,0.0,0.0
128.61786770820618,73.40615478903055,0.0,0.0
128.83536319434643,73.55872923135757,0.0,0.0
129.01965337991714,74.10783430188894,0.0,0.0
127.30863559246063,74.30413459986448,0.0,0.0
125.13575661182404,76.56034057587385,0.0,0.0
120.0391172170639,85.3138572499156,0.0,0.0
115.40476608276367,95.6561571881175,0.0,0.0
111.72729480266571,105.94515388458967,0.0,0.0
109.3908526301384,118.91417925804853,0.0,0.0
108.85194259881973,133.48584597557783,0.0,0.0
110.41357952356339,154.17180245369673,0.0,0.0
113.73106408119202,168.759452752769,0.0,0.0
117.33189958333969,177.11173181980848,0.0,0.0
121.03732544183731,181.56740849465132,0.0,0.0
124.77579164505005,183.4939997419715,0.0,0.0
134.51803076267242,178.75921478122473,0.0,0.0
141.87177109718323,169.0997832044959,0.0,0.0
146.19061636924744,158.4620230421424,0.0,0.0
147.36617232859135,149.7316031679511,0.0,0.0
145.98883266746998,142.12349703162909,0.0,0.0
143.66912211477757,138.00547470897436,0.0,0.0
140.0208028703928,134.92244114726782,0.0,0.0
135.33835227787495,133.46370776742697,0.0,0.0
128.63664682209492,134.49065437167883,0.0,0.0
123.27880854904652,138.01750441640615,0.0,0.0
119.90680928528309,140.3782761618495,0.0,0.0
118.40017582476139,142.4932092949748,0.0,0.0
118.65212851390243,143.904359690845,0.0,0.0
119.33065750822425,145.00264806300402,0.0,1.0
