x,y,hover,eod
129.3195386826992,56.23887535557151,0.0,0.0
127.60988286137581,56.562687050551176,0.0,0.0
125.14765268564224,57.48694617673755,0.0,0.0
121.20013481378555,61.4310561530292,0.0,0.0
110.231998026371,77.0195673815906,0.0,0.0
102.15371137857437,96.64583910629153,0.0,0.0
96.93021184206009,120.3600477091968,0.0,0.0
96.41287336498499,148.0448030345142,0.0,0.0
104.09188399463892,177.48142708465457,0.0,0.0
114.7683967128396,194.68662608787417,0.0,0.0
126.57732854038477,201.55084777995944,0.0,0.0
138.00775299221277,199.97443128749728,0.0,0.0
150.10609040409327,189.24143840000033,0.0,0.0
157.93605158478022,174.88402653858066,0.0,0.0
160.8896101489663,160.3944270722568,0.0,0.0
158.64807615429163,149.69814110919833,0.0,0.0
151.61176870018244,143.13009549304843,0.0,0.0
142.9689765945077,139.5493011586368,0.0,0.0
133.3796061053872,139.2594707608223,0.0,0.0
124.24078474193811,141.27392089366913,0.0,0.0
120.25612095743418,142.65705502033234,0.0,0.0
116.42275313287973,145.10612165927887,0.0,0.0
115.32038512080908,149.89330089092255,0.0,1.0
