x,y,hover,eod
136.16004663705826,73.52270166575909,0.0,0.0
134.32722154259682,74.06970142573118,0.0,0.0
130.56591871380806,77.28791921585798,0.0,0.0
122.87638548016548,88.20929139107466,0.0,0.0
115.17808440327644,106.09708874672651,0.0,0.0
109.51929810643196,130.96561043709517,0.0,0.0
108.5581083893776,153.21683018654585,0.0,0.0
112.92687493562698,173.5317286774516,0.0,0.0
120.70791798830032,183.30276577919722,0.0,0.0
131.05352479219437,184.32799815386534,0.0,0.0
140.29851752519608,177.7644491121173,0.0,0.0
146.50005894899368,168.89634966105223,0.0,0.0
147.80996757745743,160.59403180330992,0.0,0.0
144.748366355896,152.78925060480833,0.0,0.0
138.22571086883545,145.593985311687,0.0,0.0
130.69993126392365,140.44931172579527,0.0,0.0
122.72398936748505,138.7573563978076,0.0,0.0
115.16105699539185,139.42348121851683,0.0,0.0
108.90668141841888,142.17633574455976,0.0,1.0
