x,y,hover,eod
118.7053570151329,74.04995146393776,0.0,0.0
117.48599171638489,75.13086567819118,0.0,0.0
116.30826644599438,77.0306819230318,0.0,0.0
111.72811381518841,90.07192666828632,0.0,0.0
107.81508706510067,109.90589793026447,0.0,0.0
107.11018294095993,134.24152548611164,0.0,0.0
110.86597174406052,163.35633213818073,0.0,0.0
118.3072093129158,178.81602461636066,0.0,0.0
126.8463721871376,183.848882868886,0.0,0.0
135.2867493033409,182.0341780334711,0.0,0.0
144.6368047595024,168.6710097938776,0.0,0.0
150.5974730849266,153.7850680500269,0.0,0.0
150.32855238765478,141.0851123481989,0.0,0.0
145.78030850738287,132.60778631269932,0.0,0.0
136.93796779960394,128.1964233070612,0.0,0.0
127.10753943771124,128.8704724907875,0.0,0.0
119.53030731528997,132.48966771364212,0.0,0.0
115.07409628480673,136.03620249032974,0.0,0.0
113.30006387084723,140.11330264806747,0.0,0.0
112.83893216401339,144.26505106687546,0.0,1.0
