x,y,hover,eod
141.43740326166153,64.78741836547852,0.0,0.0
137.96653270721436,67.72688966989517,0.0,0.0
133.99081856012344,72.01520991325378,0.0,0.0
128.1551656126976,80.29405307769775,0.0,0.0
120.65754026174545,95.59767556190491,0.0,0.0
112.00561374425888,116.56170916557312,0.0,0.0
106.30843669176102,139.4361217021942,0.0,0.0
105.20452827215195,164.1817171573639,0.0,0.0
110.38247257471085,180.59925985336304,0.0,0.0
117.53795117139816,189.66449332237244,0.0,0.0
125.9638723731041,192.32194435596466,0.0,0.0
132.62485295534134,190.00282955169678,0.0,0.0
140.35726755857468,180.15783619880676,0.0,0.0
147.7037712931633,167.8027446269989,0.0,0.0
151.62486970424652,157.8076912164688,0.0,0.0
151.44980750977993,151.1589504480362,0.0,0.0
148.63362573087215,147.42491227388382,0.0,0.0
141.64579652249813,142.91510981321335,0.0,0.0
133.45476053655148,139.32605814933777,0.0,0.0
127.05003224313259,138.589522883296,0.0,0.0
121.96686409413815,139.16450169682503,0.0,0.0
117.47051797807217,140.67049142718315,0.0,0.0
114.4613566249609,144.38959595561028,0.0,1.0
