x,y,hover,eod
136.8101764768362,70.20991649478674,0.0,0.0
135.79260136187077,70.45260129496455,0.0,0.0
134.3927487283945,71.28123877570033,0.0,0.0
131.29898335039616,74.2293637804687,0.0,0.0
127.17456276714802,80.09352443739772,0.0,0.0
121.80211897194386,91.10800860449672,0.0,0.0
116.95905204117298,102.7160513214767,0.0,0.0
110.82495446503162,124.85175726935267,0.0,0.0
109.06236286461353,144.84803436324,0.0,0.0
111.16640205681324,163.5004329495132,0.0,0.0
115.88860566914082,176.4829814247787,0.0,0.0
122.01819594204426,183.44529507681727,0.0,0.0
128.9570438414812,186.0733744315803,0.0,0.0
136.59096474945545,184.1589674167335,0.0,0.0
143.29205031692982,177.70809618756175,0.0,0.0
147.511354342103,170.08345751091838,0.0,0.0
148.5013644695282,163.23829917237163,0.0,0.0
147.91865202784538,154.0631958656013,0.0,0.0
145.21540167927742,147.84633187577128,0.0,0.0
142.43604245781898,144.05937222763896,0.0,0.0
138.109591037035,141.82497648522258,0.0,0.0
131.75380888581276,140.98427025601268,0.0,0.0
122.60902884602547,142.68027184531093,0.0,0.0
118.70167735219002,144.6991982869804,0.0,0.0
115.85017892718315,146.82509331032634,0.0,0.0
115.1797626465559,148.6091616563499,0.0,1.0
