x,y,hover,eod
112.24550300836563,54.34072861075401,0.0,0.0
110.48559898138046,54.76383542269468,0.0,0.0
107.82879853248596,59.28936397284269,0.0,0.0
104.4544535279274,75.17661010473967,0.0,0.0
103.23763990402222,105.96135055273771,0.0,0.0
104.22194758057594,141.31783878058195,0.0,0.0
108.95466515421867,172.92747174948454,0.0,0.0
118.44435998797417,193.94675409048796,0.0,0.0
130.9829599559307,202.70593141764402,0.0,0.0
142.1172053515911,201.4775232002139,0.0,0.0
149.58411106467247,192.9598197862506,0.0,0.0
152.8860882818699,177.79725884646177,0.0,0.0
149.85392758250237,166.45939921587706,0.0,0.0
140.46731421351433,159.36302458494902,0.0,0.0
129.30122086405754,157.2778748497367,0.0,0.0
120.79204806685448,158.0952930226922,0.0,0.0
113.60063740611076,160.526838876307,0.0,0.0
110.9795586168766,162.09087458997965,0.0,0.0
110.86835317872465,163.00051448494196,0.0,1.0
