x,y,hover,eod
134.0466114282608,80.70731663703918,0.0,0.0
126.40610003471375,95.50449633598328,0.0,0.0
117.63716542720795,119.3460705280304,0.0,0.0
110.81165218353271,145.61372542381287,0.0,0.0
109.07822006940842,166.62723326683044,0.0,0.0
115.66458576917648,175.14899933338165,0.0,0.0
125.47876471281052,176.32746332883835,0.0,0.0
136.25666016340256,169.24933487176895,0.0,0.0
144.74344664812088,158.9602034687996,0.0,0.0
147.95353227853775,149.27292221784592,0.0,0.0
145.947031468153,140.29779130220413,0.0,0.0
139.07510289549828,133.90634471178055,0.0,0.0
129.98040983080864,131.4321699142456,0.0,0.0
119.80547258257866,132.9838320016861,0.0,0.0
114.00751599669456,135.51723951101303,0.0,0.0
111.56240636110306,138.01599243283272,0.0,1.0
