x,y,hover,eod
123.85107459127903,78.32688526809216,0.0,0.0
123.79371375404298,77.65909151732922,0.0,0.0
123.51988778077066,77.36921010166407,0.0,0.0
123.33493263088167,78.45112708956003,0.0,0.0
122.60327786765993,80.40267137438059,0.0,0.0
118.31233889423311,94.1248836889863,0.0,0.0
115.155302291736,112.37270621210337,0.0,0.0
113.98373023234308,134.22892359644175,0.0,0.0
114.90645707212389,151.22030643373728,0.0,0.0
116.47761047445238,165.66324857622385,0.0,0.0
118.78029257617891,175.65807608515024,0.0,0.0
121.79761082492769,179.20567927509546,0.0,0.0
126.76545501314104,179.95666993409395,0.0,0.0
134.72069264017045,174.2161841467023,0.0,0.0
140.20175815187395,164.14375139027834,0.0,0.0
142.43382424674928,153.19367242604494,0.0,0.0
140.6289897914976,143.78188801556826,0.0,0.0
137.39266202412546,139.51110971719027,0.0,0.0
133.80999193154275,137.13915137201548,0.0,0.0
129.1546689029783,135.6606505587697,0.0,0.0
124.63772193156183,135.9081106223166,0.0,0.0
120.57553724013269,137.36473697796464,0.0,0.0
117.50971213541925,140.0847138799727,0.0,0.0
115.84403694234788,142.95488316193223,0.0,0.0
115.98498762212694,145.01592669263482,0.0,1.0
