x,y,hover,eod
131.49633926153183,71.23341143131256,0.0,0.0
131.04100943356752,72.5434148311615,0.0,0.0
130.28771460801363,74.23785924911499,0.0,0.0
124.4402104690671,88.95313739776611,0.0,0.0
118.2278251722455,104.04364585876465,0.0,0.0
112.2879898622632,125.63552379608154,0.0,0.0
108.71046186238527,145.53593516349792,0.0,0.0
108.32960546761751,162.62618899345398,0.0,0.0
113.2150665000081,178.76049637794495,0.0,0.0
119.90017802268267,185.39132952690125,0.0,0.0
130.0037160590291,184.5570869743824,0.0,0.0
139.92033094912767,174.99908939003944,0.0,0.0
146.67751700431108,163.76780524849892,0.0,0.0
149.0903431251645,151.29780903458595,0.0,0.0
147.14262188225985,141.19999065995216,0.0,0.0
142.40959138423204,134.3627943098545,0.0,0.0
136.747582860291,131.13416358828545,0.0,0.0
129.24741358309984,130.37921093404293,0.0,0.0
123.33158046752214,131.53895027935505,0.0,0.0
119.74133700877428,132.9070932418108,0.0,0.0
116.63627178221941,135.55057145655155,0.0,1.0
