x,y,hover,eod
132.75367951393127,47.47213941812515,0.0,0.0
129.5828873515129,48.02074336260557,0.0,0.0
125.93625313043594,49.95815642923117,0.0,0.0
117.84428483247757,64.69594963639975,0.0,0.0
109.53238075971603,87.25658663362265,0.0,0.0
101.82026094198227,124.12088402360678,0.0,0.0
100.42662045359612,163.41954239457846,0.0,0.0
106.73930725455284,193.33786972612143,0.0,0.0
118.25381955504417,207.5657320842147,0.0,0.0
130.84182104468346,210.31196662038565,0.0,0.0
145.3931983411312,201.48607381433249,0.0,0.0
154.84260043501854,185.9616959914565,0.0,0.0
156.6366567313671,173.0358839854598,0.0,0.0
152.52186289429665,164.17930551618338,0.0,0.0
143.60057643055916,159.08531972020864,0.0,0.0
132.40508010983467,157.6956046447158,0.0,0.0
121.2333028614521,159.2176494821906,0.0,0.0
112.78514435887337,161.7400575503707,0.0,0.0
109.49707290530205,162.94415668398142,0.0,0.0
108.5751942396164,163.10684301704168,0.0,1.0
