x,y,hover,eod
119.55359309911728,71.04770277068019,0.0,0.0
119.11464616656303,71.13857806101441,0.0,0.0
118.91993099823594,71.27155539020896,0.0,0.0
118.56548549607396,72.60006364807487,0.0,0.0
115.25914074853063,79.29418143257499,0.0,0.0
110.63141884282231,97.03430589661002,0.0,0.0
108.80548121407628,119.11039289459586,0.0,0.0
109.79082839563489,143.3801883123815,0.0,0.0
116.29864590242505,166.72850545868278,0.0,0.0
125.64723627641797,180.85687812790275,0.0,0.0
135.2003832347691,186.14005502685905,0.0,0.0
141.41483383253217,184.03830986842513,0.0,0.0
146.61973075941205,173.55859738215804,0.0,0.0
148.817175347358,158.92227989062667,0.0,0.0
147.2260801680386,147.59625893458724,0.0,0.0
144.22722356393933,141.78414803370833,0.0,0.0
138.48437981680036,139.45427295193076,0.0,0.0
128.82660346105695,138.9097737185657,0.0,0.0
123.75459806993604,140.04280317947268,0.0,0.0
121.01849989965558,141.4183199815452,0.0,0.0
119.00295229628682,142.97297928854823,0.0,0.0
119.24180215224624,145.7048464231193,0.0,1.0
