x,y,hover,eod
100.51807325333357,82.58440352231264,0.0,0.0
100.98772127181292,82.22951471060514,0.0,0.0
102.67446149140596,82.07871403731406,0.0,0.0
113.78325689584017,79.04368724860251,0.0,0.0
127.0173667743802,75.44273462332785,0.0,0.0
139.42623604089022,71.279884243384,0.0,0.0
148.6935280635953,69.47794895805418,0.0,0.0
153.4354879334569,68.47123395837843,0.0,0.0
156.27755898982286,68.58334399014711,0.0,0.0
157.0339297875762,69.7682945355773,0.0,0.0
157.05336097627878,75.8256070241332,0.0,0.0
156.71389289200306,88.4547905549407,0.0,0.0
155.03818295896053,106.75551339238882,0.0,0.0
154.17909771203995,127.74041815847158,0.0,0.0
152.86479890346527,150.4548899754882,0.0,0.0
152.27757662534714,168.37837740033865,0.0,0.0
151.06972970068455,179.11989732831717,0.0,0.0
150.2582674473524,186.07824429124594,0.0,0.0
150.1585664227605,188.48599313944578,0.0,1.0
