x,y,hover,eod
95.27711652219296,72.67358816415071,0.0,0.0
95.77885206788778,72.32317309081554,0.0,0.0
97.38905441015959,72.05804596841335,0.0,0.0
101.93865906447172,71.92291732132435,0.0,0.0
111.69402312487364,71.9965146034956,0.0,0.0
124.20560549944639,71.22550974786282,0.0,0.0
137.36150335520506,69.6524451225996,0.0,0.0
149.51392125338316,68.24323485791683,0.0,0.0
156.78333591669798,68.30293266288936,0.0,0.0
158.859475068748,68.76568293385208,0.0,0.0
160.94888981431723,69.50983872823417,0.0,0.0
161.02294066920877,70.46529105119407,0.0,0.0
161.02573428303003,75.09424707107246,0.0,0.0
160.95391105860472,87.95717975310981,0.0,0.0
159.61506392806768,103.95209809951484,0.0,0.0
157.57834192365408,125.3684951942414,0.0,0.0
155.91756101697683,148.9833929222077,0.0,0.0
155.24834971874952,164.8456909339875,0.0,0.0
154.47642508894205,176.81350371055305,0.0,0.0
153.93095888197422,183.67404123954475,0.0,0.0
154.1695575416088,185.87797096185386,0.0,0.0
154.5253685861826,187.56499102525413,0.0,0.0
154.30769357830286,188.21610538475215,0.0,0.0
154.2213718034327,187.81240979395807,0.0,0.0
154.34274423867464,186.3132669981569,0.0,1.0
