x,y,hover,eod
96.23115938901901,87.15197452157736,0.0,0.0
95.56035619974136,87.30488742515445,0.0,0.0
95.82741844281554,87.53310422226787,0.0,0.0
101.57460856065154,87.71040077134967,0.0,0.0
110.95782029256225,86.56309584900737,0.0,0.0
122.77312028035522,84.40060133859515,0.0,0.0
137.72206174954772,82.4448495618999,0.0,0.0
148.96321880444884,81.49190897867084,0.0,0.0
155.66958355531096,81.45632493123412,0.0,0.0
158.77909111604095,81.75674459710717,0.0,0.0
160.4540513716638,81.7989015839994,0.0,0.0
160.54183565825224,82.34683594480157,0.0,0.0
160.52530136238784,82.9540562145412,0.0,0.0
159.83083877991885,84.78542099520564,0.0,0.0
157.48966012429446,92.04537401720881,0.0,0.0
153.40171400737017,103.5180223993957,0.0,0.0
146.89026359748095,121.88028584048152,0.0,0.0
140.27706031035632,141.30480061098933,0.0,0.0
136.03579167556018,157.2696710638702,0.0,0.0
133.2522756261751,168.61847649142146,0.0,0.0
132.5958731425926,174.0432478003204,0.0,0.0
132.82535340916365,176.13205889984965,0.0,0.0
132.6722708651796,175.8199397176504,0.0,0.0
132.66718621877953,175.47152806818485,0.0,0.0
132.34607550827786,174.61245526373386,0.0,1.0
