x,y,hover,eod
97.8075725287199,76.03263727761805,0.0,0.0
98.6557764261961,76.09622420649976,0.0,0.0
100.45906607806683,76.3566226316616,0.0,0.0
110.08790557086468,78.76660710107535,0.0,0.0
122.54826490581036,82.0107198311016,0.0,0.0
136.9541413038969,85.13286238443106,0.0,0.0
149.29302041232586,88.24758684169501,0.0,0.0
155.40998820960522,89.46307031344622,0.0,0.0
157.82472942769527,90.09097395371646,0.0,0.0
158.42567552626133,90.49828795623034,0.0,0.0
158.42988039413467,90.90460317116231,0.0,0.0
158.56481698388234,91.6925868568942,0.0,0.0
157.405419471208,96.16572769265622,0.0,0.0
150.8452172302641,108.03301961999387,0.0,0.0
143.27369702095166,121.53495462518185,0.0,0.0
134.6879096054472,136.37428196053952,0.0,0.0
128.35660827392712,150.23195179086179,0.0,0.0
124.4019131087698,161.42546089272946,0.0,0.0
121.29067343706265,171.3168326197192,0.0,0.0
120.27868551248685,175.93291224818677,0.0,0.0
118.7618551873602,178.6922085462138,0.0,0.0
118.28520582104102,180.0141449449584,0.0,0.0
118.35825341334566,179.78358071204275,0.0,0.0
118.42027710797265,179.35097664501518,0.0,0.0
118.59934419440106,179.10330554377288,0.0,0.0
117.90827490435913,178.06763088237494,0.0,0.0
117.4748998512514,175.83240589033812,0.0,1.0
