x,y,hover,eod
101.48566102981567,80.05023993551731,0.0,0.0
102.08619030565023,80.02572383731604,0.0,0.0
103.46798034757376,80.0180693884613,0.0,0.0
113.96703811734915,81.12360225815792,0.0,0.0
125.11122914403677,80.62841431994457,0.0,0.0
134.96311696618795,80.50356462423224,0.0,0.0
147.17789085954428,80.39025071833748,0.0,0.0
153.7209210023284,80.67674405698199,0.0,0.0
155.9524074420333,80.21460719231982,0.0,0.0
155.59730930626392,80.86252793495078,0.0,0.0
155.57920987159014,81.33381213818211,0.0,0.0
152.52102250605822,86.023013254744,0.0,0.0
147.00164134055376,96.93337525997777,0.0,0.0
141.24593491107225,111.93450059567112,0.0,0.0
134.56611747294664,128.4315105882706,0.0,0.0
129.47713608294725,142.78505887661595,0.0,0.0
125.16740197688341,157.97805752430577,0.0,0.0
122.24160218983889,168.4926852193894,0.0,0.0
120.45309732109308,173.3836471644463,0.0,0.0
119.88826798647642,176.18927445088048,0.0,0.0
119.85798573028296,176.01256234396715,0.0,0.0
119.97696795407683,175.66090768028516,0.0,0.0
120.18448502663523,175.24208424438257,0.0,1.0
