x,y,hover,eod
101.35142850130796,87.93319785222411,0.0,0.0
101.76815258711576,87.89960997831076,0.0,0.0
102.19996305555105,87.88362482050434,0.0,0.0
105.06971629709005,87.84815318370238,0.0,0.0
114.81076451390982,87.33518395060673,0.0,0.0
124.59805461019278,85.94670596951619,0.0,0.0
139.15430160611868,82.83485147589818,0.0,0.0
150.31344863027334,80.89482921594754,0.0,0.0
153.94297989457846,80.03232378000394,0.0,0.0
156.16755681484938,79.78860353538767,0.0,0.0
156.47951318323612,79.91244618268684,0.0,0.0
156.48665015492588,80.38124826224521,0.0,0.0
156.53071301896125,81.91830452950671,0.0,0.0
155.6447616489604,85.55724379094318,0.0,0.0
152.77030738908798,93.5273134377785,0.0,0.0
148.33035382349044,101.65387805970386,0.0,0.0
141.93701955396682,116.67287763627246,0.0,0.0
134.44909426290542,132.98205074341968,0.0,0.0
128.9278301866725,147.04681810410693,0.0,0.0
124.07677265722305,159.43394359620288,0.0,0.0
121.92695948202163,167.2132163909264,0.0,0.0
120.17484757024795,172.16730472119525,0.0,0.0
118.87861835677177,174.76278450759128,0.0,0.0
118.10394260007888,176.24992784531787,0.0,0.0
117.39239911455661,175.82013424905017,0.0,1.0
