x,y,hover,eod
100.07710540294647,80.43758895248175,0.0,0.0
101.33027473092079,80.84096323698759,0.0,0.0
104.31489983201027,81.09905708581209,0.0,0.0
113.76270273327827,80.42753476649523,0.0,0.0
125.96254447102547,79.1381062939763,0.0,0.0
136.48492911458015,78.35425961762667,0.0,0.0
145.70412555336952,76.85567367821932,0.0,0.0
151.19718351960182,75.72333965450525,0.0,0.0
153.2546610534191,75.66204512491822,0.0,0.0
154.31628973782063,75.5625568702817,0.0,0.0
154.57675953954458,75.78714776784182,0.0,0.0
155.17792513221502,77.08050820976496,0.0,0.0
156.75486405938864,83.59059724956751,0.0,0.0
157.07581160217524,95.56837949901819,0.0,0.0
155.60092640668154,113.60536847263575,0.0,0.0
153.07302368432283,134.2797139659524,0.0,0.0
150.84829834848642,155.74986014515162,0.0,0.0
149.52172873169184,171.49184498935938,0.0,0.0
149.8624030277133,178.4417811408639,0.0,0.0
150.08538430184126,181.1747458949685,0.0,0.0
150.21364442631602,181.91737350076437,0.0,0.0
150.32125393487513,181.53179857879877,0.0,0.0
150.1901154462248,181.30564220249653,0.0,1.0
