x,y,hover,eod
105.30218014493585,70.82371501624584,0.0,0.0
105.67952493205667,70.71466789022088,0.0,0.0
106.2033617310226,70.80180128477514,0.0,0.0
110.73674676939845,72.15689097903669,0.0,0.0
120.58819172903895,74.036929955706,0.0,0.0
132.63015506789088,74.30905518494546,0.0,0.0
143.2786369137466,75.50660801492631,0.0,0.0
149.04451785609126,76.48135488294065,0.0,0.0
151.41435934230685,78.2429136838764,0.0,0.0
151.57262371852994,78.82111062668264,0.0,0.0
151.30813973024487,79.88117833994329,0.0,0.0
149.97185187414289,84.44191565178335,0.0,0.0
144.4954981096089,97.75395145080984,0.0,0.0
137.85710291936994,113.52627267502248,0.0,0.0
128.76135306432843,133.9987348522991,0.0,0.0
121.43410937860608,150.04934301041067,0.0,0.0
113.89636592939496,166.91136827133596,0.0,0.0
108.8242401368916,177.95109262131155,0.0,0.0
106.63434835150838,183.46107115410268,0.0,0.0
105.90760031715035,186.15584929846227,0.0,0.0
105.03631824627519,186.9500718023628,0.0,0.0
105.0551061425358,186.88679740205407,0.0,0.0
105.16028270125389,186.63145276159048,0.0,0.0
105.22431345190853,186.48447893932462,0.0,0.0
105.22868568077683,186.24859009310603,0.0,1.0
