x,y,hover,eod
97.26275487616658,86.25550037622452,0.0,0.0
97.59873456135392,86.54599579423666,0.0,0.0
100.05340239778161,86.34302067011595,0.0,0.0
114.16707656159997,85.11710511893034,0.0,0.0
127.91520616784692,82.5689093992114,0.0,0.0
141.36885664239526,79.01564197987318,0.0,0.0
150.11056742444634,76.36977719515562,0.0,0.0
157.64300069585443,74.47679700702429,0.0,0.0
159.65237310901284,74.96821778267622,0.0,0.0
160.72533211484551,79.19853704422712,0.0,0.0
160.31806292757392,89.19066505879164,0.0,0.0
156.9999346397817,104.70519619435072,0.0,0.0
152.28087129816413,125.30484753102064,0.0,0.0
148.2502526305616,145.7459600493312,0.0,0.0
144.5115673802793,162.52271013706923,0.0,0.0
142.51791539415717,173.68635373562574,0.0,0.0
141.85875917598605,178.59676825255156,0.0,0.0
141.2951569519937,181.48733811825514,0.0,0.0
141.06953712925315,182.21686089783907,0.0,1.0
