x,y,hover,eod
100.4880914464593,67.20592847838998,0.0,0.0
101.16705868393183,67.47818088904023,0.0,0.0
102.2548308596015,67.92588825151324,0.0,0.0
108.87197460979223,71.22607762739062,0.0,0.0
121.28940429538488,72.61431480571628,0.0,0.0
133.86829938739538,72.73593659326434,0.0,0.0
144.07184805721045,72.4333552904427,0.0,0.0
150.92851903289557,72.13660373166203,0.0,0.0
153.41401141136885,72.52784824743867,0.0,0.0
154.87621035426855,73.54539743438363,0.0,0.0
155.62983136624098,75.16655406728387,0.0,0.0
155.76735987327993,81.52366242185235,0.0,0.0
154.23740430735052,96.10819539800286,0.0,0.0
149.66040923260152,113.77285203710198,0.0,0.0
143.7506969179958,132.45477399602532,0.0,0.0
138.13367440365255,151.80758437886834,0.0,0.0
133.70007201097906,166.92844114080071,0.0,0.0
130.69327159784734,179.9511214233935,0.0,0.0
129.72874156199396,187.01658806577325,0.0,0.0
129.52423623763025,189.24459731951356,0.0,0.0
129.18663590215147,190.3540860004723,0.0,0.0
128.94076376222074,190.34990148432553,0.0,0.0
128.8888115528971,190.03051271475852,0.0,0.0
128.83882155641913,189.59920441545546,0.0,0.0
128.96484474651515,189.12005113251507,0.0,1.0
