x,y,hover,eod
99.48057422041893,86.01043928787112,0.0,0.0
99.95220271497965,86.0015598977916,0.0,0.0
105.26038793474436,84.65177337778732,0.0,0.0
117.36394432932138,80.3817797745578,0.0,0.0
127.72395399957895,75.7722250665538,0.0,0.0
135.7516565695405,71.42198274983093,0.0,0.0
140.945497430861,68.96162222279236,0.0,0.0
143.7198197618127,68.17035894049332,0.0,0.0
146.28348676115274,68.82437001122162,0.0,0.0
149.72445187717676,71.59857104672119,0.0,0.0
152.5322055593133,77.85848210705444,0.0,0.0
154.24880278855562,89.3871314371936,0.0,0.0
154.35956083796918,106.24612401379272,0.0,0.0
154.09227245114744,126.66139672650024,0.0,0.0
154.47535642050207,147.0275146807544,0.0,0.0
155.04123841039836,162.80375312222168,0.0,0.0
156.2642297577113,174.9968726481311,0.0,0.0
156.22059440799057,182.4273450220935,0.0,0.0
156.40216326899827,186.46361808432266,0.0,0.0
156.56281529553235,188.2820267523639,0.0,0.0
156.03158901073039,188.73659047437832,0.0,0.0
155.71421987004578,188.63496178900823,0.0,1.0
