x,y,hover,eod
99.77228099107742,68.04701596219093,0.0,0.0
100.62040524184704,68.09860727004707,0.0,0.0
102.42705465853214,68.43003010563552,0.0,0.0
110.94477297365665,69.67211349122226,0.0,0.0
124.69226123392582,70.41250674240291,0.0,0.0
136.54865385591984,70.66274866648018,0.0,0.0
147.71609069406986,72.8543989378959,0.0,0.0
153.38880421221256,74.4016800839454,0.0,0.0
156.74496503174305,75.42979978211224,0.0,0.0
157.42865258455276,76.66217565722764,0.0,0.0
157.344044117257,77.26016257144511,0.0,0.0
156.31692041270435,81.21591780520976,0.0,0.0
151.08608533255756,92.29463312961161,0.0,0.0
143.77863158099353,107.47223232127726,0.0,0.0
132.92177547328174,128.00379608012736,0.0,0.0
125.08886088244617,145.70977542735636,0.0,0.0
118.7480287682265,163.99211023189127,0.0,0.0
112.90848006121814,178.10923669673502,0.0,0.0
109.61379636637866,186.51075516082346,0.0,0.0
109.20537692122161,189.56698779202998,0.0,0.0
109.2114229509607,189.9519876036793,0.0,0.0
109.38815312553197,189.7371976841241,0.0,0.0
109.54657249245793,189.50268738158047,0.0,0.0
109.45749781187624,188.11069108732045,0.0,1.0
