x,y,hover,eod
100.94003284722567,99.89697611890733,0.0,0.0
101.01634337939322,99.84209821093827,0.0,0.0
101.30635529197752,99.87378384917974,0.0,0.0
101.96803017891943,99.88614661619067,0.0,0.0
102.91526905633509,99.68139076605439,0.0,0.0
106.15034751035273,98.62420888617635,0.0,0.0
115.43975643254817,96.12829180434346,0.0,0.0
124.73570934869349,92.0905459113419,0.0,0.0
133.80449048615992,87.71979989483953,0.0,0.0
140.44870845414698,83.15880807116628,0.0,0.0
145.80668739415705,80.43313564732671,0.0,0.0
148.83656523562968,79.2906210012734,0.0,0.0
150.95341674424708,79.0226748585701,0.0,0.0
151.25761312805116,79.47289887815714,0.0,0.0
151.50503973849118,80.35233210772276,0.0,0.0
152.1810648161918,82.38688196986914,0.0,0.0
152.50532190687954,89.5121880993247,0.0,0.0
152.24741562642157,102.81855549663305,0.0,0.0
152.2132686190307,118.65772690623999,0.0,0.0
152.47981802001595,134.72077693790197,0.0,0.0
153.18326488509774,151.2972530350089,0.0,0.0
154.2530760206282,162.21467103809118,0.0,0.0
155.1165596432984,170.55380787700415,0.0,0.0
155.1965213790536,173.77573546022177,0.0,0.0
154.7084011361003,176.25149320811033,0.0,0.0
154.4335115365684,177.1074803546071,0.0,0.0
154.42655223153997,176.99629126116633,0.0,0.0
154.49887556687463,176.8705359660089,0.0,1.0
