x,y,hover,eod
92.81403076648712,58.088915871456265,0.0,0.0
93.65414497256279,58.15099204145372,0.0,0.0
96.57520946860313,59.22363313101232,0.0,0.0
108.46427854895592,61.18473949097097,0.0,0.0
120.65868791937828,62.9965865816921,0.0,0.0
136.36490401625633,61.5238057281822,0.0,0.0
151.05030116438866,60.028987696394324,0.0,0.0
160.0734257400036,59.55284143052995,0.0,0.0
163.13391384482384,59.684197252616286,0.0,0.0
163.89095176756382,59.83021671138704,0.0,0.0
163.83456173166633,60.467909371480346,0.0,0.0
163.41830762848258,63.3210889454931,0.0,0.0
162.2786206267774,73.6043969746679,0.0,0.0
159.47865607962012,88.46813718043268,0.0,0.0
153.82511499151587,110.56761780939996,0.0,0.0
147.22343626245856,135.20486632548273,0.0,0.0
141.20407941564918,155.21775523386896,0.0,0.0
137.01151820644736,172.24739114008844,0.0,0.0
134.35336801037192,186.7296604271978,0.0,0.0
133.03460749611259,195.97630003653467,0.0,0.0
132.72680432349443,199.150606488809,0.0,0.0
132.71297865826637,199.2930657621473,0.0,0.0
132.53824602160603,198.80666820518672,0.0,0.0
131.5482228556648,195.42051790468395,0.0,0.0
129.9143355647102,182.82422183267772,0.0,1.0
