x,y,hover,eod
95.44101253151894,68.03635614179075,0.0,0.0
95.99189791828394,68.12546321377158,0.0,0.0
96.77183095365763,68.28187841176987,0.0,0.0
103.76214507967234,69.96421504020691,0.0,0.0
118.78883484750986,70.56192311644554,0.0,0.0
134.47903875261545,70.7752036601305,0.0,0.0
147.66826752573252,72.12818364799023,0.0,0.0
156.30313578993082,73.477559491992,0.0,0.0
159.62727192789316,74.16926841437817,0.0,0.0
162.20621827989817,74.74008972942829,0.0,0.0
162.36302306875587,75.40931451320648,0.0,0.0
162.07577884197235,76.63589763641357,0.0,0.0
161.52551911771297,80.51409471035004,0.0,0.0
157.37995736300945,92.833043217659,0.0,0.0
149.46319691836834,112.5764809846878,0.0,0.0
140.5804669111967,133.39659559726715,0.0,0.0
131.34909681975842,155.52008497714996,0.0,0.0
125.91280274093151,171.74622762203217,0.0,0.0
123.72844092547894,180.89005160331726,0.0,0.0
122.20288716256618,185.70167291164398,0.0,0.0
121.77623644471169,188.1272228360176,0.0,0.0
121.2521519139409,189.023578196764,0.0,0.0
120.3446527197957,189.34296096861362,0.0,0.0
119.10579811781645,189.220207773149,0.0,1.0
