x,y,hover,eod
100.60456129163504,94.10727101936936,0.0,0.0
100.17518187314272,94.27507232502103,0.0,0.0
99.92000447958708,94.51728814840317,0.0,0.0
101.07429409772158,94.41893253102899,0.0,0.0
105.04092539101839,95.46290758624673,0.0,0.0
115.05058491975069,93.07645920291543,0.0,0.0
127.66299689561129,87.30540696159005,0.0,0.0
139.5858403518796,82.15184513106942,0.0,0.0
148.74565029889345,79.14248112216592,0.0,0.0
154.6182789877057,78.26863694563508,0.0,0.0
156.38003329187632,77.86746326461434,0.0,0.0
157.04732308536768,78.12758320569992,0.0,0.0
157.22375601902604,78.93848279118538,0.0,0.0
157.01794799789786,84.68534925580025,0.0,0.0
155.29787984117866,99.53179815411568,0.0,0.0
152.34893288835883,116.44401767849922,0.0,0.0
149.88004204258323,135.4422269165516,0.0,0.0
148.1272543631494,152.36916521191597,0.0,0.0
147.58447680994868,165.32099822163582,0.0,0.0
147.7883381433785,173.57603707909584,0.0,0.0
148.1438238210976,177.0167479813099,0.0,0.0
148.1662703435868,179.44680312275887,0.0,0.0
148.3926359321922,180.0828948765993,0.0,0.0
148.29098874144256,179.7894949056208,0.0,0.0
148.37389501184225,179.51500977948308,0.0,0.0
148.28343794122338,178.8777068592608,0.0,1.0
