x,y,hover,eod
100.63720306754112,84.61642269045115,0.0,0.0
100.39093235880136,84.21497989445925,0.0,0.0
100.51435846276581,83.93760591745377,0.0,0.0
101.14170949347317,84.0114423725754,0.0,0.0
103.73814593441784,83.9773975033313,0.0,0.0
116.84374343045056,81.85290199704468,0.0,0.0
130.07805834896863,79.17719644494355,0.0,0.0
142.58423577435315,77.10206535644829,0.0,0.0
151.52736316807568,76.57232605852187,0.0,0.0
154.3063164819032,76.41593615524471,0.0,0.0
155.8614810872823,77.09046456031501,0.0,0.0
156.30037672258914,77.9711655061692,0.0,0.0
156.3158251568675,78.77770031802356,0.0,0.0
154.68405994027853,86.68487812392414,0.0,0.0
151.62193151563406,101.3041093479842,0.0,0.0
147.23094137758017,121.47541309706867,0.0,0.0
143.67722632735968,140.93825007788837,0.0,0.0
141.2442329749465,157.17768932692707,0.0,0.0
140.21830337494612,168.20231462828815,0.0,0.0
139.6891556531191,173.92468835227191,0.0,0.0
139.7005791068077,177.10268820635974,0.0,0.0
139.6879309429787,179.19939572922885,0.0,0.0
139.16165083786473,179.60216022096574,0.0,0.0
138.98416033154353,178.9087467547506,0.0,0.0
138.53909550374374,176.84831551276147,0.0,1.0
