x,y,hover,eod
95.32103415578604,77.79536484926939,0.0,0.0
95.699506662786,77.5776935480535,0.0,0.0
96.85993980616331,77.38366036862135,0.0,0.0
102.41011094301939,78.05769599229097,0.0,0.0
113.54266952723265,78.00044580549002,0.0,0.0
127.89391588419676,76.95310532301664,0.0,0.0
140.96610497683287,76.26024662703276,0.0,0.0
152.68982958048582,76.3872452005744,0.0,0.0
159.55888222903013,77.36205949634314,0.0,0.0
161.11847084015608,77.73707038909197,0.0,0.0
161.58202189952135,78.33613737672567,0.0,0.0
161.68811298906803,78.9586002677679,0.0,0.0
161.76116450689733,79.62299551069736,0.0,0.0
159.8952807392925,85.37401522696018,0.0,0.0
154.0109373535961,96.65749157965183,0.0,0.0
146.29970385693014,112.6891287714243,0.0,0.0
135.59533311985433,132.39345873892307,0.0,0.0
126.892100116238,149.38543881475925,0.0,0.0
119.60647179745138,164.54715098440647,0.0,0.0
115.10775907896459,173.76643146574497,0.0,0.0
113.4708250965923,177.8504612594843,0.0,0.0
113.41645869426429,180.07601316273212,0.0,0.0
113.48866924177855,180.02484415844083,0.0,0.0
113.65862229373306,179.8045036122203,0.0,0.0
113.76036391127855,179.51810314506292,0.0,0.0
113.70993154123425,179.26561298966408,0.0,0.0
114.19370165094733,178.37797465920448,0.0,1.0
