x,y,hover,eod
131.6973432787239,140.79296188963485,0.0,0.0
131.38922539895492,140.5627065431949,0.0,0.0
127.87755775584917,139.4819936638698,0.0,0.0
125.07902816410382,135.76320175077961,0.0,0.0
125.13340717283178,128.33022830177862,0.0,0.0
130.30598369555372,116.74028063021645,0.0,1.0
