x,y,hover,eod
100.64153134822845,83.28036754578352,0.0,0.0
101.33509911596775,83.61353389173746,0.0,0.0
103.03346805274487,84.65636885911226,0.0,0.0
112.42323808372021,86.64018622785807,0.0,0.0
123.81141357123852,87.43734090775251,0.0,0.0
136.9420938938856,86.48886612802744,0.0,0.0
148.1674175709486,85.73153822869062,0.0,0.0
153.89828734099865,85.30083961039782,0.0,0.0
155.54306142032146,85.36562563106418,0.0,0.0
155.64468003809452,86.42631382867694,0.0,0.0
155.12120585888624,89.81959880515933,0.0,0.0
153.32226421684027,98.13959599658847,0.0,0.0
150.36123778671026,108.04257930442691,0.0,0.0
146.74792226403952,119.13777769729495,0.0,0.0
141.1817454919219,133.07950199767947,0.0,0.0
136.45059581846,145.79709232971072,0.0,0.0
133.14758148044348,157.9097885005176,0.0,0.0
130.44904079288244,166.36994422599673,0.0,0.0
129.9777678027749,169.85151053592563,0.0,0.0
128.43175996094942,172.2294712178409,0.0,0.0
127.03303385525942,173.1283655874431,0.0,0.0
125.2667685225606,173.9643949382007,0.0,1.0
