x,y,hover,eod
101.40975544601679,79.9649990722537,0.0,0.0
101.98690047860146,79.93882828392088,0.0,0.0
104.55074658989906,80.35007414408028,0.0,0.0
112.4362020790577,80.8155917096883,0.0,0.0
122.92446544766426,79.53373839147389,0.0,0.0
135.41733911633492,75.74960579164326,0.0,0.0
144.96350041031837,74.37583153136075,0.0,0.0
149.15634086728096,73.99224967695773,0.0,0.0
152.27922102808952,74.80031670071185,0.0,0.0
153.9318206012249,75.49688764847815,0.0,0.0
154.19450728595257,76.25765004195273,0.0,0.0
154.52688893675804,77.35916459001601,0.0,0.0
154.7217826768756,79.20436942018569,0.0,0.0
154.00725679844618,85.18303536809981,0.0,0.0
150.9957386776805,96.24057673849165,0.0,0.0
147.22921478003263,111.28471993841231,0.0,0.0
143.36869554966688,127.97931575216353,0.0,0.0
139.33720546215773,146.8299009744078,0.0,0.0
135.87945210188627,162.4052729550749,0.0,0.0
134.50131507962942,172.1867384854704,0.0,0.0
133.24107157438993,179.09446918405592,0.0,0.0
132.92829724401236,181.47248440422118,0.0,0.0
133.0220722258091,182.76402541436255,0.0,0.0
132.86391819268465,182.64188461005688,0.0,0.0
133.0399910584092,180.99857427179813,0.0,1.0
