x,y,hover,eod
132.45229926794573,130.4037524522436,0.0,0.0
128.47331037280688,128.95461506093253,0.0,0.0
125.55794814575236,128.1804217618705,0.0,0.0
125.04632797713383,127.63570585697435,0.0,0.0
125.4455924152968,127.45420387154243,0.0,0.0
128.96114258820805,128.3226501933383,0.0,1.0
