x,y,hover,eod
104.50641644746065,93.66575175523758,0.0,0.0
105.08489032834768,93.35563271865249,0.0,0.0
105.85007508844137,93.04791796579957,0.0,0.0
116.80376609414816,88.35943925753236,0.0,0.0
127.40715941041708,83.76328188553452,0.0,0.0
137.6482458934188,81.09233099594712,0.0,0.0
147.48701652139425,79.18247539177537,0.0,0.0
151.1223160251975,79.75069164857268,0.0,0.0
152.63134946674109,81.23710453137755,0.0,0.0
152.9003918506205,82.55268528684974,0.0,0.0
151.56164649501443,88.22601332888007,0.0,0.0
149.00557044520974,101.27673282846808,0.0,0.0
145.26653650775552,117.90248646959662,0.0,0.0
141.37157115712762,135.3178133033216,0.0,0.0
137.96985152736306,150.68289771303535,0.0,0.0
136.54668409004807,161.0669292472303,0.0,0.0
134.7905533351004,168.2834978364408,0.0,0.0
133.8322861082852,172.2636963389814,0.0,0.0
132.79850151017308,175.74093028530478,0.0,0.0
131.52413691952825,178.1840841434896,0.0,1.0
