x,y,hover,eod
95.57835918664932,83.73451189696789,0.0,0.0
94.19541922211647,83.469682443887,0.0,0.0
93.83895271271467,83.27426343783736,0.0,0.0
94.319132424891,83.24093994544819,0.0,0.0
96.03213191777468,82.59826470958069,0.0,0.0
107.812175758183,81.01224054442719,0.0,0.0
126.01806641370058,76.54265691386536,0.0,0.0
142.67689705640078,72.50485469447449,0.0,0.0
154.66892958432436,71.25538703845814,0.0,0.0
160.3572130277753,71.40574862109497,0.0,0.0
162.6084844842553,71.38020378397778,0.0,0.0
163.29884991794825,71.90671232389286,0.0,0.0
163.16039250046015,72.35395808564499,0.0,0.0
162.86228035390377,74.34213598119095,0.0,0.0
161.63061667978764,84.17913933144882,0.0,0.0
160.65640498697758,101.61968369828537,0.0,0.0
158.15964718163013,126.19728942262009,0.0,0.0
154.17330761253834,152.05062289582565,0.0,0.0
152.16467191278934,169.58774705277756,0.0,0.0
151.96532004326582,180.33959050523117,0.0,0.0
152.26928381994367,184.94354714499786,0.0,0.0
152.44334130361676,185.66946950601414,0.0,0.0
152.34000167623162,185.40156087698415,0.0,0.0
152.3241877630353,185.12383875297382,0.0,0.0
152.26272278279066,183.13626465247944,0.0,0.0
151.3903572484851,173.11829623626545,0.0,1.0
