x,y,hover,eod
94.01531311869621,89.94254620745778,0.0,0.0
95.09321774542332,89.88411275669932,0.0,0.0
98.01204170286655,89.42092647776008,0.0,0.0
107.8880211263895,88.25281089171767,0.0,0.0
119.41064323484898,85.49862151965499,0.0,0.0
136.61480750143528,81.17162441834807,0.0,0.0
149.02751292288303,78.30182975158095,0.0,0.0
156.961074128747,76.29784738644958,0.0,0.0
160.04309590160847,75.90478600934148,0.0,0.0
161.45753274857998,76.0130337625742,0.0,0.0
161.6744960024953,76.38376601040363,0.0,0.0
161.72692965902388,77.77261041104794,0.0,0.0
162.52366792596877,86.15674994885921,0.0,0.0
161.14085536636412,99.59984324872494,0.0,0.0
159.31465905345976,121.16024993360043,0.0,0.0
156.74351196922362,144.89808104932308,0.0,0.0
155.1603884641081,162.5303127616644,0.0,0.0
154.50338650681078,175.05800507962704,0.0,0.0
154.14184037782252,180.47134302556515,0.0,0.0
154.28074225969613,181.89287535846233,0.0,0.0
154.33488619700074,181.50767866522074,0.0,0.0
154.00528689101338,180.7953303679824,0.0,1.0
