x,y,hover,eod
93.80086672306061,83.0911995023489,0.0,0.0
95.71093928813934,83.2111984975636,0.0,0.0
98.42980426549911,83.58315994217992,0.0,0.0
113.5130540728569,80.83182831481099,0.0,0.0
130.2373520731926,77.15702255442739,0.0,0.0
149.1782812476158,72.4684818573296,0.0,0.0
158.9216313958168,72.52228534966707,0.0,0.0
161.86944049596786,72.62022740393877,0.0,0.0
163.1347061395645,75.64935571700335,0.0,0.0
162.4656482487917,85.57680911570787,0.0,0.0
158.69104136526585,106.74336738139391,0.0,0.0
153.85768641531467,132.86233491450548,0.0,0.0
148.50163985788822,155.33015079051256,0.0,0.0
144.23925091326237,171.8174583390355,0.0,0.0
140.8193491846323,181.33688873797655,0.0,0.0
139.95073948800564,184.12858969718218,0.0,0.0
140.02545773796737,184.0142957046628,0.0,1.0
