x,y,hover,eod
96.80308838188648,87.50316607952118,0.0,0.0
96.76036393083632,87.06519774347544,0.0,0.0
96.87535280175507,86.66172712296247,0.0,0.0
99.8492019791156,85.90373105555773,0.0,0.0
110.6540458817035,83.63989032059908,0.0,0.0
123.58697825856507,80.60095048695803,0.0,0.0
135.10701829381287,78.3016920760274,0.0,0.0
147.12979966588318,76.29730454832315,0.0,0.0
153.84110921807587,75.53705758601427,0.0,0.0
156.52803772874177,75.08110213279724,0.0,0.0
158.24760520644486,75.04721484333277,0.0,0.0
158.29048517905176,75.45384223759174,0.0,0.0
158.53542869724333,76.2402304559946,0.0,0.0
158.69779722578824,77.55089844763279,0.0,0.0
159.4815018940717,84.68664254248142,0.0,0.0
158.8946718145162,100.76714719831944,0.0,0.0
156.76800714619458,121.4739438444376,0.0,0.0
154.54829336889088,144.87709964811802,0.0,0.0
153.05777849443257,161.56263555586338,0.0,0.0
151.90127307362854,172.40049804747105,0.0,0.0
151.76934833452106,178.56103385984898,0.0,0.0
151.9195016734302,180.98197142779827,0.0,0.0
152.09945200756192,182.37328062951565,0.0,0.0
151.92446307092905,182.2407597694546,0.0,0.0
151.7107644751668,182.1317175142467,0.0,0.0
151.37490619719028,182.15215817280114,0.0,0.0
150.3264358341694,182.14189223898575,0.0,1.0
