x,y,hover,eod
101.65423473715782,76.09515978395939,0.0,0.0
102.4017990231514,76.28108356520534,0.0,0.0
105.64103788137436,76.93657439574599,0.0,0.0
116.66137999296188,76.85866382345557,0.0,0.0
128.25294798612595,77.25002516433597,0.0,0.0
138.7014109492302,77.18828261271119,0.0,0.0
146.61818331480026,77.46375151351094,0.0,0.0
150.95850056409836,77.70657051727176,0.0,0.0
153.42221295833588,78.81223757192492,0.0,0.0
154.60298320651054,79.02371928468347,0.0,0.0
154.8918725028634,79.69173573330045,0.0,0.0
155.20564893633127,80.24660759046674,0.0,0.0
155.31482378393412,82.31636651232839,0.0,0.0
153.50009689480066,89.79449041560292,0.0,0.0
149.72167710214853,101.41992696002126,0.0,0.0
144.6694997921586,115.05205043032765,0.0,0.0
139.83332166820765,129.82518799975514,0.0,0.0
135.59640953689814,144.99473102763295,0.0,0.0
131.94706688076258,158.83509286120534,0.0,0.0
128.58934650570154,171.7081321068108,0.0,0.0
127.14819381386042,178.4682697840035,0.0,0.0
126.90583875775337,180.87412365153432,0.0,0.0
126.34604225307703,181.28083389624953,0.0,0.0
126.15217775478959,180.98629929497838,0.0,0.0
126.2308757789433,180.60985714569688,0.0,0.0
125.81473999097943,179.29704428091645,0.0,1.0
