x,y,hover,eod
99.5656517893076,78.02180112525821,0.0,0.0
99.20809511095285,78.07652608677745,0.0,0.0
100.81458035856485,78.00517505221069,0.0,0.0
107.48879972845316,78.7337302248925,0.0,0.0
121.52314368635416,79.78334566764534,0.0,0.0
135.49005690962076,80.858094451949,0.0,0.0
148.68461910635233,82.53991579823196,0.0,0.0
155.09924117475748,84.33288103155792,0.0,0.0
157.35885564237833,85.19525302760303,0.0,0.0
157.06292109563947,86.99034584872425,0.0,0.0
153.49211798980832,95.78114284388721,0.0,0.0
146.35515736415982,111.00984467379749,0.0,0.0
136.6655640490353,132.4836028944701,0.0,0.0
127.47350798919797,153.80723370425403,0.0,0.0
121.39893280342221,168.7596084009856,0.0,0.0
118.45543580129743,176.16868270747364,0.0,0.0
116.93147348240018,178.70556069724262,0.0,0.0
116.89269309863448,179.31350836716592,0.0,1.0
