x,y,hover,eod
95.5238775163889,76.60595272481441,0.0,0.0
96.12353924661875,76.26823552697897,0.0,0.0
98.4248412027955,75.66294033825397,0.0,0.0
105.86327735334635,75.69724415242672,0.0,0.0
119.5441085472703,74.99740143120289,0.0,0.0
133.27479664236307,74.63077087700367,0.0,0.0
147.68247310072184,74.71826103329659,0.0,0.0
155.62529925256968,75.51967513561249,0.0,0.0
158.90135947614908,76.18706595897675,0.0,0.0
161.49614367634058,76.61231395602226,0.0,0.0
161.83736134320498,77.23614093661308,0.0,0.0
161.6678124666214,78.1593896150589,0.0,0.0
160.57482905685902,82.2995815873146,0.0,0.0
155.6064683943987,94.10862547159195,0.0,0.0
147.097644880414,111.08383518457413,0.0,0.0
136.72755129635334,131.17680889368057,0.0,0.0
126.4406979829073,151.26452547311783,0.0,0.0
119.78515572845936,165.41047197580338,0.0,0.0
116.48073859512806,175.58737021684647,0.0,0.0
115.07005102932453,179.94158816337585,0.0,0.0
114.98271133750677,181.81690287590027,0.0,0.0
114.3527214601636,182.04633858799934,0.0,0.0
114.12400756031275,181.55297466367483,0.0,0.0
113.99588488042355,180.1413247808814,0.0,1.0
