x,y,hover,eod
103.34615197777748,74.5624982714653,0.0,0.0
104.82971829175949,75.19465008378029,0.0,0.0
109.03739255666733,76.34159842133522,0.0,0.0
119.41786807775497,77.96686509251595,0.0,0.0
130.63764971494675,77.416743054986,0.0,0.0
141.4895002245903,76.36532300710678,0.0,0.0
148.59650057554245,76.48622654005885,0.0,0.0
151.89081144332886,76.48142067342997,0.0,0.0
153.4077115058899,77.07380314916372,0.0,0.0
153.51152088306844,77.48493952304125,0.0,0.0
153.54998548096046,78.16517939418554,0.0,0.0
153.42450337996706,81.11451377719641,0.0,0.0
152.6181593774818,88.16591849178076,0.0,0.0
149.73065438261256,99.15512075275183,0.0,0.0
144.8055947064422,114.93142714351416,0.0,0.0
140.42242082348093,132.03058948367834,0.0,0.0
137.0384565233253,148.0037116035819,0.0,0.0
134.3856054781936,161.0094593986869,0.0,0.0
133.2042329250835,169.12833263725042,0.0,0.0
132.21847260883078,175.7519273981452,0.0,0.0
131.67675616731867,178.87916555255651,0.0,0.0
130.7662331550382,181.07442294806242,0.0,0.0
130.0959246843122,181.6074045524001,0.0,1.0
