x,y,hover,eod
101.93612419813871,96.88019421696663,0.0,0.0
102.00831715296954,96.87793733365834,0.0,0.0
102.11301746126264,96.89358893828467,0.0,0.0
103.38863702770323,96.60922221885994,0.0,0.0
107.43987771030515,96.76180392550305,0.0,0.0
118.22656484600157,94.53131318138912,0.0,0.0
130.21625371929258,90.81309914635494,0.0,0.0
141.07786508556455,87.15069651650265,0.0,0.0
149.11670299526304,85.16714423941448,0.0,0.0
153.40943904872984,84.89249862777069,0.0,0.0
155.21747814770788,84.52751822816208,0.0,0.0
155.36823334451765,84.85418152110651,0.0,0.0
155.41843861620873,85.33859364734963,0.0,0.0
155.1412848038599,87.34274007426575,0.0,0.0
153.68348930310458,98.99711348162964,0.0,0.0
151.53697211574763,112.30423070536926,0.0,0.0
148.50636471342295,130.88692165957764,0.0,0.0
146.25897798966616,145.55401302920654,0.0,0.0
145.04156340193003,156.54666401492432,0.0,0.0
144.36824072431773,168.23071934329346,0.0,0.0
143.88533961307257,171.38686098204926,0.0,0.0
144.08691587205976,172.74459011899307,0.0,0.0
144.19756288919598,172.56526101427153,0.0,0.0
144.24347460549325,172.48111611278728,0.0,0.0
144.3432830767706,172.61119660036638,0.0,0.0
144.4189441371709,172.69910243386403,0.0,0.0
143.24713246710598,171.21056732768193,0.0,1.0
