x,y,hover,eod
102.67989879846573,70.36466531455517,0.0,0.0
104.39548885822296,70.79678412526846,0.0,0.0
107.98111116886139,71.97206702083349,0.0,0.0
118.57911741733551,76.25903930515051,0.0,0.0
129.6599439382553,79.24152340739965,0.0,0.0
141.82377135753632,80.77533852308989,0.0,0.0
148.96224772930145,82.1336429938674,0.0,0.0
152.84284418821335,83.94355919212103,0.0,0.0
154.10580998659134,85.03647562116385,0.0,0.0
154.4881752729416,85.97161363810301,0.0,0.0
154.2042796164751,86.75381619483232,0.0,0.0
152.5108884125948,90.09961146861315,0.0,0.0
149.04299362003803,97.90383238345385,0.0,0.0
142.52847655117512,110.23388404399157,0.0,0.0
134.51844854652882,126.1026706174016,0.0,0.0
126.92282362282276,143.05066961795092,0.0,0.0
119.59284348785877,158.98331064730883,0.0,0.0
114.45261342823505,171.79760593920946,0.0,0.0
110.93740297853947,180.68912703543901,0.0,0.0
109.19312699139118,184.66931123286486,0.0,0.0
108.6988523453474,186.01889345794916,0.0,0.0
108.96343713998795,185.26750776916742,0.0,1.0
