x,y,hover,eod
99.49140202999115,91.80648292601109,0.0,0.0
102.02243131399155,90.70579233765602,0.0,0.0
107.02087861299515,89.25863417983055,0.0,0.0
121.28599745035172,86.49625453352928,0.0,0.0
134.02352315187454,84.77940592169762,0.0,0.0
145.53185802698135,83.05295366048813,0.0,0.0
152.32913893461227,80.91782647371292,0.0,0.0
155.61313968896866,80.15470269322395,0.0,0.0
156.8865957558155,80.35549818724394,0.0,0.0
156.97782624326646,81.681904040277,0.0,0.0
156.69632255844772,87.8965048417449,0.0,0.0
155.71335077099502,98.95793720334768,0.0,0.0
153.90750646404922,113.86190100759268,0.0,0.0
152.4486599843949,130.30639096349478,0.0,0.0
151.15888774208724,146.14992781728506,0.0,0.0
149.83737096004188,157.14846058934927,0.0,0.0
148.80715206079185,167.90054246038198,0.0,0.0
148.03936950676143,173.04682775586843,0.0,0.0
147.94806036911905,175.52052273601294,0.0,0.0
147.66280863247812,176.28739311546087,0.0,0.0
147.5790810380131,175.6423728093505,0.0,0.0
147.90336077846587,174.21223416179419,0.0,1.0
