x,y,hover,eod
95.9098297804594,72.61958296597004,0.0,0.0
94.84484416246414,72.25085511058569,0.0,0.0
94.82992439344525,72.147516079247,0.0,0.0
101.43803923204541,72.98936537653208,0.0,0.0
115.05550592020154,74.72476503998041,0.0,0.0
130.74004499986768,77.27847061306238,0.0,0.0
145.0460454709828,80.5890115275979,0.0,0.0
155.12222259119153,83.05143646150827,0.0,0.0
160.17163543775678,84.61119792610407,0.0,0.0
162.52586557343602,85.76109743863344,0.0,0.0
162.55728318635374,86.6560271307826,0.0,0.0
162.4238350270316,88.04001524299383,0.0,0.0
159.58586953859776,96.28128840774298,0.0,0.0
153.7314351676032,111.90720870345831,0.0,0.0
145.67897640448064,129.84603478759527,0.0,0.0
137.30045818071812,148.25324251502752,0.0,0.0
130.89961909037083,162.50843956321478,0.0,0.0
126.62140302639455,172.7184243425727,0.0,0.0
124.11204956751317,180.3025592789054,0.0,0.0
123.41044433694333,183.26772316545248,0.0,0.0
122.89170835446566,184.60801570862532,0.0,0.0
122.39125412236899,184.54422538354993,0.0,0.0
122.30872736591846,184.2537132576108,0.0,0.0
122.37425145041198,183.88517528027296,0.0,1.0
