x,y,hover,eod
86.37543731927872,102.68067413568497,0.0,0.0
88.91243720054626,101.42602556943893,0.0,0.0
99.50838947296143,94.39034992456436,0.0,0.0
113.47508215904236,85.03582054376602,0.0,0.0
131.42387890815735,76.22464352846146,0.0,0.0
144.71444988250732,72.08042585849762,0.0,0.0
151.174791097641,70.79868087172508,0.0,0.0
153.19903695583344,71.13876876980066,0.0,0.0
153.9268939346075,72.4695028141141,0.0,0.0
154.60386709868908,74.54991859942675,0.0,0.0
156.76221208274364,88.88215584307909,0.0,0.0
159.93729935586452,113.93473190814257,0.0,0.0
163.26808439195156,142.6917795613408,0.0,0.0
166.83180437982082,166.77688164263964,0.0,0.0
169.97110889852047,180.62128943949938,0.0,0.0
170.76987551152706,184.7463463023305,0.0,0.0
170.61453576758504,185.46909896284342,0.0,0.0
170.18888860568404,185.43614064203575,0.0,0.0
169.16701882705092,185.13919616909698,0.0,1.0
