x,y,hover,eod
104.21122169494629,85.30164754390717,0.0,0.0
107.51156663894653,84.69014550000429,0.0,0.0
117.42636120319366,82.5861663594842,0.0,0.0
127.99243485927582,79.78526631742716,0.0,0.0
139.06109726428986,77.66671309620142,0.0,0.0
146.6536900997162,77.03218648582697,0.0,0.0
151.328528881073,75.97655611485243,0.0,0.0
152.5716664493084,75.71818670630455,0.0,0.0
153.1693179756403,76.5539321899414,0.0,0.0
153.4631842970848,78.05287650227547,0.0,0.0
153.00103353708982,87.03968873620033,0.0,0.0
150.59175150841475,104.1590761244297,0.0,0.0
147.42955403774977,122.2904192507267,0.0,0.0
144.41319721192122,138.95952454209328,0.0,0.0
140.33804910629988,155.33362379670143,0.0,0.0
137.6976035758853,167.5900994837284,0.0,0.0
136.02849977463484,177.4439608156681,0.0,0.0
136.0278775114566,180.38755348324776,0.0,0.0
136.0153582310304,180.67549793422222,0.0,0.0
136.04134587710723,180.2119276896119,0.0,1.0
