x,y,hover,eod
96.44768523424864,68.89321349188685,0.0,0.0
97.01778246462345,68.80120019055903,0.0,0.0
99.46856065094471,69.63359000720084,0.0,0.0
110.18963141739368,71.3947409633547,0.0,0.0
124.93579788506031,72.29447128809988,0.0,0.0
140.3962735682726,72.00930016674101,0.0,0.0
151.63797421753407,72.03060629405081,0.0,0.0
158.57674761116505,72.63498539663851,0.0,0.0
160.7625019401312,73.0668495092541,0.0,0.0
161.0467366911471,76.17963264323771,0.0,0.0
158.98129120841622,86.02360675670207,0.0,0.0
155.66806152835488,99.0064139161259,0.0,0.0
149.9045480825007,122.85767028667033,0.0,0.0
141.107353720814,150.31218717433512,0.0,0.0
133.85188356414437,170.30679414607584,0.0,0.0
129.92299661412835,182.01888511516154,0.0,0.0
129.2417511381209,186.35391632653773,0.0,0.0
129.32019364461303,188.76904735900462,0.0,0.0
129.50156677886844,189.15240372158587,0.0,1.0
