x,y,hover,eod
98.69943435490131,83.05552410148084,0.0,0.0
99.404744759202,83.11458786670119,0.0,0.0
100.68424324691296,83.34154439810663,0.0,0.0
112.285634085536,84.92192608956248,0.0,0.0
122.87147264182568,84.61291661206633,0.0,0.0
134.8603640049696,83.07633345667273,0.0,0.0
144.72899715602398,81.51320194546133,0.0,0.0
152.78855185210705,79.81286486331373,0.0,0.0
156.3263113349676,78.90358825866133,0.0,0.0
158.5069138854742,78.59930840972811,0.0,0.0
158.9455456212163,79.17916333023459,0.0,0.0
158.8438317850232,80.34785357955843,0.0,0.0
158.933543946594,84.65812561754137,0.0,0.0
156.7174723111093,96.36326668504626,0.0,0.0
152.3480265699327,108.50811598543078,0.0,0.0
146.04793840274215,124.80251310113817,0.0,0.0
140.44032865390182,140.33149121049792,0.0,0.0
137.64391177520156,153.1206452632323,0.0,0.0
135.15454241260886,167.2740876460448,0.0,0.0
134.51518842205405,174.8284041667357,0.0,0.0
134.27557838335633,177.85521445516497,0.0,0.0
134.21284175664186,178.98473297897726,0.0,0.0
134.06687979772687,178.7846404844895,0.0,0.0
133.806320682168,178.61066516209394,0.0,0.0
133.57924009859562,178.6493837805465,0.0,0.0
132.96061515063047,177.14978232700378,0.0,1.0
