x,y,hover,eod
94.78785704821348,77.0644426047802,0.0,0.0
94.71071583684534,77.19084559753537,0.0,0.0
95.96894187387079,77.45032482594252,0.0,0.0
105.18828434403986,78.30765598267317,0.0,0.0
115.5286387866363,78.99267346411943,0.0,0.0
129.09610194619745,77.60368958860636,0.0,0.0
144.32955188211054,76.94612012058496,0.0,0.0
154.34362096246332,76.26077548414469,0.0,0.0
159.5061103766784,76.3213564902544,0.0,0.0
161.80798647459596,76.64435502886772,0.0,0.0
162.24343401845545,77.11684656143188,0.0,0.0
162.3167399223894,77.93997813761234,0.0,0.0
162.37597276456654,81.80107672512531,0.0,0.0
161.35272000916302,91.90461237728596,0.0,0.0
157.35398416407406,106.76186640560627,0.0,0.0
152.78485332615674,124.56539471447468,0.0,0.0
148.0268303025514,143.79479964077473,0.0,0.0
144.94687263853848,157.0106955319643,0.0,0.0
142.30480794794858,168.03548176586628,0.0,0.0
140.70474778302014,174.9561872035265,0.0,0.0
140.07539284415543,178.63369603455067,0.0,0.0
139.58760608918965,180.79008553922176,0.0,0.0
139.5409728307277,181.07614320516586,0.0,0.0
139.47072189301252,180.41921240091324,0.0,0.0
139.53600719571114,179.95462038367987,0.0,0.0
139.71195090562105,178.6100874170661,0.0,0.0
139.8837012425065,173.9858342036605,0.0,1.0
