x,y,hover,eod
90.35022413730621,68.62474998086691,0.0,0.0
89.76305021345615,68.30977445095778,0.0,0.0
91.19707657396793,68.68467559665442,0.0,0.0
105.0968320518732,73.3203878030181,0.0,0.0
118.68431045114994,76.47742351144552,0.0,0.0
138.40009881556034,81.31519158929586,0.0,0.0
153.19072438776493,84.93980010598898,0.0,0.0
162.07579745352268,87.63633390516043,0.0,0.0
165.2700407654047,88.80939757078886,0.0,0.0
166.85037179291248,89.59564981609583,0.0,0.0
166.75551310554147,89.92863250523806,0.0,0.0
166.4885165952146,90.76631648093462,0.0,0.0
165.61598565801978,93.55613870173693,0.0,0.0
157.8474238179624,107.89190692454576,0.0,0.0
144.33638360723853,129.02490300685167,0.0,0.0
129.97946765646338,151.41289634257555,0.0,0.0
120.19032683596015,168.98879808932543,0.0,0.0
116.08427431806922,179.96925277262926,0.0,0.0
115.04566308483481,185.24456603080034,0.0,0.0
114.75294456258416,187.83539784699678,0.0,0.0
114.68735570460558,189.04320841282606,0.0,0.0
114.78428763709962,188.9453410319984,0.0,0.0
115.03157844208181,188.54390907660127,0.0,0.0
115.23127955757082,187.81962040439248,0.0,0.0
115.00026979856193,186.23046416416764,0.0,1.0
