x,y,hover,eod
97.88402757048607,72.0462880730629,0.0,0.0
99.79680633544922,72.15621032565832,0.0,0.0
103.55297034978867,73.08787748962641,0.0,0.0
115.9760028719902,72.8375046774745,0.0,0.0
129.40061992406845,72.59250820428133,0.0,0.0
140.96893376111984,71.97764218598604,0.0,0.0
151.44574826955795,73.50616321712732,0.0,0.0
157.4344671368599,74.01494697481394,0.0,0.0
159.6665342748165,75.41364953666925,0.0,0.0
159.32403883337975,77.95515940338373,0.0,0.0
157.74603402614594,82.38221422582865,0.0,0.0
153.9527971148491,92.73690477758646,0.0,0.0
147.50697499513626,108.6311389580369,0.0,0.0
138.78911858797073,127.99493090063334,0.0,0.0
127.78440004587173,149.84874740988016,0.0,0.0
119.67578238248825,165.4544724598527,0.0,0.0
114.64121466875076,176.92986623197794,0.0,0.0
111.21301478147507,183.88524965196848,0.0,0.0
110.6824000775814,185.97350762039423,0.0,0.0
110.83651419170201,185.46662871539593,0.0,0.0
111.32577955164015,185.155949562788,0.0,1.0
