x,y,hover,eod
98.61374105513096,78.87125819548965,0.0,0.0
99.29527673125267,78.83482167357579,0.0,0.0
104.58176228404045,78.68418928096071,0.0,0.0
116.8055257499218,78.2695532203652,0.0,0.0
129.2935583293438,77.22223047027364,0.0,0.0
146.25058862566948,76.03023443231359,0.0,0.0
154.90521821379662,77.921787685249,0.0,0.0
157.17108789086342,78.59434332558885,0.0,0.0
157.7519674897194,80.1404580087401,0.0,0.0
157.23307813704014,82.68174644419923,0.0,0.0
153.48465557396412,90.0761389345862,0.0,0.0
148.64728297293186,102.67940040538087,0.0,0.0
140.94172145426273,120.53513642260805,0.0,0.0
133.3487680107355,138.7711262316443,0.0,0.0
126.43565799295902,154.6679436773993,0.0,0.0
120.34039343893528,168.1419097990729,0.0,0.0
116.11292715370655,176.4253490776755,0.0,0.0
114.38529263436794,179.76527597615495,0.0,0.0
114.05924155563116,180.57762276241556,0.0,0.0
113.9572384506464,179.8809612155892,0.0,1.0
