x,y,hover,eod
87.87447160482407,98.31678354740143,0.0,0.0
85.0921801328659,97.61381895840168,0.0,0.0
86.09597793221474,96.66106359660625,0.0,0.0
88.2187751531601,95.6821376979351,0.0,0.0
104.05183589458466,90.11600145697594,0.0,0.0
118.66381680965424,83.96461793780327,0.0,0.0
137.63436949253082,76.9850022494793,0.0,0.0
152.73785984516144,72.91110375523567,0.0,0.0
161.47614514827728,70.96684882044792,0.0,0.0
164.9527526497841,70.4234309643507,0.0,0.0
167.0810598731041,70.4432730153203,0.0,0.0
167.60587888211012,71.22831930965185,0.0,0.0
167.96717083454132,72.52127652615309,0.0,0.0
169.7220799922943,83.54614382237196,0.0,0.0
171.25343611836433,104.81123810261488,0.0,0.0
170.24887537956238,135.73475246876478,0.0,0.0
168.67931267619133,162.11770658940077,0.0,0.0
167.69069215655327,178.2251906916499,0.0,0.0
167.14870455116034,185.21327977627516,0.0,0.0
167.12955523654819,187.28203048557043,0.0,0.0
167.09745506197214,187.3028925769031,0.0,0.0
166.96290724352002,187.13864259049296,0.0,0.0
166.98950470797718,186.96317849308252,0.0,1.0
