x,y,hover,eod
103.4256895557046,82.89590504206717,0.0,0.0
103.92356223613024,82.84599043615162,0.0,0.0
106.66451311856508,82.94457987137139,0.0,0.0
115.79322076588869,81.91150829382241,0.0,0.0
125.75644529610872,77.77931556291878,0.0,0.0
138.81624139100313,73.04446473903954,0.0,0.0
147.75541222840548,71.01500347442925,0.0,0.0
151.1667797639966,70.67935411073267,0.0,0.0
153.1571910455823,71.60101112164557,0.0,0.0
153.56230310350657,73.80026530660689,0.0,0.0
153.4296636208892,84.13268875516951,0.0,0.0
151.38382732123137,99.50196337141097,0.0,0.0
149.11092250794172,119.51970171369612,0.0,0.0
146.50084405392408,138.17452382482588,0.0,0.0
143.41983883827925,156.41321253217757,0.0,0.0
139.1993707343936,173.5580880586058,0.0,0.0
137.16912581771612,182.60576438345015,0.0,0.0
135.91472401469946,186.19443308748305,0.0,0.0
135.5439640134573,187.25952055491507,0.0,0.0
135.6163737103343,186.7401842791587,0.0,1.0
