x,y,hover,eod
101.38411962985992,84.67407242953777,0.0,0.0
103.76794272661209,85.41897849738598,0.0,0.0
109.60912102460861,87.14577214419842,0.0,0.0
121.70627111196518,88.6120584756136,0.0,0.0
136.84535497426987,89.37433303892612,0.0,0.0
148.0943405032158,91.10151992738247,0.0,0.0
153.49138432741165,92.69468562304974,0.0,0.0
155.16673439741135,93.85049426555634,0.0,0.0
155.04644391685724,95.21979922056198,0.0,0.0
152.84139019995928,99.985027551651,0.0,0.0
147.47832161933184,109.83191812038422,0.0,0.0
139.59804398566484,123.56253588199615,0.0,0.0
131.552456445992,138.62110936641693,0.0,0.0
125.7268892005086,151.9180508852005,0.0,0.0
121.75674749165773,161.186998128891,0.0,0.0
119.0117852166295,167.68237614631653,0.0,0.0
117.86632341891527,170.8070039153099,0.0,0.0
116.60404888540506,172.24060156941414,0.0,0.0
116.61817208491266,171.70115084946156,0.0,1.0
