x,y,hover,eod
98.57961410284042,80.64326694607735,0.0,0.0
98.24233831465244,80.31687775999308,0.0,0.0
98.20999665744603,80.00200091302395,0.0,0.0
99.43600273318589,80.00923436041921,0.0,0.0
104.82422447390854,81.16038326080889,0.0,0.0
116.13501167483628,82.07830373104662,0.0,0.0
128.9723453540355,81.2429494773969,0.0,0.0
141.82957744784653,81.67520951386541,0.0,0.0
151.3397268075496,83.09528242703527,0.0,0.0
155.55939591117203,83.87452091928571,0.0,0.0
158.0875567216426,84.57452211435884,0.0,0.0
159.18500824458897,85.32082240935415,0.0,0.0
159.17153702676296,86.20302107091993,0.0,0.0
159.21524793468416,87.6049370681867,0.0,0.0
159.31222227029502,91.29637669678777,0.0,0.0
156.15376290492713,100.38111220952123,0.0,0.0
150.33990022353828,115.03836404439062,0.0,0.0
144.15130075626075,133.50127588864416,0.0,0.0
138.79639443568885,151.5697122728452,0.0,0.0
135.31692829541862,163.9286197340116,0.0,0.0
134.2134350221604,171.50914918538183,0.0,0.0
133.74328502081335,174.91195510979742,0.0,0.0
133.59437585435808,177.04643260594457,0.0,0.0
133.20083648525178,177.96717349346727,0.0,0.0
132.38175042532384,177.8843534355983,0.0,0.0
131.69710457883775,177.24600683804601,0.0,1.0
