x,y,hover,eod
98.34549243748188,92.1550679653883,0.0,0.0
98.71790359914303,92.28619868680835,0.0,0.0
102.27924208343029,91.85024670138955,0.0,0.0
114.32719092071056,90.81306791678071,0.0,0.0
126.73218230903149,86.30203640833497,0.0,0.0
140.75222830474377,80.5875173844397,0.0,0.0
151.27101163566113,76.66605776920915,0.0,0.0
155.79515020549297,75.05163884535432,0.0,0.0
157.27587933838367,75.24630610644817,0.0,0.0
158.28184056282043,76.54023025929928,0.0,0.0
158.68582322448492,79.91338466107845,0.0,0.0
159.01964127272367,89.5471868366003,0.0,0.0
158.24296756833792,100.88544104993343,0.0,0.0
156.2103518769145,114.80609272420406,0.0,0.0
154.39851715415716,130.25516365468502,0.0,0.0
152.33709379285574,145.48236106336117,0.0,0.0
150.58000146597624,162.24649165570736,0.0,0.0
149.65470894426107,173.65242813527584,0.0,0.0
148.86257744580507,179.310214266181,0.0,0.0
148.65875053405762,181.51369278132915,0.0,0.0
148.5766250193119,181.8209259659052,0.0,0.0
148.40725100785494,181.6468549966812,0.0,0.0
148.36264052148908,181.50269083492458,0.0,0.0
148.24145421106368,181.20427621342242,0.0,0.0
148.2480367780663,180.91299745999277,0.0,0.0
147.7231118590571,180.33865369670093,0.0,1.0
