x,y,hover,eod
97.19492927193642,65.0120019633323,0.0,0.0
99.5066674053669,65.16475497744977,0.0,0.0
106.78416565060616,65.53175929002464,0.0,0.0
122.81961753964424,65.57765088044107,0.0,0.0
137.37442925572395,65.10433024726808,0.0,0.0
147.2449840605259,64.94807005859911,0.0,0.0
155.37518754601479,66.03236318565905,0.0,0.0
158.86002257466316,67.85841972567141,0.0,0.0
159.89432148635387,70.11188269592822,0.0,0.0
157.6263951510191,78.37004483677447,0.0,0.0
154.04688589274883,89.31130112148821,0.0,0.0
147.2809361666441,107.19984472729266,0.0,0.0
139.5105241984129,128.23070705868304,0.0,0.0
131.04858927428722,149.34276522137225,0.0,0.0
124.45251695811749,166.88381374813616,0.0,0.0
120.5523543804884,179.19094623066485,0.0,0.0
117.87966690957546,188.23059977032244,0.0,0.0
117.02315248548985,191.5317311976105,0.0,0.0
117.02533983858302,192.01948178000748,0.0,0.0
117.15999651001766,191.91246782429516,0.0,1.0
