x,y,hover,eod
102.10704171657562,86.314771220088,0.0,0.0
105.28143310546875,85.60599607229233,0.0,0.0
112.87641727924347,85.30307126045227,0.0,0.0
125.01826846599579,83.46030366420746,0.0,0.0
136.01955378055573,83.06780491769314,0.0,0.0
145.8744170665741,82.6050330772996,0.0,0.0
152.89991164207458,82.57652607560158,0.0,0.0
155.03502109646797,82.90739980340004,0.0,0.0
155.06836758553982,83.52793373912573,0.0,0.0
155.10545016126707,85.50115846842527,0.0,0.0
153.3142945249565,91.49652921408415,0.0,0.0
149.94296313123778,104.3550034686923,0.0,0.0
145.06941438512877,120.95081173628569,0.0,0.0
139.40004289941862,139.17470061033964,0.0,0.0
134.52677280502394,153.99618946760893,0.0,0.0
131.31489426689222,164.70979296416044,0.0,0.0
129.11903173523024,172.61601351946592,0.0,0.0
128.81056639226153,174.32293915003538,0.0,1.0
