x,y,hover,eod
93.6669991016388,69.49963377416134,0.0,0.0
96.43450981378555,70.02757669985294,0.0,0.0
110.38467055559158,72.69528360664845,0.0,0.0
125.63930636644363,75.17828495800495,0.0,0.0
139.51771622896194,77.20819862186909,0.0,0.0
151.75473576784134,79.21316058933735,0.0,0.0
159.31631273031235,80.54299460351467,0.0,0.0
161.7024545967579,81.26841904222965,0.0,0.0
162.27248018980026,82.26291680335999,0.0,0.0
162.47866748273373,86.25516021251678,0.0,0.0
158.2190424054861,103.48984324932098,0.0,0.0
148.31444977223873,128.545516371727,0.0,0.0
137.28790520131588,153.04924094676971,0.0,0.0
128.5917335599661,172.43153417110443,0.0,0.0
123.78758727014065,183.39440548419952,0.0,0.0
122.57467603683472,187.40609818696976,0.0,0.0
122.63032050710171,188.04301054775715,0.0,0.0
122.55296796467155,187.8121022284031,0.0,0.0
122.62713273894042,186.7532208710909,0.0,1.0
