x,y,hover,eod
97.26460093259811,102.92184428870678,0.0,0.0
100.8100917339325,101.39762835204601,0.0,0.0
110.93384289741516,95.90069250762463,0.0,0.0
120.84963047504425,89.19955091178417,0.0,0.0
131.7959769964218,82.47268514335155,0.0,0.0
138.35910522937775,78.50590692460537,0.0,0.0
142.9904099702835,76.20606349408627,0.0,0.0
145.42866760492325,75.69606447219849,0.0,0.0
147.0546621978283,76.20236722379923,0.0,0.0
148.96129482984543,80.49163607507944,0.0,0.0
151.11561858654022,91.81673315912485,0.0,0.0
153.6175318956375,110.85422901064157,0.0,0.0
156.5174742937088,131.6819372549653,0.0,0.0
158.51049283146858,152.68228916078806,0.0,0.0
159.1836059987545,166.50380400568247,0.0,0.0
159.27021305635571,175.59998778253794,0.0,0.0
159.58600204065442,179.91824267059565,0.0,0.0
160.06597432866693,181.81489823013544,0.0,1.0
