x,y,hover,eod
102.41356895118952,79.35793650895357,0.0,0.0
102.98865021020174,79.69562461227179,0.0,0.0
103.87306340783834,80.0406794026494,0.0,0.0
106.63331814855337,80.15233700722456,0.0,0.0
111.30502232164145,81.6055521890521,0.0,0.0
120.93135484308004,82.17640192806721,0.0,0.0
132.09596165269613,81.7942330762744,0.0,0.0
141.75017841905355,81.392499409616,0.0,0.0
148.92944403737783,80.253855638206,0.0,0.0
151.52974911779165,79.8164257183671,0.0,0.0
153.26985024660826,80.13729052245617,0.0,0.0
153.9575471058488,80.79563872516155,0.0,0.0
154.30068657547235,82.24088625609875,0.0,0.0
153.55305925756693,84.87909959256649,0.0,0.0
150.64672873169184,92.54617320001125,0.0,0.0
145.94499842077494,102.66455636918545,0.0,0.0
138.83568481355906,116.97254644334316,0.0,0.0
131.9089104309678,130.966597661376,0.0,0.0
126.4764519110322,143.7297664731741,0.0,0.0
121.45344928652048,154.87598644196987,0.0,0.0
119.26764772087336,162.9626195281744,0.0,0.0
116.4819775596261,169.53475998342037,0.0,0.0
115.02651260048151,172.7409745901823,0.0,0.0
114.19738353043795,175.54146127402782,0.0,0.0
113.5553541854024,177.0445734411478,0.0,0.0
112.97800318151712,177.1604383699596,0.0,0.0
112.8458711951971,176.7866974286735,0.0,1.0
