x,y,hover,eod
92.14235466718674,70.69629071652889,0.0,0.0
92.09549937676638,70.59862437099218,0.0,0.0
92.31295742373914,70.69997318461537,0.0,0.0
98.36922921519727,71.75386987999082,0.0,0.0
112.66791858058423,72.46095419302583,0.0,0.0
129.8658791957423,72.72567429021001,0.0,0.0
142.3451296268031,73.50643076375127,0.0,0.0
154.28054608684033,75.5028948970139,0.0,0.0
160.69989837985486,77.07697220519185,0.0,0.0
163.3387122331187,77.69150186702609,0.0,0.0
163.84327732305974,78.61207727715373,0.0,0.0
164.10090860258788,79.2119002006948,0.0,0.0
164.22269063349813,80.110939335078,0.0,0.0
161.97677897568792,89.87278540059924,0.0,0.0
156.69695901032537,107.08041984960437,0.0,0.0
149.1665552770719,125.95392782613635,0.0,0.0
142.30203198548406,145.27821381017566,0.0,0.0
137.07011090870947,160.2833469621837,0.0,0.0
134.20453356858343,172.5351484529674,0.0,0.0
133.63288516458124,180.1390542499721,0.0,0.0
133.05367918964475,183.79643399640918,0.0,0.0
132.5753177916631,186.10904235765338,0.0,0.0
132.3353816224262,186.80772308632731,0.0,0.0
132.32600618898869,186.43046155944467,0.0,0.0
132.32096374314278,186.03437904641032,0.0,0.0
132.23575492668897,185.68523854389787,0.0,0.0
132.4122852953151,185.5514385588467,0.0,1.0
