x,y,hover,eod
100.47984626144171,83.11189066804945,0.0,0.0
101.13525446504354,83.23169692605734,0.0,0.0
102.79460590332747,82.76906046271324,0.0,0.0
113.63240402191877,81.35407316684723,0.0,0.0
122.68048327416182,79.99248999357224,0.0,0.0
135.6398443505168,77.23475712537766,0.0,0.0
147.08326499909163,74.88329994678497,0.0,0.0
153.94485991448164,73.50785601139069,0.0,0.0
156.85731898993254,72.7286981344223,0.0,0.0
157.40267552435398,73.32314378768206,0.0,0.0
157.25840342231095,74.50308210402727,0.0,0.0
156.50665414519608,82.5975573733449,0.0,0.0
155.18481341190636,97.42282516509295,0.0,0.0
153.07184142060578,114.5017755702138,0.0,0.0
149.3668655771762,134.66518528014421,0.0,0.0
144.98181086964905,153.1971598342061,0.0,0.0
140.95710021443665,169.55021984130144,0.0,0.0
139.0198924858123,179.85700375586748,0.0,0.0
138.26316718943417,182.8776863887906,0.0,0.0
138.45681407488883,183.87206091731787,0.0,0.0
138.59304406680167,183.69624990224838,0.0,0.0
138.47576419822872,183.17266802489758,0.0,0.0
137.8786143567413,181.92356730997562,0.0,1.0
