x,y,hover,eod
147.29421788454056,89.44839072227478,0.0,0.0
145.60349234938622,86.9008047580719,0.0,0.0
142.51944878697395,84.87818938493729,0.0,0.0
137.7247110903263,85.20191986858845,0.0,0.0
128.21662226319313,90.00243861973286,0.0,0.0
123.07821491360664,94.94404365122318,0.0,0.0
121.0339660346508,100.395511880517,0.0,0.0
122.05694103240967,108.4403710514307,0.0,0.0
124.58682233095169,118.24982215464115,0.0,0.0
129.26530653238297,128.1934021860361,0.0,0.0
134.47695189714432,136.3493477255106,0.0,0.0
138.68024998903275,143.41132690012455,0.0,0.0
139.75472712516785,151.91270758211613,0.0,0.0
134.882448554039,161.93536092340946,0.0,0.0
125.76130652427673,168.69529773294926,0.0,0.0
117.46245229244232,171.19582940638065,0.0,0.0
111.7235621213913,170.88198886066675,0.0,0.0
107.33891928195953,167.5031744018197,0.0,0.0
105.61582246422768,159.2131786122918,0.0,0.0
108.5080615580082,150.07241950184107,0.0,0.0
115.41919508576393,141.4804397597909,0.0,0.0
124.04558518528938,133.7833224311471,0.0,0.0
132.88759806752205,126.18758485466242,0.0,0.0
143.65929105877876,116.64935693889856,0.0,0.0
149.15436068177223,109.8550449386239,0.0,0.0
150.7043735086918,106.08912751823664,0.0,0.0
151.43670761585236,103.00216839462519,0.0,0.0
150.92809469997883,99.37643335014582,0.0,0.0
150.56818721443415,96.25099346786737,0.0,0.0
149.9111087396741,93.28490749746561,0.0,1.0
