x,y,hover,eod
134.56454384326935,87.99945160746574,0.0,0.0
131.23035597801208,86.01091548800468,0.0,0.0
128.39681017398834,85.61491224914789,0.0,0.0
123.48296749591827,87.00157050043344,0.0,0.0
116.7902307510376,92.87318889051676,0.0,0.0
111.10179531574249,100.64042154699564,0.0,0.0
108.29916644096375,106.78276125341654,0.0,0.0
108.39816450327635,112.43964795023203,0.0,0.0
111.4218056127429,116.9511765614152,0.0,0.0
120.58479308336973,121.2413227930665,0.0,0.0
128.6327099725604,125.02839360386133,0.0,0.0
136.55890344828367,129.76059291511774,0.0,0.0
143.8151901885867,136.62033054977655,0.0,0.0
148.07220726460218,144.55797228962183,0.0,0.0
148.56947622448206,152.35334251075983,0.0,0.0
145.94565442949533,159.21233270317316,0.0,0.0
141.64687535911798,165.46682093292475,0.0,0.0
136.52782282978296,170.13430688530207,0.0,0.0
129.6568348184228,171.5790407732129,0.0,0.0
123.94635162502527,168.3388178423047,0.0,0.0
120.80816648155451,159.11439467221498,0.0,0.0
120.59924240410328,150.60170400887728,0.0,0.0
124.02690078318119,141.97798419743776,0.0,0.0
129.51377476751804,132.7769224718213,0.0,0.0
136.82860459387302,120.62848974019289,0.0,0.0
142.9630693346262,110.82317996770144,0.0,0.0
146.59121330082417,103.8345830515027,0.0,0.0
147.36041735112667,100.23681718856096,0.0,0.0
147.63373441249132,96.78384710103273,0.0,0.0
147.14449837058783,94.43117264658213,0.0,0.0
146.36310144513845,92.91538406163454,0.0,1.0
