x,y,hover,eod
149.13005590438843,80.38008344173431,0.0,0.0
148.3291981369257,78.76489323377609,0.0,0.0
147.32345171272755,77.12881070375443,0.0,0.0
145.8080444484949,76.20944347977638,0.0,0.0
143.23054261505604,74.90502324700356,0.0,0.0
140.92920012772083,73.88073344528675,0.0,0.0
137.79138959944248,73.75563969649374,0.0,0.0
133.86914409697056,74.37100386060774,0.0,0.0
129.55104060471058,76.06080418266356,0.0,0.0
123.86757083237171,80.88385289348662,0.0,0.0
120.29803939163685,85.44144576229155,0.0,0.0
118.27120997011662,88.42084502615035,0.0,0.0
116.49174444377422,92.5983352009207,0.0,0.0
115.7832045853138,97.32492452301085,0.0,0.0
116.35807562619448,102.42792671360075,0.0,0.0
118.98202765733004,108.38016098178923,0.0,0.0
122.8627272322774,112.78764610923827,0.0,0.0
127.66709674149752,116.79650878347456,0.0,0.0
133.09260595589876,121.5040210429579,0.0,0.0
139.21456325799227,126.8158695641905,0.0,0.0
143.7212597206235,131.74748545326293,0.0,0.0
147.5157143548131,136.4548832718283,0.0,0.0
150.609941072762,141.56087642349303,0.0,0.0
152.31275860220194,147.45038395561278,0.0,0.0
151.936570443213,155.85431163944304,0.0,0.0
149.24710992723703,162.05634003318846,0.0,0.0
147.1874539926648,166.09688227809966,0.0,0.0
145.12070450931787,169.63580822385848,0.0,0.0
141.50156650692225,173.97565221227705,0.0,0.0
134.5656130090356,179.49895595945418,0.0,0.0
126.90734479576349,182.7724749390036,0.0,0.0
119.03099332004786,183.37309444136918,0.0,0.0
112.69297752529383,180.8684566039592,0.0,0.0
108.03515944629908,175.93994045443833,0.0,0.0
104.34962812811136,168.89563703723252,0.0,0.0
103.84154800325632,161.46577799506485,0.0,0.0
105.65510410815477,153.54156995005906,0.0,0.0
109.2012931779027,147.02308976836503,0.0,0.0
116.63503486663103,138.6366930026561,0.0,0.0
124.4524784758687,131.82800734229386,0.0,0.0
131.40596944838762,125.65421784110367,0.0,0.0
135.7703598216176,121.53315508551896,0.0,0.0
139.15297526866198,116.88791805692017,0.0,0.0
140.7961856201291,112.71456295438111,0.0,0.0
143.24123684316874,107.35422188229859,0.0,0.0
144.4069478288293,104.15560120530427,0.0,0.0
144.96211882680655,100.59165412373841,0.0,0.0
145.72497513145208,97.24158072657883,0.0,0.0
145.62834404408932,94.76280355639756,0.0,0.0
145.01666441559792,92.44184115715325,0.0,0.0
144.43390231579542,90.45692661590874,0.0,0.0
143.35518572479486,88.9668744225055,0.0,0.0
142.3477827385068,87.7954987604171,0.0,0.0
141.1735199019313,87.40454936213791,0.0,1.0
