x,y,hover,eod
123.00642412900925,85.40006917715073,0.0,0.0
119.11549371480942,83.86050295829773,0.0,0.0
115.12576591968536,83.10754035413265,0.0,0.0
108.81746780872345,88.1880400031805,0.0,0.0
103.75151944160461,97.2547063678503,0.0,0.0
101.90822836756706,105.80599819123745,0.0,0.0
102.55464997887611,109.85997085273266,0.0,0.0
108.31129518151283,114.57730059325695,0.0,0.0
119.59354010224342,117.6647365540266,0.0,0.0
130.40087309479713,119.85043425858021,0.0,0.0
141.98453631997108,124.17321939766407,0.0,0.0
149.6465417444706,130.831100538373,0.0,0.0
153.90637156367302,141.08110983669758,0.0,0.0
154.65884511172771,152.90503461658955,0.0,0.0
151.19432394206524,163.31587393581867,0.0,0.0
146.47348795831203,170.06125946342945,0.0,0.0
138.66250310838223,173.32365055382252,0.0,0.0
130.0017241090536,171.35268260538578,0.0,0.0
123.55730329453945,163.28511406481266,0.0,0.0
121.02096144855022,153.0622451454401,0.0,0.0
122.59994779527187,141.10709358751774,0.0,0.0
127.12525342404842,127.25639154016972,0.0,0.0
132.2767714112997,114.32495404779911,0.0,0.0
135.65490458905697,103.82670928537846,0.0,0.0
136.7276821732521,99.07908488810062,0.0,0.0
136.37101058661938,95.56453098356724,0.0,0.0
135.3075050264597,91.12109680473804,0.0,0.0
133.75132147967815,88.21512122452259,0.0,0.0
132.22266514599323,86.29752551019192,0.0,0.0
129.8679672628641,85.42600844800472,0.0,0.0
127.30126966536045,84.95729026198387,0.0,1.0
