x,y,hover,eod
132.61447662115097,94.92110306024551,0.0,0.0
131.0044270157814,91.21240401268005,0.0,0.0
127.64912271499634,88.37218874692917,0.0,0.0
124.79887092113495,86.79222398996353,0.0,0.0
121.91947185993195,86.19389602541924,0.0,0.0
117.02594035863876,87.35174515843391,0.0,0.0
111.93347626924515,92.95935729146004,0.0,0.0
105.89430683851242,102.55063751339912,0.0,0.0
104.1587025821209,108.22393158078194,0.0,0.0
104.18743317574263,111.39278331398964,0.0,0.0
105.61637466400862,114.98064914345741,0.0,0.0
108.14094340056181,118.97984573245049,0.0,0.0
114.8049226924777,124.69767996668816,0.0,0.0
122.96189998835325,129.54398432374,0.0,0.0
131.2350550815463,132.68428602814674,0.0,0.0
139.39078902453184,135.1742939054966,0.0,0.0
145.37701105326414,138.5208714902401,0.0,0.0
150.11282210797071,144.3907261788845,0.0,0.0
152.83291851729155,150.05995997786522,0.0,0.0
152.95618211477995,154.4112048447132,0.0,0.0
152.9421259984374,158.2685167491436,0.0,0.0
150.8636816367507,162.57036873698235,0.0,0.0
147.2823907956481,166.7576120197773,0.0,0.0
140.43727477639914,169.98355278372765,0.0,0.0
133.02308102697134,170.71441055834293,0.0,0.0
126.9671185836196,168.7282489389181,0.0,0.0
122.0742609128356,164.96740953624249,0.0,0.0
118.40789517015219,158.46261398494244,0.0,0.0
118.46860091760755,151.02887646853924,0.0,0.0
121.68015759065747,142.88961784541607,0.0,0.0
125.44157784059644,135.3673686236143,0.0,0.0
128.64667664840817,128.09477286040783,0.0,0.0
131.77949707582593,120.23099021613598,0.0,0.0
135.0673608072102,112.9172487705946,0.0,0.0
136.6036806590855,108.67752002179623,0.0,0.0
137.74636011198163,104.52831016480923,0.0,0.0
138.41375078633428,101.02357552945614,0.0,0.0
138.2059246264398,97.70236806571484,0.0,0.0
137.34969883784652,94.10194681584835,0.0,0.0
136.07846065983176,90.85665719211102,0.0,0.0
134.80365842208266,87.46323661506176,0.0,1.0
