x,y,hover,eod
127.57391846179962,83.11062946915627,0.0,0.0
124.48644942045212,81.24065339565277,0.0,0.0
121.20365417003632,80.96362322568893,0.0,0.0
113.61879503726959,83.47274750471115,0.0,0.0
107.18397951126099,91.25184625387192,0.0,0.0
103.02945321798325,99.48900133371353,0.0,0.0
102.52932345867157,104.26860004663467,0.0,0.0
103.2298140078783,108.3233767747879,0.0,0.0
110.30091209709644,115.32293438911438,0.0,0.0
121.01512356102467,121.73597812652588,0.0,0.0
132.88760347664356,128.49090456962585,0.0,0.0
142.94896526634693,134.1270649433136,0.0,0.0
150.31691832840443,138.84531199932098,0.0,0.0
153.60007835924625,144.1467809677124,0.0,0.0
154.56139607727528,153.84570837020874,0.0,0.0
149.362253382802,163.46515476703644,0.0,0.0
141.65283305943012,171.48645341396332,0.0,0.0
133.11787290871143,175.799081325531,0.0,0.0
126.0914216786623,175.70761736482382,0.0,0.0
119.61967034637928,171.1908334121108,0.0,0.0
116.87445266544819,162.7853947505355,0.0,0.0
117.72715052962303,154.37444027513266,0.0,0.0
120.59563687443733,146.24082919210196,0.0,0.0
125.45486709475517,137.31793995946646,0.0,0.0
132.2501661479473,125.90576644986868,0.0,0.0
138.59044751524925,114.63984962552786,0.0,0.0
143.21004262566566,105.27916308492422,0.0,0.0
143.94105038046837,98.43595203012228,0.0,0.0
143.50957366079092,94.40045353025198,0.0,0.0
141.28249945491552,91.02013375610113,0.0,0.0
136.29241796582937,87.72248443216085,0.0,0.0
129.23827501386404,85.37691246718168,0.0,0.0
121.14451738446951,84.22148820012808,0.0,1.0
