x,y,hover,eod
115.94459128379822,78.34320282936096,0.0,0.0
105.48302841186523,86.42958080768585,0.0,0.0
97.92244505882263,96.15700101852417,0.0,0.0
95.71241554617882,104.06326687335968,0.0,0.0
98.29562631249428,108.97835499048233,0.0,0.0
111.85106840729713,113.68607884645462,0.0,0.0
127.83195939660072,118.04914301633835,0.0,0.0
143.2466599047184,124.71728032827377,0.0,0.0
154.4882771074772,132.88614457845688,0.0,0.0
160.39668527245522,143.42811530828476,0.0,0.0
160.18502681329846,156.77657908201218,0.0,0.0
152.13487057760358,173.15765446424484,0.0,0.0
140.91624407842755,182.50898963212967,0.0,0.0
130.47181158140302,182.20498878881335,0.0,0.0
123.74264745786786,171.58665258809924,0.0,0.0
124.39312896504998,152.88749535009265,0.0,0.0
130.61052760854363,132.71422703191638,0.0,0.0
136.96079871430993,116.04563434049487,0.0,0.0
142.37837514653802,100.84923465177417,0.0,0.0
144.7990903891623,90.29491741582751,0.0,0.0
143.5768458135426,83.58205158635974,0.0,0.0
139.6545719988644,78.65816492959857,0.0,0.0
134.59949075058103,75.74284244701266,0.0,0.0
129.0621226914227,73.7775783650577,0.0,0.0
124.09815250709653,73.65148179605603,0.0,1.0
