x,y,hover,eod
143.33753706514835,90.07819551229477,0.0,0.0
142.85551821440458,87.19726312160492,0.0,0.0
142.4838343039155,84.77861452102661,0.0,0.0
142.0393524840474,82.28550183773041,0.0,0.0
140.6965961828828,80.75187745690346,0.0,0.0
139.04596013575792,78.92210561037064,0.0,0.0
136.07408238202333,78.59262417256832,0.0,0.0
132.32029301673174,78.31839225441217,0.0,0.0
127.2675876095891,79.469463147223,0.0,0.0
120.5893479064107,81.76993987709284,0.0,0.0
115.83010298758745,85.16958317905664,0.0,0.0
108.91598326712847,92.31736025959253,0.0,0.0
104.97922343760729,98.44290158897638,0.0,0.0
103.34190113097429,103.61799261718988,0.0,0.0
103.42409904673696,107.69068501144648,0.0,0.0
107.47682626917958,112.04510591179132,0.0,0.0
115.74082787707448,118.95267746597528,0.0,0.0
124.75796337798238,125.33767066150904,0.0,0.0
133.89591928198934,131.03289327770472,0.0,0.0
140.0473016090691,135.233902849257,0.0,0.0
143.25657274201512,138.91149035841227,0.0,0.0
147.7920636124909,146.09590939432383,0.0,0.0
148.66690035536885,154.0081184282899,0.0,0.0
147.4537231363356,160.0417344942689,0.0,0.0
145.14844063296914,165.19515565782785,0.0,0.0
141.779036257416,169.938812173903,0.0,0.0
137.44831297174096,174.33492413908243,0.0,0.0
132.31624636426568,177.19437799602747,0.0,0.0
123.31524882093072,178.9948057308793,0.0,0.0
116.34373578801751,178.07310774177313,0.0,0.0
112.28684965148568,174.3382050022483,0.0,0.0
109.07456490769982,168.69824662059546,0.0,0.0
108.82640212401748,159.43085446208715,0.0,0.0
111.99155181273818,151.26908256858587,0.0,0.0
116.12203210219741,144.5623464807868,0.0,0.0
122.96221226081252,136.20762302726507,0.0,0.0
129.58861201629043,128.43567921966314,0.0,0.0
137.48803585395217,119.71158995479345,0.0,0.0
144.46270376071334,112.84517719596624,0.0,0.0
147.7326074205339,109.14326234906912,0.0,0.0
150.18976136669517,105.98791315406561,0.0,0.0
151.58594578132033,104.13604586571455,0.0,0.0
152.95472457632422,102.30425625294447,0.0,0.0
153.4394631497562,100.70940866321325,0.0,0.0
153.73869159817696,99.05435248464346,0.0,1.0
