x,y,hover,eod
145.80457890033722,88.6162034869194,0.0,0.0
140.9900608062744,85.19079369306564,0.0,0.0
134.18340051174164,82.07118672132492,0.0,0.0
127.75108659267426,81.40906524658203,0.0,0.0
120.74161851406097,84.01628267765045,0.0,0.0
113.70487892627716,89.15580701828003,0.0,0.0
108.29014205932617,97.76860129833221,0.0,0.0
106.62407302856445,103.38706088066101,0.0,0.0
110.8266835808754,107.55176496505737,0.0,0.0
121.43463188409805,113.99153780937195,0.0,0.0
131.35517293214798,120.24517667293549,0.0,0.0
141.51374870538712,129.80737102031708,0.0,0.0
147.71316999197006,142.25329768657684,0.0,0.0
147.809958063066,154.3867815732956,0.0,0.0
144.0373500213027,165.1706041097641,0.0,0.0
139.4948603734374,172.21674990653992,0.0,0.0
135.06249745935202,174.63036638498306,0.0,0.0
125.77283879369497,172.84681674838066,0.0,0.0
119.34794088453054,165.47083672881126,0.0,0.0
117.2670135423541,156.22861143946648,0.0,0.0
118.96507074683905,146.33823391795158,0.0,0.0
125.22532214969397,135.67444321513176,0.0,0.0
133.2059090360999,122.66551491618156,0.0,0.0
140.82733323425055,110.64477321505547,0.0,0.0
146.86749925464392,101.8582373559475,0.0,0.0
150.3251107558608,95.87805685400963,0.0,0.0
151.20978427678347,90.89646485447884,0.0,0.0
151.22538073547184,85.54122117161751,0.0,1.0
