x,y,hover,eod
137.3708775639534,83.45615601539612,0.0,0.0
134.9493919312954,81.04310950636864,0.0,0.0
129.99901220202446,79.5226859152317,0.0,0.0
121.78525850176811,82.4945162832737,0.0,0.0
113.70218500494957,88.11232975125313,0.0,0.0
108.12472686171532,97.6172768175602,0.0,0.0
106.05238690972328,103.18327179551125,0.0,0.0
107.58893817663193,107.4872844517231,0.0,0.0
115.39559811353683,112.9481648504734,0.0,0.0
126.21381849050522,118.89169624447823,0.0,0.0
136.45922631025314,124.06120947003365,0.0,0.0
144.55262631177902,129.02684232592583,0.0,0.0
148.9926317334175,134.61731693148613,0.0,0.0
150.63460618257523,144.17779049277306,0.0,0.0
146.84240847826004,154.95092710852623,0.0,0.0
138.92120748758316,166.65350160002708,0.0,0.0
129.00901049375534,175.32253822684288,0.0,0.0
118.3709129691124,178.72058948874474,0.0,0.0
110.56660920381546,176.54539918899536,0.0,0.0
106.53231471776962,167.31107687950134,0.0,0.0
108.5606637597084,155.9430775642395,0.0,0.0
113.96292239427567,145.4835114479065,0.0,0.0
120.6100144982338,134.7748634815216,0.0,0.0
129.6050575375557,122.38615608215332,0.0,0.0
137.48993963003159,111.51659345626831,0.0,0.0
142.51579374074936,102.77030086517334,0.0,0.0
144.40389782190323,96.92405915260315,0.0,0.0
144.8444266244769,92.83609634637833,0.0,0.0
143.819551281631,88.05305814743042,0.0,0.0
141.24699484556913,84.14920395612717,0.0,0.0
138.1444973871112,81.08333086967468,0.0,0.0
134.97703563421965,79.15961569547653,0.0,1.0
