x,y,hover,eod
131.55058139562607,88.761374771595,0.0,0.0
129.2614639699459,85.61803859472275,0.0,0.0
124.55518731474876,83.33606106042862,0.0,0.0
119.57999655604362,83.41111575067043,0.0,0.0
112.68113502860069,85.64269934594631,0.0,0.0
106.79034599661827,91.65103827416897,0.0,0.0
104.10524854063988,97.35075806081295,0.0,0.0
104.8094896376133,103.823296174407,0.0,0.0
107.85430231690407,113.08767472207546,0.0,0.0
112.5445024073124,120.22353504598141,0.0,0.0
119.11663392186165,124.5844445079565,0.0,0.0
127.66806462407112,127.80137364566326,0.0,0.0
138.36054185032845,130.2454476505518,0.0,0.0
147.42775896191597,134.17596270143986,0.0,0.0
151.96785607933998,139.02513314783573,0.0,0.0
153.64358434081078,146.76444460451603,0.0,0.0
151.1475425362587,154.72326208651066,0.0,0.0
147.23729246854782,161.9145583063364,0.0,0.0
139.90046793222427,169.31314219534397,0.0,0.0
131.68430799245834,173.4075369387865,0.0,0.0
125.62564843893051,172.617550984025,0.0,0.0
119.14754742383957,166.66981209814548,0.0,0.0
116.45739728212357,155.94583024084568,0.0,0.0
116.85419784486294,144.40159787237644,0.0,0.0
121.01768986880779,133.08284153044224,0.0,0.0
126.35499732196331,122.75683273375034,0.0,0.0
131.58131437003613,114.10160173475742,0.0,0.0
137.28736953437328,104.72145010530949,0.0,0.0
139.23411117494106,99.05637134611607,0.0,0.0
140.25878147780895,95.63614149391651,0.0,0.0
139.99042424932122,92.95948912203312,0.0,1.0
