x,y,hover,eod
135.55506858229637,85.43234926462173,0.0,0.0
133.2549123764038,83.9709824025631,0.0,0.0
131.12541544437408,82.87179332971573,0.0,0.0
127.85743254423141,81.76464837789536,0.0,0.0
124.07721716165543,81.35736618936062,0.0,0.0
119.68984085321426,81.40322306007147,0.0,0.0
115.23841726779938,83.14827450364828,0.0,0.0
110.76145577430725,86.10356666892767,0.0,0.0
107.27785009145737,90.4520285949111,0.0,0.0
105.25561618804932,95.80826648324728,0.0,0.0
104.98098363354802,100.3980369195342,0.0,0.0
105.72345477715135,103.6204809769988,0.0,0.0
108.69395268335938,108.12476166337729,0.0,0.0
112.9617531336844,112.01610066741705,0.0,0.0
118.55150890722871,115.87815024703741,0.0,0.0
124.30084419623017,119.97173794358969,0.0,0.0
130.0751746930182,123.18483688682318,0.0,0.0
135.74124348536134,126.80378981679678,0.0,0.0
140.44698429480195,130.44441261142492,0.0,0.0
144.866938713938,134.61220660060644,0.0,0.0
148.99883968010545,141.06799759715796,0.0,0.0
150.48750323429704,146.47678949683905,0.0,0.0
151.10487074777484,151.28811725229025,0.0,0.0
150.48166346922517,155.8473942503333,0.0,0.0
149.01364517584443,160.14525451511145,0.0,0.0
146.03254866972566,165.14863231033087,0.0,0.0
140.59342396631837,170.1434490904212,0.0,0.0
132.2110171355307,173.55569221824408,0.0,0.0
124.37119436636567,174.84958820790052,0.0,0.0
119.26987600699067,174.54426511004567,0.0,0.0
113.97439730539918,172.0266239233315,0.0,0.0
108.96276486292481,166.1412523575127,0.0,0.0
107.41540816798806,159.08927305415273,0.0,0.0
107.31686220690608,151.64512081816792,0.0,0.0
109.28009183332324,146.0664759464562,0.0,0.0
112.43681253120303,139.79972286894917,0.0,0.0
118.78489674255252,132.2585587091744,0.0,0.0
126.37891353294253,125.18390281870961,0.0,0.0
133.33935381099582,119.48202474787831,0.0,0.0
137.2544169537723,115.89439376071095,0.0,0.0
140.8321240656078,112.03227027133107,0.0,0.0
142.8506891541183,108.20113166049123,0.0,0.0
145.13474048301578,103.53536172583699,0.0,0.0
145.95969201251864,99.65617044642568,0.0,0.0
145.98477867618203,96.13347454741597,0.0,0.0
145.82814832404256,92.57587744668126,0.0,0.0
144.89906710758805,90.91299413517118,0.0,0.0
142.94794899597764,88.83003352954984,0.0,0.0
141.6257534660399,87.68847598508,0.0,0.0
139.60364413633943,87.04787774756551,0.0,1.0
