x,y,hover,eod
117.98643893003464,81.6282269358635,0.0,0.0
115.06222760677338,79.46079730987549,0.0,0.0
109.78209352493286,77.94675767421722,0.0,0.0
103.39076435565948,79.54580143094063,0.0,0.0
97.67396247386932,86.51603654026985,0.0,0.0
92.36908054351807,99.48497846722603,0.0,0.0
91.85773445665836,109.10717085003853,0.0,0.0
95.79725874960423,116.2212760746479,0.0,0.0
105.74763311445713,120.01080170273781,0.0,0.0
120.63200010359287,123.00539925694466,0.0,0.0
136.5281714349985,126.139445155859,0.0,0.0
149.76019395887852,129.43920210003853,0.0,0.0
159.68696846067905,134.79691401124,0.0,0.0
164.57949860394,143.69267359375954,0.0,0.0
164.84976252913475,156.78189769387245,0.0,0.0
159.46347376704216,171.04410901665688,0.0,0.0
151.78526720404625,179.11652401089668,0.0,0.0
141.6038449704647,181.65865406394005,0.0,0.0
132.9807706773281,176.2187473475933,0.0,0.0
127.67009934782982,162.25465938448906,0.0,0.0
127.60827983170748,146.3156895339489,0.0,0.0
130.06228113919497,130.83612367510796,0.0,0.0
133.74634141474962,113.62925216555595,0.0,0.0
135.4905923679471,99.86728355288506,0.0,0.0
134.8451323285699,89.71283003687859,0.0,0.0
132.63071367889643,82.69164964556694,0.0,0.0
129.804950453341,79.27804931998253,0.0,0.0
126.04589084535837,76.90904170274734,0.0,0.0
122.58515278249979,75.21866142749786,0.0,0.0
118.86469135433435,74.94780017063022,0.0,0.0
115.78777710348368,74.79043517261744,0.0,1.0
