x,y,hover,eod
126.55915536731482,85.65587547421455,0.0,0.0
126.23952266573906,84.35306829214096,0.0,0.0
126.37752353027463,82.59395998716354,0.0,0.0
125.31279391422868,81.63961437344551,0.0,0.0
123.51746401563287,80.73281762003899,0.0,0.0
120.56884310021996,80.07658866047859,0.0,0.0
116.8926273919642,80.31964135169983,0.0,0.0
112.4017404653132,80.29356841742992,0.0,0.0
108.95826599374413,81.9145669490099,0.0,0.0
104.49940583482385,85.75807084143162,0.0,0.0
100.39127818122506,92.67566312849522,0.0,0.0
98.5011646784842,97.82310296595097,0.0,0.0
98.10976876690984,103.03368379175663,0.0,0.0
97.80875275656581,107.54446317255497,0.0,0.0
98.19723012670875,112.4407338052988,0.0,0.0
100.21337824687362,116.76706512272358,0.0,0.0
108.55081933364272,122.49787528812885,0.0,0.0
118.36475628241897,127.33296085894108,0.0,0.0
125.57872789725661,129.94599659740925,0.0,0.0
134.14597588405013,132.1945724338293,0.0,0.0
140.70151882991195,133.88627563416958,0.0,0.0
146.72648030146956,136.37922187149525,0.0,0.0
151.25019746646285,139.78189159929752,0.0,0.0
154.85129254683852,142.7107088714838,0.0,0.0
157.2449112199247,147.48085875809193,0.0,0.0
158.4763199351728,151.7919101268053,0.0,0.0
157.6475462578237,157.39957888424397,0.0,0.0
155.98073827847838,163.69447667896748,0.0,0.0
150.98457055911422,169.44256921112537,0.0,0.0
143.72183042392135,174.81386621296406,0.0,0.0
137.71801191195846,177.26075027883053,0.0,0.0
132.1943445764482,176.79396134614944,0.0,0.0
127.83208864554763,175.11712846159935,0.0,0.0
123.38160413131118,171.40879359841347,0.0,0.0
119.95510416850448,166.00286808609962,0.0,0.0
118.33947065100074,160.10152128338814,0.0,0.0
118.30051078274846,152.6275625526905,0.0,0.0
120.0164279229939,145.19315627217293,0.0,0.0
122.52548723295331,137.56044951081276,0.0,0.0
124.89536150172353,130.66123631596565,0.0,0.0
127.87215723469853,123.68371692299843,0.0,0.0
128.67523534968495,118.86787620186806,0.0,0.0
129.6498475112021,113.75458684563637,0.0,0.0
130.74161096289754,106.99876514077187,0.0,0.0
132.06573738530278,102.22994622588158,0.0,0.0
132.6302891485393,96.16455611586571,0.0,0.0
132.8750113286078,93.19784042239189,0.0,0.0
132.82546824589372,91.03481274843216,0.0,0.0
132.17392108216882,89.5323523581028,0.0,0.0
130.90477309003472,87.45983836054802,0.0,0.0
128.98661038652062,84.83474072813988,0.0,0.0
127.47111893072724,83.6218089312315,0.0,1.0
