x,y,hover,eod
141.26428538560867,78.57233017683029,0.0,0.0
138.6851608157158,77.18401432037354,0.0,0.0
134.43660759925842,76.22943937778473,0.0,0.0
126.88319170475006,78.46091240644455,0.0,0.0
115.00756585597992,88.46330016851425,0.0,0.0
106.76212811470032,97.28648394346237,0.0,0.0
104.46131268143654,105.8791896700859,0.0,0.0
105.89983382821083,110.48008471727371,0.0,0.0
113.3210680782795,117.79668182134628,0.0,0.0
124.30798509716988,125.80230087041855,0.0,0.0
135.63611248135567,133.5074082016945,0.0,0.0
145.31489470601082,141.28622323274612,0.0,0.0
150.9920589029789,147.80609041452408,0.0,0.0
152.80447253584862,156.2401482462883,0.0,0.0
150.5608151257038,164.81589406728745,0.0,0.0
143.7623784840107,172.6136550307274,0.0,0.0
135.59774914383888,178.3572819828987,0.0,0.0
126.0737923681736,180.85161983966827,0.0,0.0
117.13092187047005,179.234289675951,0.0,0.0
111.12564662098885,172.73923233151436,0.0,0.0
109.96803098917007,163.42654064297676,0.0,0.0
113.51476514339447,153.25214102864265,0.0,0.0
120.36156380176544,143.50058808922768,0.0,0.0
127.81451308727264,133.09230461716652,0.0,0.0
135.66432440280914,121.83890119194984,0.0,0.0
141.36939311027527,112.7058120071888,0.0,0.0
144.3130054473877,105.55611029267311,0.0,0.0
145.3223896175623,100.45679703354836,0.0,0.0
145.1379574239254,94.89171102643013,0.0,0.0
143.96552377939224,88.79060283303261,0.0,0.0
141.93658152222633,82.59149923920631,0.0,1.0
