x,y,hover,eod
128.08079421520233,87.83907221257687,0.0,0.0
126.33895471692085,86.80958123505116,0.0,0.0
124.47509035468102,85.49959914386272,0.0,0.0
122.00589686632156,85.1754397302866,0.0,0.0
117.42364823818207,86.754662707448,0.0,0.0
112.90226519107819,90.007856503129,0.0,0.0
109.04017508029938,95.61533690989017,0.0,0.0
106.44280731678009,104.8724270015955,0.0,0.0
106.55559790320694,109.39966560900211,0.0,0.0
110.4014213103801,114.1499143987894,0.0,0.0
116.91436839289963,118.94086660444736,0.0,0.0
123.92321181483567,122.05241025984287,0.0,0.0
135.76122713275254,126.52296902239323,0.0,0.0
143.9144088048488,129.63250429928303,0.0,0.0
148.91098451800644,136.0975834876299,0.0,0.0
151.54728126712143,144.1059479266405,0.0,0.0
150.70118215866387,152.11469204723835,0.0,0.0
145.5801918823272,160.846556738019,0.0,0.0
140.401554973796,166.79199488461018,0.0,0.0
133.0473503191024,170.7656011134386,0.0,0.0
125.15409079380333,170.90719433128834,0.0,0.0
119.58398905582726,167.6007834225893,0.0,0.0
115.47438618727028,158.24788780510426,0.0,0.0
115.59921409003437,148.51770909130573,0.0,0.0
118.88162459246814,138.7986102849245,0.0,0.0
124.10725737921894,129.12506671249866,0.0,0.0
129.76997460238636,119.51420994102955,0.0,0.0
136.6376223694533,108.80907626450062,0.0,0.0
140.33926154486835,101.66024000942707,0.0,0.0
141.28659094683826,98.25256408751011,0.0,0.0
141.7013684194535,95.04329742491245,0.0,0.0
141.2233021017164,91.99978740513325,0.0,0.0
140.11914215050638,89.38052506744862,0.0,0.0
138.50991970859468,87.36863048374653,0.0,1.0
