x,y,hover,eod
122.12681770324707,84.52833026647568,0.0,0.0
119.39569771289825,84.19285327196121,0.0,0.0
116.15609377622604,83.95269950851798,0.0,0.0
111.76708906888962,87.96267172321677,0.0,0.0
107.30108201503754,96.14933690056205,0.0,0.0
105.74382930994034,100.90371092781425,0.0,0.0
105.6353978998959,105.49919506534934,0.0,0.0
107.23852070048451,109.15742149576545,0.0,0.0
114.08461900427938,114.61203267797828,0.0,0.0
125.04778834059834,119.974932577461,0.0,0.0
135.66363902762532,125.16965916380286,0.0,0.0
143.40451749041677,130.4643993638456,0.0,0.0
149.05918391421437,137.03103413805366,0.0,0.0
151.2695042975247,146.85079326853156,0.0,0.0
149.66155203059316,157.34627714380622,0.0,0.0
143.92388911917806,167.04854538664222,0.0,0.0
139.33467091992497,170.89173456653953,0.0,0.0
133.86726202443242,172.07767626270652,0.0,0.0
126.34368600323796,168.11436315998435,0.0,0.0
121.80625172331929,159.98638352379203,0.0,0.0
121.25463919714093,150.19776424393058,0.0,0.0
124.2783017642796,139.83349403366446,0.0,0.0
128.8100759871304,128.96757444366813,0.0,0.0
134.59589706733823,115.08029660210013,0.0,0.0
138.19838600233197,104.94145831093192,0.0,0.0
138.65331267938018,99.8185565136373,0.0,0.0
137.89272522553802,96.04073634371161,0.0,0.0
136.05636289343238,92.57878741249442,0.0,0.0
133.68749817833304,88.90004774555564,0.0,0.0
131.20140379294753,86.06628378853202,0.0,0.0
128.92981788143516,84.76560523733497,0.0,1.0
