x,y,hover,eod
137.57130959630013,83.61300474405289,0.0,0.0
136.33300678431988,81.26475042104721,0.0,0.0
132.84179763495922,79.81597325205803,0.0,0.0
127.03780011832714,80.64831411838531,0.0,0.0
117.86093609035015,87.56709671020508,0.0,0.0
108.95413176715374,96.93462824821472,0.0,0.0
103.59803514182568,105.24330651760101,0.0,0.0
102.73574666678905,110.92929339408875,0.0,0.0
106.49502800405025,115.01106417179108,0.0,0.0
117.46634529531002,122.67559444904327,0.0,0.0
127.30912850797176,130.98388707637787,0.0,0.0
135.26592360436916,141.26433527469635,0.0,0.0
140.11457459628582,150.41230475902557,0.0,0.0
140.96928076446056,158.52427220344543,0.0,0.0
137.2728784531355,166.72949469089508,0.0,0.0
129.4168414324522,173.87587463855743,0.0,0.0
121.96629063785076,176.9214088320732,0.0,0.0
114.78797034919262,175.46873649954796,0.0,0.0
110.65087722241879,168.99497947096825,0.0,0.0
110.15706142038107,156.4547642171383,0.0,0.0
114.16251232475042,145.07190665602684,0.0,0.0
122.70017614215612,133.82827839255333,0.0,0.0
131.97197189182043,123.60117158293724,0.0,0.0
142.1011113151908,112.45354375243187,0.0,0.0
150.47186901420355,102.4102254807949,0.0,0.0
153.97706975787878,94.81729111075401,0.0,0.0
154.18683098256588,90.59112480282784,0.0,0.0
152.56364525854588,86.87456300854683,0.0,0.0
149.7018095999956,83.83284440636635,0.0,0.0
146.16357477009296,81.42364910244942,0.0,1.0
