x,y,hover,eod
145.20065426826477,88.5931910276413,0.0,0.0
138.19986939430237,86.00167554616928,0.0,0.0
125.48194885253906,87.70835322141647,0.0,0.0
112.74044871330261,92.91693967580795,0.0,0.0
102.66996383666992,101.04200583696365,0.0,0.0
99.97366696596146,104.59631484746933,0.0,0.0
103.3063280582428,108.70866847038269,0.0,0.0
116.35293960571289,115.89398217201233,0.0,0.0
131.8035113811493,123.96706593036652,0.0,0.0
144.30261731147766,133.8873542547226,0.0,0.0
148.69347840547562,143.2237846851349,0.0,0.0
146.18647873401642,151.65364038944244,0.0,0.0
136.60601437091827,161.42637383937836,0.0,0.0
122.11710155010223,169.1511274576187,0.0,0.0
109.1429990530014,170.9872708916664,0.0,0.0
101.28013491630554,166.37471598386765,0.0,0.0
101.14649869501591,154.99717515707016,0.0,0.0
110.17312444746494,142.95908850431442,0.0,0.0
123.46205152571201,131.0303310751915,0.0,0.0
138.09291876852512,119.87213414907455,0.0,0.0
148.8203588873148,110.3499065041542,0.0,0.0
154.55944396555424,102.45490592718124,0.0,0.0
156.2912905961275,97.58831483125687,0.0,0.0
155.71094308048487,94.55630642175674,0.0,0.0
153.76043800264597,90.89070898294449,0.0,0.0
151.77215982228518,87.98280370235443,0.0,0.0
149.98788554221392,86.3896709382534,0.0,1.0
