x,y,hover,eod
140.8563258945942,87.82454347610474,0.0,0.0
139.3262993991375,85.02353584766388,0.0,0.0
136.40650954842567,83.40934759378433,0.0,0.0
132.39947763085365,83.05947302281857,0.0,0.0
122.90089932084084,86.15087477862835,0.0,0.0
114.22199633717537,90.96995978057384,0.0,0.0
109.26707592606544,96.18916837871075,0.0,0.0
107.54385170340538,99.60079072415829,0.0,0.0
107.80458849668503,102.88714556396008,0.0,0.0
112.50634026527405,110.27995137870312,0.0,0.0
120.73950004577637,118.77855210006237,0.0,0.0
130.7440061569214,129.50959710776806,0.0,0.0
137.49072802066803,137.21051542460918,0.0,0.0
143.0874205827713,146.0117313116789,0.0,0.0
143.8719419836998,153.30787806212902,0.0,0.0
140.86381924152374,161.22423677146435,0.0,0.0
133.8388670682907,167.4663552492857,0.0,0.0
126.14784908294678,171.86871318519115,0.0,0.0
115.8332724571228,173.14974902570248,0.0,0.0
109.24848449230194,168.18408189713955,0.0,0.0
105.6974647641182,158.52606891095638,0.0,0.0
107.48728793859482,148.6175882667303,0.0,0.0
112.20009785890579,139.31472776830196,0.0,0.0
121.3248638510704,129.5521986335516,0.0,0.0
133.1458322405815,119.13732169568539,0.0,0.0
143.11294597387314,109.70043776929379,0.0,0.0
149.26913958787918,102.82612262666225,0.0,0.0
151.06440153717995,99.49952630698681,0.0,0.0
151.60898607969284,95.92991201579571,0.0,0.0
149.64778345823288,92.5208699554205,0.0,0.0
147.64579367637634,89.75611178576946,0.0,0.0
145.85946661233902,86.87831877171993,0.0,1.0
