x,y,hover,eod
138.65388810634613,92.86485269665718,0.0,0.0
137.41813495755196,90.85745543241501,0.0,0.0
135.36333039402962,88.84926378726959,0.0,0.0
133.0283835530281,87.32107132673264,0.0,0.0
129.98840242624283,86.40697687864304,0.0,0.0
125.405994951725,87.86462366580963,0.0,0.0
116.22610241174698,94.27522480487823,0.0,0.0
110.37954717874527,101.86608254909515,0.0,0.0
108.27537313103676,106.88186228275299,0.0,0.0
108.86227287352085,109.68724220991135,0.0,0.0
111.85169197618961,115.22732585668564,0.0,0.0
121.5055475383997,122.15228408575058,0.0,0.0
130.47083474695683,128.57314258813858,0.0,0.0
138.58425237238407,136.2290135025978,0.0,0.0
144.49035443365574,143.40948432683945,0.0,0.0
147.30623252689838,150.9902188181877,0.0,0.0
147.25413421168923,158.60993176698685,0.0,0.0
145.76351234689355,164.0009942650795,0.0,0.0
142.813552711159,166.91625654697418,0.0,0.0
138.04653832688928,170.1677617430687,0.0,0.0
131.76403293386102,171.54979676008224,0.0,0.0
120.85602888837457,170.25342300534248,0.0,0.0
113.41359803453088,166.79503366351128,0.0,0.0
109.69756821170449,159.3027512729168,0.0,0.0
109.64391307905316,150.45731887221336,0.0,0.0
113.27337788417935,141.61557659506798,0.0,0.0
120.61683462932706,133.557338565588,0.0,0.0
129.8972819931805,123.81640240550041,0.0,0.0
138.4953729994595,114.44398686289787,0.0,0.0
145.25529908016324,107.48170778155327,0.0,0.0
147.75700556114316,103.69604125618935,0.0,0.0
148.455255869776,100.91148093342781,0.0,0.0
148.75381184741855,98.01043555140495,0.0,0.0
148.08175137266517,95.77656462788582,0.0,0.0
147.41841619834304,93.76010566949844,0.0,1.0
