x,y,hover,eod
129.92665326595306,88.02502304315567,0.0,0.0
128.8563292324543,86.05106621980667,0.0,0.0
126.66995292901993,83.69028553366661,0.0,0.0
123.56943196058273,84.34615105390549,0.0,0.0
117.42594307661057,86.94640040397644,0.0,0.0
108.32136696577072,96.15436553955078,0.0,0.0
103.94238716363907,105.00033259391785,0.0,0.0
102.00446730852127,112.43827104568481,0.0,0.0
103.37517893314362,117.64976739883423,0.0,0.0
111.69714963436127,124.86833870410919,0.0,0.0
122.11563622951508,129.45198774337769,0.0,0.0
133.62953221797943,135.06068289279938,0.0,0.0
143.84906446933746,141.43903732299805,0.0,0.0
151.27098417282104,150.01338124275208,0.0,0.0
154.18536579608917,159.30932223796844,0.0,0.0
152.86345279216766,169.3879336118698,0.0,0.0
148.25057780742645,175.18671989440918,0.0,0.0
141.26166558265686,179.1641142964363,0.0,0.0
132.87775373458862,178.55096705257893,0.0,0.0
125.09223794937134,172.17308349907398,0.0,0.0
120.84244465827942,161.66793055832386,0.0,0.0
121.09012604132295,151.86055667698383,0.0,0.0
125.35947323217988,139.9231243878603,0.0,0.0
132.4134463109076,125.93245275318623,0.0,0.0
139.7434103526175,111.26788981258869,0.0,0.0
145.00403345003724,98.92141707241535,0.0,0.0
146.39269084110856,91.18601687252522,0.0,0.0
145.92646912112832,87.42574818432331,0.0,0.0
143.20141449943185,84.11931671202183,0.0,0.0
139.79070738330483,81.7371579259634,0.0,0.0
137.02209040895104,79.67113293707371,0.0,0.0
130.6170044876635,77.23583109676838,0.0,1.0
