x,y,hover,eod
124.16770413517952,85.51624369621277,0.0,0.0
123.44897240400314,84.06594169139862,0.0,0.0
122.43605613708496,83.01077325642109,0.0,0.0
120.33699750900269,82.45681174844503,0.0,0.0
118.3085709810257,81.74969808012247,0.0,0.0
116.5968531370163,80.88163398951292,0.0,0.0
114.47091817855835,80.84400006383657,0.0,0.0
111.10202014446259,81.57015570253134,0.0,0.0
108.29026311635971,82.75625915080309,0.0,0.0
105.70878893136978,85.45845777541399,0.0,0.0
102.87704765796661,91.34834498912096,0.0,0.0
101.7766147851944,97.3406860306859,0.0,0.0
101.49213064461946,102.48243422061205,0.0,0.0
102.00327597558498,106.97722167521715,0.0,0.0
103.69726337492466,110.08417338877916,0.0,0.0
107.90659286081791,113.24598938971758,0.0,0.0
114.36967052519321,116.71344370394945,0.0,0.0
122.27472998201847,119.91166443377733,0.0,0.0
128.11318911612034,121.73028410226107,0.0,0.0
132.80570544302464,123.59987810999155,0.0,0.0
140.37839509546757,126.62981764227152,0.0,0.0
145.67796744406223,130.5754418745637,0.0,0.0
149.6873251348734,134.52136949449778,0.0,0.0
153.12779165804386,139.5411880388856,0.0,0.0
155.4404304176569,145.3364349976182,0.0,0.0
155.70104885846376,152.02552036195993,0.0,0.0
153.70984930545092,158.17142979055643,0.0,0.0
150.534756667912,163.69451002031565,0.0,0.0
144.72167301923037,169.2894847765565,0.0,0.0
136.9232176616788,173.58884588629007,0.0,0.0
127.18199361115694,175.4643628075719,0.0,0.0
118.26199639588594,173.84242326766253,0.0,0.0
113.42659045010805,171.2155646160245,0.0,0.0
110.72433549910784,167.02493012696505,0.0,0.0
109.47375196963549,158.76524568349123,0.0,0.0
112.29490388184786,147.17882395535707,0.0,0.0
116.03973466902971,137.56744564324617,0.0,0.0
120.0107266381383,129.05526042729616,0.0,0.0
123.48500479012728,122.10907638818026,0.0,0.0
126.08979362994432,115.8815562799573,0.0,0.0
128.84666044265032,108.20790708810091,0.0,0.0
130.18476460129023,104.08597529679537,0.0,0.0
130.76390746980906,100.62163592129946,0.0,0.0
130.90900607407093,96.76916242390871,0.0,0.0
130.41699841618538,93.08811367303133,0.0,0.0
128.4764102101326,89.66812104731798,0.0,0.0
126.8759272992611,87.35519946366549,0.0,0.0
125.13376623392105,85.5134531930089,0.0,0.0
122.66290694475174,84.88174975663424,0.0,0.0
120.1313841342926,84.32111975550652,0.0,0.0
117.26591974496841,83.56004287302494,0.0,1.0
