x,y,hover,eod
129.60439738631248,87.02322089672089,0.0,0.0
127.23737266659737,85.0231839120388,0.0,0.0
124.85718455910683,83.31255251169205,0.0,0.0
120.78204360604286,82.5331578552723,0.0,0.0
116.65570345520973,83.66886050999165,0.0,0.0
111.42895606160164,86.9528409987688,0.0,0.0
105.35639670491219,94.74858374893665,0.0,0.0
101.37326684594154,103.89364869892597,0.0,0.0
100.9049769192934,111.71771438419819,0.0,0.0
102.71124665439129,118.12601597607136,0.0,0.0
106.34313409030437,120.70536823570728,0.0,0.0
115.55547718703747,124.13767249882221,0.0,0.0
126.23080734908581,126.68076129257679,0.0,0.0
137.11445336043835,130.1758679896593,0.0,0.0
146.14420060813427,134.27932055294514,0.0,0.0
151.77996699512005,137.9108894020319,0.0,0.0
154.39761345088482,140.78075350821018,0.0,0.0
155.2544393092394,149.1129464060068,0.0,0.0
151.13581766188145,160.11909307539463,0.0,0.0
144.77989007532597,168.54930402338505,0.0,0.0
136.56768609583378,173.88350845873356,0.0,0.0
128.82026244699955,175.34264819324017,0.0,0.0
122.30996479094028,172.59469167888165,0.0,0.0
118.1703047901392,162.80109064280987,0.0,0.0
118.97373412549496,151.84403674304485,0.0,0.0
123.0933917015791,140.84281937777996,0.0,0.0
128.75123684108257,128.97870318591595,0.0,0.0
134.97630958259106,115.90171591937542,0.0,0.0
139.8217377513647,104.566830560565,0.0,0.0
140.551292642951,99.11670999228954,0.0,0.0
140.35836129263043,96.15505979955196,0.0,0.0
139.14189799502492,93.05962280929089,0.0,0.0
136.75773023441434,90.20824925601482,0.0,1.0
