x,y,hover,eod
126.91224044561386,88.36347803473473,0.0,0.0
123.00188159942627,86.64110153913498,0.0,0.0
117.76693916320801,87.63569578528404,0.0,0.0
109.39279055595398,95.23097023367882,0.0,0.0
103.21117496490479,106.00417241454124,0.0,0.0
101.18853396177292,114.59734007716179,0.0,0.0
102.10900036990643,120.64881011843681,0.0,0.0
108.86777548491955,123.85936722159386,0.0,0.0
120.9062030762434,126.98282107710838,0.0,0.0
133.87101201713085,130.83160653710365,0.0,0.0
143.79945366084576,135.20750001072884,0.0,0.0
152.2463890761137,142.62230172753334,0.0,0.0
155.04516123235226,150.1707984507084,0.0,0.0
153.0513954013586,161.88074842095375,0.0,0.0
146.70764862000942,171.71654298901558,0.0,0.0
139.0481370538473,177.2315527498722,0.0,0.0
129.70159588754177,176.62559673190117,0.0,0.0
122.6575475782156,169.70837518572807,0.0,0.0
119.82615469396114,160.15157386660576,0.0,0.0
121.40780402719975,151.2326119840145,0.0,0.0
126.67064203321934,138.70779737830162,0.0,0.0
133.55966521799564,123.4144352376461,0.0,0.0
139.2959470897913,109.5723532140255,0.0,0.0
142.78116358816624,96.43345221877098,0.0,0.0
143.24075995385647,91.35845884680748,0.0,0.0
141.69177858531475,88.05913642048836,0.0,0.0
137.84912137687206,84.8229669034481,0.0,0.0
133.99273751676083,82.40551546216011,0.0,0.0
130.3670143932104,80.45630052685738,0.0,1.0
