x,y,hover,eod
133.95824244618416,85.01956540346146,0.0,0.0
132.21302798390388,82.0628308057785,0.0,0.0
124.66256788372993,81.25440689921379,0.0,0.0
119.29249158501625,82.69947054982185,0.0,0.0
113.1887369453907,87.25544455647469,0.0,0.0
110.54330161213875,92.07283172011375,0.0,0.0
108.63516768813133,101.05776759982109,0.0,0.0
109.85143175721169,110.79283747076988,0.0,0.0
115.46608737111092,119.15931257605553,0.0,0.0
123.16025605797768,124.80455967783928,0.0,0.0
132.3216532766819,129.8165735900402,0.0,0.0
142.0520650446415,136.43094810843468,0.0,0.0
147.66293993592262,144.44649133086205,0.0,0.0
148.40940801799297,152.0795986354351,0.0,0.0
143.17959515750408,160.90554389357567,0.0,0.0
134.325859233737,169.7437033355236,0.0,0.0
123.73537985980511,175.62941226363182,0.0,0.0
114.01897637546062,174.55041098594666,0.0,0.0
108.3832606524229,167.87472891807556,0.0,0.0
107.54487580060959,155.92611002922058,0.0,0.0
111.95242142677307,143.59756875038147,0.0,0.0
121.81800162792206,129.53214931488037,0.0,0.0
131.986790060997,118.39420008659363,0.0,0.0
141.32671451568604,107.75080251693726,0.0,0.0
147.06006503105164,98.6488823890686,0.0,0.0
149.09598699212074,93.28800547122955,0.0,0.0
149.06894744746387,88.09551763534546,0.0,0.0
147.94338257424533,84.6373747587204,0.0,0.0
146.43044502846897,81.76728355884552,0.0,1.0
