x,y,hover,eod
116.65892162919044,81.29359957575798,0.0,0.0
114.54087072610855,80.67289401590824,0.0,0.0
112.61210152506828,80.67645721882582,0.0,0.0
108.85987320542336,83.03998105973005,0.0,0.0
104.0264148414135,91.07331984490156,0.0,0.0
100.31085738539696,101.56433694809675,0.0,0.0
99.6413222104311,110.84363275021315,0.0,0.0
102.14659960567951,119.38532166928053,0.0,0.0
106.65482820570469,122.93004029244184,0.0,0.0
116.67940677702427,125.30620389431715,0.0,0.0
127.93578089773655,127.03030490130186,0.0,0.0
139.44242300093174,130.25332205742598,0.0,0.0
148.85868610441685,136.10854559391737,0.0,0.0
154.63807405531406,144.68830221146345,0.0,0.0
156.524930909276,155.11963241547346,0.0,0.0
154.66339276731014,164.37665217369795,0.0,0.0
151.63404451310635,169.65147130936384,0.0,0.0
144.00200353562832,174.2915668413043,0.0,0.0
135.04718290269375,175.5788617655635,0.0,0.0
126.16297052800655,170.90006314963102,0.0,0.0
120.25568054616451,161.9833507463336,0.0,0.0
118.27413873374462,153.2039453908801,0.0,0.0
119.94461999833584,142.83798717707396,0.0,0.0
122.92124943435192,131.3494064733386,0.0,0.0
127.66010867059231,117.11604618281126,0.0,0.0
131.12068639695644,105.80574893206358,0.0,0.0
132.64475183188915,97.35339247435331,0.0,0.0
132.058879673481,93.66811000555754,0.0,0.0
130.41657516360283,90.1007481738925,0.0,0.0
127.22287485003471,87.55696081370115,0.0,0.0
123.97034892439842,86.22282245010138,0.0,0.0
119.59749439358711,84.67155792564154,0.0,1.0
