x,y,hover,eod
134.7702792286873,94.81132408976555,0.0,0.0
134.70086422748864,93.65890747308731,0.0,0.0
134.37784829176962,92.89524933695793,0.0,0.0
133.30008664168417,91.39109855890274,0.0,0.0
131.7496555391699,88.86171853542328,0.0,0.0
129.74497237242758,87.43894076347351,0.0,0.0
126.89516314305365,85.23445522785187,0.0,0.0
124.88820978440344,84.02878372371197,0.0,0.0
122.35673048533499,83.70633034408092,0.0,0.0
119.56862607039511,85.1429866105318,0.0,0.0
116.9958791974932,87.75144739449024,0.0,0.0
114.2972416523844,91.35504437983036,0.0,0.0
112.281838292256,98.56391026079655,0.0,0.0
112.46410173363984,103.38825179636478,0.0,0.0
113.75089225359261,106.89765138924122,0.0,0.0
117.08134946413338,110.28838409483433,0.0,0.0
122.56855723448098,114.02678920328617,0.0,0.0
131.87056896276772,118.48711921274662,0.0,0.0
139.61913940496743,123.39606358110905,0.0,0.0
145.18970963545144,128.30650909245014,0.0,0.0
148.79097220487893,133.80171938240528,0.0,0.0
150.69470551796257,139.8848776370287,0.0,0.0
151.87919509597123,149.33214171230793,0.0,0.0
151.27046276815236,156.14557249844074,0.0,0.0
148.82342820055783,161.54672665894032,0.0,0.0
145.0914726126939,166.29484517872334,0.0,0.0
140.87925617583096,169.6601547151804,0.0,0.0
131.93427209742367,174.19282807409763,0.0,0.0
122.10644607432187,174.58073826879263,0.0,0.0
113.58987514860928,172.73509802669287,0.0,0.0
108.1963271368295,168.8624975308776,0.0,0.0
105.5991989839822,163.80499931424856,0.0,0.0
104.89858728833497,154.1751012429595,0.0,0.0
107.64596504159272,146.12385126203299,0.0,0.0
112.57894110865891,137.8569790944457,0.0,0.0
118.91188097186387,129.8324635848403,0.0,0.0
127.4649287480861,120.59576424211264,0.0,0.0
135.5598319787532,112.8626582249999,0.0,0.0
139.5571128744632,108.00077202171087,0.0,0.0
141.73651826567948,103.75717433542013,0.0,0.0
143.7731195706874,98.75533434003592,0.0,0.0
144.59478457458317,95.2762878164649,0.0,0.0
145.21244493313134,91.65735038369894,0.0,0.0
144.67331339605153,88.62632872909307,0.0,0.0
143.73146531172097,86.50368901342154,0.0,0.0
141.4624581951648,84.54199226945639,0.0,0.0
139.2792370636016,83.65365030616522,0.0,0.0
136.6468080598861,82.99464682489634,0.0,1.0
