x,y,hover,eod
135.78880977630615,93.13891983032227,0.0,0.0
134.7977256476879,90.27396208047867,0.0,0.0
131.4371895492077,87.5537416934967,0.0,0.0
126.57350119948387,86.5591344833374,0.0,0.0
121.41532179713249,85.63092692196369,0.0,0.0
116.43025186657906,86.53640812635422,0.0,0.0
109.7836050093174,91.162073969841,0.0,0.0
105.39311435818672,95.9569684267044,0.0,0.0
103.1338759958744,102.37940526008606,0.0,0.0
103.29444357007742,107.93597614765167,0.0,0.0
106.98269971460104,114.33952963352203,0.0,0.0
112.74968811124563,119.0226019024849,0.0,0.0
122.72738464921713,124.8251331448555,0.0,0.0
132.07408138364553,130.65591341257095,0.0,0.0
139.21592780202627,135.65877920389175,0.0,0.0
144.9176765307784,138.7237543463707,0.0,0.0
150.38128861039877,142.19174718856812,0.0,0.0
153.83441456407309,148.94167518615723,0.0,0.0
153.61219250410795,156.83364486694336,0.0,0.0
151.7502027079463,160.62322473526,0.0,0.0
147.29165964573622,166.1253491640091,0.0,0.0
140.83470099419355,170.19186145067215,0.0,0.0
133.124478392303,171.24653986096382,0.0,0.0
126.94056802242994,168.86899626255035,0.0,0.0
122.90045373886824,165.40430462360382,0.0,0.0
119.53700267523527,156.98821580410004,0.0,0.0
118.44478056579828,150.41296100616455,0.0,0.0
119.32554379850626,144.42809200286865,0.0,0.0
122.20284775644541,136.96962332725525,0.0,0.0
125.5549882426858,130.86452162265778,0.0,0.0
129.88987878710032,124.19683313369751,0.0,0.0
134.2160029783845,116.93056201934814,0.0,0.0
137.81284675747156,111.19688248634338,0.0,0.0
141.0568769350648,105.05287742614746,0.0,0.0
142.79480919986963,101.37209630012512,0.0,0.0
143.25119291245937,97.88694655895233,0.0,0.0
143.75575714558363,95.5158813893795,0.0,0.0
143.99674038216472,92.95383504033089,0.0,1.0
