x,y,hover,eod
143.29572093486786,97.41735970973969,0.0,0.0
144.57139280438423,93.93572783470154,0.0,0.0
143.71375028789043,91.86558789014816,0.0,0.0
141.6869034320116,90.11215975880623,0.0,0.0
133.62479884922504,87.74146324396133,0.0,0.0
121.81589086353779,89.00999358296394,0.0,0.0
112.51501043140888,93.9340885579586,0.0,0.0
107.6007681041956,98.04404041171074,0.0,0.0
106.42529201507568,102.47165194153786,0.0,0.0
111.4491845369339,110.2942626774311,0.0,0.0
122.40411174297333,121.8392234146595,0.0,0.0
130.72864484786987,131.44678762555122,0.0,0.0
134.76807874441147,142.45254209637642,0.0,0.0
133.34915128350258,153.79836848378181,0.0,0.0
128.06977835297585,162.08281031250954,0.0,0.0
121.06354442238808,167.98612466454506,0.0,0.0
112.94493702054024,168.58546471595764,0.0,0.0
105.23520973324776,163.39446699619293,0.0,0.0
102.02714172005653,153.99071073532104,0.0,0.0
103.60529673099518,143.74705290794373,0.0,0.0
109.57340967655182,135.12047028541565,0.0,0.0
122.03477394580841,125.36576545238495,0.0,0.0
134.76987850666046,116.18299460411072,0.0,0.0
145.50453078746796,108.88758516311646,0.0,0.0
151.55455482006073,104.41552942991257,0.0,0.0
154.26598173379898,101.33310562372208,0.0,0.0
154.97773033380508,99.0765175819397,0.0,0.0
153.85781478881836,97.43528044223785,0.0,0.0
151.57905918359756,95.33113634586334,0.0,0.0
148.363967359066,92.90242648124695,0.0,0.0
144.58021891117096,90.961027354002,0.0,1.0
