x,y,hover,eod
143.75232711434364,90.6828528046608,0.0,0.0
142.79653072357178,87.54381948709488,0.0,0.0
141.26371204853058,84.40279269218445,0.0,0.0
139.70641165971756,83.0232665836811,0.0,0.0
136.65284156799316,82.18793445825577,0.0,0.0
132.70140916109085,82.34194291383028,0.0,0.0
125.42476087808609,87.1642870977521,0.0,0.0
117.24041849374771,95.61499787122011,0.0,0.0
113.14702540636063,103.39157534390688,0.0,0.0
113.04193018004298,107.8458215072751,0.0,0.0
116.25090954825282,112.44980824738741,0.0,0.0
124.38261924311519,119.10558117181063,0.0,0.0
133.39965937659144,125.14508856087923,0.0,0.0
142.55318878218532,132.50687313824892,0.0,0.0
147.6135808043182,138.06672108918428,0.0,0.0
150.09071690961719,145.76383007317781,0.0,0.0
148.74694971367717,155.99241150170565,0.0,0.0
144.3019419722259,164.58827508240938,0.0,0.0
136.891229134053,171.16580260545015,0.0,0.0
129.40450785681605,174.48351157456636,0.0,0.0
120.16811249777675,174.60374827124178,0.0,0.0
112.19572959467769,170.5189001057297,0.0,0.0
108.38619707152247,162.33037407137454,0.0,0.0
107.87149934098125,153.65992839075625,0.0,0.0
110.19241271540523,145.8982353899628,0.0,0.0
116.34484885260463,136.51037389971316,0.0,0.0
125.67331610247493,126.94684679247439,0.0,0.0
135.6847101263702,116.79078514315188,0.0,0.0
143.41838954016566,108.66734738089144,0.0,0.0
147.5332680158317,103.1409304831177,0.0,0.0
148.85231448337436,99.7674762699753,0.0,0.0
148.8020203076303,95.40060664154589,0.0,0.0
147.376956846565,90.83220119215548,0.0,0.0
146.0533850453794,85.61161572672427,0.0,1.0
