x,y,hover,eod
141.56432339549065,88.03843533992767,0.0,0.0
139.62631741166115,85.01962965726852,0.0,0.0
137.499715924263,82.17446303367615,0.0,0.0
134.69473505020142,79.91207188367844,0.0,0.0
130.92886292934418,79.23745205998421,0.0,0.0
125.86170756816864,78.59925067424774,0.0,0.0
119.63677430152893,81.77644467353821,0.0,0.0
110.94484114646912,91.34717977046967,0.0,0.0
104.86469769477844,102.02758467197418,0.0,0.0
103.76439356803894,107.9070154428482,0.0,0.0
105.41511619091034,111.70871084928513,0.0,0.0
109.84855109453201,115.3327659368515,0.0,0.0
120.1755159497261,120.76026773452759,0.0,0.0
131.01095014810562,127.49866163730621,0.0,0.0
140.92062824964523,135.22207355499268,0.0,0.0
148.60990458726883,141.89137732982635,0.0,0.0
152.78010779619217,148.44750440120697,0.0,0.0
153.6962870657444,155.2855405807495,0.0,0.0
151.26144716143608,163.49179601669312,0.0,0.0
146.90561273694038,170.25852835178375,0.0,0.0
143.45940092206,173.454192340374,0.0,0.0
137.19584861397743,176.7898771762848,0.0,0.0
129.7579828798771,177.6809507459402,0.0,0.0
124.28648093342781,173.80108503997326,0.0,0.0
120.09906330704689,164.86140458285809,0.0,0.0
119.46289227902889,156.49254469573498,0.0,0.0
120.46284833550453,148.04200975596905,0.0,0.0
123.48073789477348,140.48904566466808,0.0,0.0
128.0048597753048,131.99782340228558,0.0,0.0
132.65507051348686,123.81425707042217,0.0,0.0
136.39524379372597,116.96739582717419,0.0,0.0
138.6198135614395,112.39038346707821,0.0,0.0
139.83537444472313,108.59553991258144,0.0,0.0
140.4872583001852,104.21738056838512,0.0,0.0
141.38262221217155,100.97830204665661,0.0,0.0
142.27958315610886,97.83801166713238,0.0,0.0
142.97534795105457,94.96598540246487,0.0,1.0
