x,y,hover,eod
134.59803360700607,88.92416781187057,0.0,0.0
131.2810339331627,86.73972806334496,0.0,0.0
128.64569234848022,85.27949294447899,0.0,0.0
125.38991528749466,83.078877389431,0.0,0.0
121.09485286474228,82.14757008850574,0.0,0.0
115.8159287571907,83.10403196513653,0.0,0.0
110.5610300898552,84.48278172314167,0.0,0.0
105.88093209266663,88.44235791265965,0.0,0.0
100.66817092895508,97.4850340038538,0.0,0.0
100.42933623492718,106.72619892656803,0.0,0.0
102.87464688718319,113.9262874275446,0.0,0.0
106.93196396529675,119.02860774099827,0.0,0.0
113.53919665515423,123.18331851065159,0.0,0.0
123.55411569774151,127.06582261621952,0.0,0.0
133.72171084582806,132.18732132017612,0.0,0.0
143.26471965014935,137.3121447712183,0.0,0.0
149.97409741580486,141.77083446085453,0.0,0.0
152.95743982493877,144.9913583546877,0.0,0.0
155.7003138512373,151.6831008940935,0.0,0.0
154.89506597816944,160.08664293587208,0.0,0.0
149.64230175316334,167.51500530540943,0.0,0.0
143.29864795506,172.13206960260868,0.0,0.0
135.9109437018633,174.86497862637043,0.0,0.0
126.2222981005907,172.97038657963276,0.0,0.0
119.71305783092976,166.39058096706867,0.0,0.0
116.39596189558506,157.5946102887392,0.0,0.0
115.76002325117588,149.5366303473711,0.0,0.0
116.75297494232655,141.73425002396107,0.0,0.0
121.30740429461002,130.0149087458849,0.0,0.0
126.061278834939,118.6308686286211,0.0,0.0
129.8049819022417,109.10888774693012,0.0,0.0
131.51594991981983,101.89577920734882,0.0,0.0
132.3163387477398,98.36395873129368,0.0,0.0
132.4589003548026,93.80321218073368,0.0,0.0
132.47927043307573,90.13304783403873,0.0,0.0
132.96863406617194,87.16697259247303,0.0,0.0
133.19965598825365,85.22301851212978,0.0,1.0
