x,y,hover,eod
144.449748814106,79.98663711547852,0.0,0.0
142.0856827199459,77.01573032140732,0.0,0.0
139.30471774935722,74.12760245800018,0.0,0.0
135.25290247797966,72.66813385486603,0.0,0.0
130.7228687107563,72.10224851220846,0.0,0.0
123.5308590233326,74.60730805248022,0.0,0.0
114.23400965332985,79.37726839631796,0.0,0.0
108.23184695839882,85.83450242131948,0.0,0.0
104.53997907042503,93.68462904542685,0.0,0.0
102.76139599084854,103.07314320653677,0.0,0.0
104.97952830791473,108.93258675187826,0.0,0.0
109.23044216632843,113.22003199905157,0.0,0.0
119.76727020740509,118.13873632997274,0.0,0.0
129.26087629795074,122.95657917112112,0.0,0.0
139.1623319387436,132.14492543786764,0.0,0.0
146.5231807231903,140.3235511407256,0.0,0.0
151.7624373435974,147.06938191503286,0.0,0.0
153.84351220726967,154.52911599725485,0.0,0.0
153.93978236988187,161.30491598695517,0.0,0.0
149.94713782146573,171.27436324208975,0.0,0.0
143.57503174617887,179.26290436834097,0.0,0.0
136.40889643505216,184.16636510938406,0.0,0.0
129.2970657236874,185.7944691106677,0.0,0.0
120.9600388891995,185.24067110568285,0.0,0.0
113.63224564865232,178.0198008492589,0.0,0.0
110.53610830381513,167.11453027278185,0.0,0.0
110.89087745919824,156.3841385319829,0.0,0.0
112.91881984844804,147.68906421214342,0.0,0.0
117.33055478706956,138.66024918109179,0.0,0.0
124.44904214516282,128.61208743602037,0.0,0.0
133.15396255627275,118.6204541400075,0.0,0.0
141.29275089874864,109.37923676520586,0.0,0.0
146.01588732376695,103.42354542762041,0.0,0.0
148.41927221789956,99.06111127883196,0.0,0.0
150.3713578619063,94.38057518750429,0.0,0.0
150.81440008059144,90.36589837819338,0.0,0.0
150.44578513875604,86.32284349948168,0.0,0.0
149.42172697559,81.9515321329236,0.0,0.0
147.32044315710664,77.2025013640523,0.0,1.0
