x,y,hover,eod
132.23587715625763,86.25321888923645,0.0,0.0
130.64024248719215,83.62273716926575,0.0,0.0
128.4161044061184,81.70108491182327,0.0,0.0
125.87619671225548,80.04042306542397,0.0,0.0
122.96362319588661,79.51420144736767,0.0,0.0
118.09903660416603,79.84802649915218,0.0,0.0
112.65866675972939,83.15171556174755,0.0,0.0
104.26342585682869,93.82603244483471,0.0,0.0
100.4369286596775,102.05724017322063,0.0,0.0
98.95582714676857,109.48948757350445,0.0,0.0
99.91147691011429,113.05525885522366,0.0,0.0
103.27539080381393,116.69829355180264,0.0,0.0
113.56253260374069,122.70093546807766,0.0,0.0
123.51576679944992,126.04003743827343,0.0,0.0
134.02426594495773,129.11623315513134,0.0,0.0
143.05054360628128,131.55968175828457,0.0,0.0
150.14784449338913,134.5683969706297,0.0,0.0
156.05129474401474,141.04738669097424,0.0,0.0
159.0236839056015,150.2422477453947,0.0,0.0
158.12973284721375,158.76300232112408,0.0,0.0
154.5404943227768,166.3661857098341,0.0,0.0
148.68420565128326,173.14768151938915,0.0,0.0
140.12370014190674,177.84853176772594,0.0,0.0
133.32028114795685,178.35577303171158,0.0,0.0
126.73108184337616,172.66049617528915,0.0,0.0
122.99150788784027,163.81754332780838,0.0,0.0
121.65634968876839,156.04271227121353,0.0,0.0
122.05105496197939,145.27979308366776,0.0,0.0
126.28141743689775,133.31746274232864,0.0,0.0
130.9303821399808,119.98097711801529,0.0,0.0
135.31937433034182,109.80155164003372,0.0,0.0
138.27281487733126,103.11506086587906,0.0,0.0
139.88859785348177,99.45524835586548,0.0,0.0
140.02806078270078,96.65692859888077,0.0,0.0
140.15885286591947,94.29267758131027,0.0,0.0
139.19107452593744,91.85051822662354,0.0,0.0
138.26218493841588,89.94886243343353,0.0,1.0
