x,y,hover,eod
120.4819466471672,79.5536270737648,0.0,0.0
118.07426053285599,79.12300504744053,0.0,0.0
115.06678807735443,79.01115700602531,0.0,0.0
112.15224939584732,79.92167949676514,0.0,0.0
108.00677555799484,83.92014354467392,0.0,0.0
104.08657568693161,92.28483647108078,0.0,0.0
101.22504848241806,100.52006751298904,0.0,0.0
100.82628774642944,107.15648382902145,0.0,0.0
102.21122804284096,111.11309111118317,0.0,0.0
106.17876443266869,115.64253628253937,0.0,0.0
115.20185622572899,120.0507727265358,0.0,0.0
125.18799456954002,123.22996228933334,0.0,0.0
136.486959785223,126.05852633714676,0.0,0.0
145.68951281905174,128.51901352405548,0.0,0.0
151.69679793715477,132.17167049646378,0.0,0.0
156.5878922045231,140.12571901082993,0.0,0.0
156.89461755752563,148.61268132925034,0.0,0.0
153.5376559495926,158.84101122617722,0.0,0.0
149.06732428073883,167.06746190786362,0.0,0.0
142.5277214050293,173.84097427129745,0.0,0.0
134.66840970516205,177.14343696832657,0.0,0.0
126.51875007152557,175.79138293862343,0.0,0.0
119.20340406894684,168.9491732418537,0.0,0.0
114.77843779325485,160.10175243020058,0.0,0.0
113.72467714548111,151.26435175538063,0.0,0.0
116.16216722130775,139.71376076340675,0.0,0.0
120.16062024235725,128.05758014321327,0.0,0.0
125.2715611755848,114.76225271821022,0.0,0.0
129.8688841164112,103.87550368905067,0.0,0.0
133.12385174632072,94.22918811440468,0.0,0.0
134.01906709372997,88.97522583603859,0.0,0.0
132.97034564614296,86.00908353924751,0.0,0.0
130.2253294289112,83.34910526871681,0.0,0.0
125.74082317948341,81.19665637612343,0.0,0.0
120.88341924548149,79.52351063489914,0.0,1.0
