x,y,hover,eod
144.869848549366,83.86190325021744,0.0,0.0
143.8750904649496,82.78146035969257,0.0,0.0
143.6561076939106,81.61743260920048,0.0,0.0
141.9004044532776,81.45514700561762,0.0,0.0
139.89515280723572,80.34251000732183,0.0,0.0
137.80749207735062,79.72053088247776,0.0,0.0
135.52150598168373,79.70974422059953,0.0,0.0
132.62704184651375,80.34715875051916,0.0,0.0
129.08185651898384,81.86139612458646,0.0,0.0
125.87289234995842,84.84432517550886,0.0,0.0
123.11386397480965,89.2225259449333,0.0,0.0
121.693039894104,92.8189095761627,0.0,0.0
120.77925546467304,97.50052302144468,0.0,0.0
120.90228071808815,101.40160559676588,0.0,0.0
122.10385477542877,105.61012833379209,0.0,0.0
124.54222074151039,110.24037002585828,0.0,0.0
128.8397400677204,114.07827734015882,0.0,0.0
134.96006420254707,118.99946509860456,0.0,0.0
139.91059681773186,122.86333411000669,0.0,0.0
144.09856966137886,126.67647539637983,0.0,0.0
147.66717275977135,131.10229252837598,0.0,0.0
150.88294288516045,136.43159984610975,0.0,0.0
153.0580068230629,142.95428871177137,0.0,0.0
153.035829750821,148.41320752166212,0.0,0.0
152.3842378091067,154.75350259803236,0.0,0.0
149.57879589311779,160.08045910857618,0.0,0.0
146.93314151279628,164.19831215403974,0.0,0.0
143.75706003420055,167.6109731104225,0.0,0.0
139.65837852470577,170.8701658155769,0.0,0.0
131.25709907524288,174.92627738974988,0.0,0.0
122.02439145557582,176.9429127778858,0.0,0.0
113.96010951511562,176.2475078459829,0.0,0.0
108.3683641385287,172.75594404898584,0.0,0.0
105.66823230497539,167.7364920731634,0.0,0.0
104.75920082442462,160.15453330241144,0.0,0.0
107.2698497902602,152.1698199864477,0.0,0.0
111.32474542967975,142.44983366690576,0.0,0.0
116.72345460765064,135.63529244624078,0.0,0.0
122.02165128104389,130.25937012396753,0.0,0.0
126.55647845380008,126.63758686743677,0.0,0.0
134.16956873051822,120.93774131499231,0.0,0.0
141.67949409596622,115.30192903243005,0.0,0.0
145.88524968735874,111.94490126334131,0.0,0.0
149.12980527989566,109.31748083792627,0.0,0.0
151.27534331195056,106.50301060639322,0.0,0.0
151.4741815570742,103.66768560372293,0.0,0.0
150.64397811330855,100.86104921065271,0.0,0.0
148.4410765711218,96.88023201189935,0.0,0.0
147.35715671814978,93.63297364674509,0.0,0.0
146.279303425923,91.63219711743295,0.0,0.0
144.7933869007975,90.13957760296762,0.0,1.0
