x,y,hover,eod
132.66175711154938,83.887072712183,0.0,0.0
131.48905688524246,81.79514101147652,0.0,0.0
130.555013358593,79.83864268660545,0.0,0.0
128.49963748455048,77.88031896948814,0.0,0.0
124.25781750679016,76.96460565924644,0.0,0.0
118.90834653377533,76.37556290626526,0.0,0.0
110.35049283504486,79.7978383898735,0.0,0.0
103.42542791366577,85.5922264456749,0.0,0.0
98.59074378013611,92.29231542348862,0.0,0.0
97.90418343245983,99.95466059446335,0.0,0.0
98.43376872688532,109.06059807538986,0.0,0.0
102.72299376875162,116.74880987405777,0.0,0.0
109.22160653024912,122.29752784967422,0.0,0.0
119.13575855642557,126.50459146499634,0.0,0.0
128.79474011808634,129.17827582359314,0.0,0.0
139.91255608946085,132.57675445079803,0.0,0.0
148.64049939066172,136.38084715604782,0.0,0.0
154.04140082746744,140.36663210391998,0.0,0.0
158.18727461248636,146.91777503490448,0.0,0.0
159.59034798294306,152.1619257926941,0.0,0.0
158.74637400358915,159.508078455925,0.0,0.0
155.20841722935438,167.05881929397583,0.0,0.0
147.92560940235853,174.30934166908264,0.0,0.0
139.65321903675795,179.34186851978302,0.0,0.0
131.30464559048414,181.47316804528236,0.0,0.0
122.17510407418013,180.32630822062492,0.0,0.0
116.16660778969526,175.54221859574318,0.0,0.0
112.2754011079669,167.66081622242928,0.0,0.0
111.43414845317602,158.61696711182594,0.0,0.0
112.7660513445735,149.75363543629646,0.0,0.0
117.41257106512785,138.49445393681526,0.0,0.0
123.49206244200468,128.45829537510872,0.0,0.0
130.31757747381926,117.80596187710762,0.0,0.0
135.8270630761981,109.10206726193428,0.0,0.0
138.9173517152667,103.49626770615578,0.0,0.0
140.72248180955648,99.74932929873466,0.0,0.0
140.39670491218567,95.23347875475883,0.0,0.0
139.39519011974335,90.08269628882408,0.0,0.0
136.67591655254364,82.99652120471,0.0,0.0
135.0364605486393,79.70710030198097,0.0,1.0
