x,y,hover,eod
135.42625558376312,81.435875415802,0.0,0.0
134.04285368323326,80.95801961421967,0.0,0.0
132.35605937242508,79.751744389534,0.0,0.0
129.8195184469223,79.28047661483288,0.0,0.0
126.28666740655899,79.87360742688179,0.0,0.0
122.47270476818085,79.94742241501808,0.0,0.0
117.80355316400528,82.33481076359749,0.0,0.0
112.48507958650589,86.09160479903221,0.0,0.0
108.62095248699188,89.93318375945091,0.0,0.0
106.26956459879875,94.90830537676811,0.0,0.0
104.56746396422386,99.20573529601097,0.0,0.0
105.17824933677912,104.00890764594078,0.0,0.0
109.5778952613473,109.19242379069328,0.0,0.0
118.31272826343775,117.63823446631432,0.0,0.0
125.14238402992487,122.85124537348747,0.0,0.0
131.15928933769464,127.16874179244041,0.0,0.0
139.78419885784388,130.74472990632057,0.0,0.0
146.16624758392572,134.36572489142418,0.0,0.0
149.98551980406046,137.7406009733677,0.0,0.0
153.17625627666712,145.7729962170124,0.0,0.0
152.84200635552406,153.7622222006321,0.0,0.0
149.90604159235954,161.63581040501595,0.0,0.0
144.9161362349987,168.15889325737953,0.0,0.0
139.0289222896099,172.6268049776554,0.0,0.0
131.34695348143578,176.51035931706429,0.0,0.0
122.449188798666,177.064913071692,0.0,0.0
114.23549529910088,174.10485104471445,0.0,0.0
108.79804012179375,167.92438582330942,0.0,0.0
105.84997680783272,160.69450334459543,0.0,0.0
105.81802304647863,153.25757817178965,0.0,0.0
107.88600574992597,145.79743997007608,0.0,0.0
113.91768704913557,134.81934563070536,0.0,0.0
120.67479561828077,125.81649795919657,0.0,0.0
127.64423381350935,117.6480873003602,0.0,0.0
133.4485007431358,110.90272561460733,0.0,0.0
138.18727206252515,104.74281267076731,0.0,0.0
141.1367423441261,99.90640238672495,0.0,0.0
142.1174199488014,96.89508781582117,0.0,0.0
142.29324221424758,93.53969172388315,0.0,0.0
141.2749026697129,89.99518678337336,0.0,0.0
139.3791830521077,86.44707278162241,0.0,0.0
137.23064511828125,84.28963140398264,0.0,1.0
