x,y,hover,eod
153.50780281424522,79.9429497718811,0.0,0.0
154.10724173486233,78.90734000504017,0.0,0.0
154.4068598113954,77.20941542088985,0.0,0.0
152.46745490655303,76.23471511900425,0.0,0.0
149.7899022065103,74.7511720508337,0.0,0.0
142.60082745179534,73.85851709544659,0.0,0.0
135.66899621114135,73.83969039097428,0.0,0.0
125.94352566823363,76.20700449123979,0.0,0.0
118.31467830762267,78.38819489255548,0.0,0.0
110.68400287255645,83.0108307339251,0.0,0.0
104.91584205254912,91.15438625589013,0.0,0.0
102.04395019635558,101.35834500566125,0.0,0.0
101.99810697883368,107.92750403657556,0.0,0.0
103.91532599180937,110.92633501067758,0.0,0.0
110.23436366766691,113.58722433820367,0.0,0.0
121.51482402533293,111.41098425164819,0.0,0.0
133.25344740599394,105.44275269284844,0.0,0.0
142.8397321626544,98.59484836831689,0.0,0.0
148.5237616226077,92.64898106828332,0.0,0.0
150.7265153452754,87.92356029525399,0.0,0.0
151.12708262354136,85.85191160812974,0.0,0.0
150.98332313075662,84.64570872858167,0.0,0.0
151.09538977220654,84.87858225032687,0.0,0.0
151.11248377431184,85.35589438304305,0.0,0.0
150.1240022080019,87.68703442439437,0.0,0.0
148.77913396526128,92.75090556964278,0.0,0.0
145.95362048316747,101.64974432811141,0.0,0.0
143.60017191339284,112.74688106402755,0.0,0.0
140.98046045470983,124.98207670077682,0.0,0.0
138.03006779123098,137.09348779544234,0.0,0.0
136.42722706962377,146.35152798518538,0.0,0.0
134.35710664559156,158.46630316600204,0.0,0.0
132.34231259394437,167.76472609862685,0.0,0.0
130.65479617286474,175.73733907565475,0.0,0.0
129.82189330924302,179.84165262803435,0.0,0.0
129.39003217685968,182.22994473204017,0.0,0.0
129.2651462526992,182.70672638341784,0.0,0.0
129.38143247459084,182.11298704519868,0.0,0.0
129.40073440037668,180.62078297510743,0.0,0.0
129.78629926405847,174.92689073458314,0.0,1.0
