x,y,hover,eod
143.60431706905365,73.9259692132473,0.0,0.0
141.212362408638,71.86915642023087,0.0,0.0
138.74126544594765,70.26457867026329,0.0,0.0
135.15650859475136,69.07712703943253,0.0,0.0
123.92566910386086,72.03273063898087,0.0,0.0
115.98286679387093,77.30514472723007,0.0,0.0
109.30020144581795,84.78736764192581,0.0,0.0
104.35058584809303,96.63611894845963,0.0,0.0
105.00589875876904,107.57259970903397,0.0,0.0
110.1261737793684,116.48988372087479,0.0,0.0
118.54137270152569,119.97350490093231,0.0,0.0
129.7617027014494,116.21871149539948,0.0,0.0
139.01696054637432,107.5683251619339,0.0,0.0
146.46522490680218,97.45963132381439,0.0,0.0
148.62738414108753,87.07395112514496,0.0,0.0
148.1881439164281,79.35952877998352,0.0,0.0
147.8074244633317,76.03815442323685,0.0,0.0
147.71892177313566,75.93881899863482,0.0,0.0
147.82196019217372,76.48471741378307,0.0,0.0
147.51093309745193,83.9984813183546,0.0,0.0
147.48187508806586,100.45883445441723,0.0,0.0
148.2623155079782,120.87600736320019,0.0,0.0
149.56397768482566,140.51060704886913,0.0,0.0
150.7558586858213,159.33041958510876,0.0,0.0
152.28230219706893,174.06311897933483,0.0,0.0
152.91584652289748,184.5069554299116,0.0,0.0
152.41419304534793,187.80593483150005,0.0,0.0
152.1212069541216,187.75048630684614,0.0,0.0
151.62402412295341,185.2283622547984,0.0,1.0
