x,y,hover,eod
146.0606827735901,99.68095964193344,0.0,0.0
138.9222356081009,103.92483508586884,0.0,0.0
124.04658997058868,107.14860355854034,0.0,0.0
110.05450570583344,107.03121946565807,0.0,0.0
100.7421305179596,101.39010713808239,0.0,0.0
98.75463062524796,92.81765566579998,0.0,0.0
102.30739855766296,82.08648429624736,0.0,0.0
114.55893063545227,72.26686642877758,0.0,0.0
128.49222564697266,67.72244439832866,0.0,0.0
143.2442226409912,70.34471677057445,0.0,0.0
154.4179573059082,83.06059168092906,0.0,0.0
157.91500115394592,104.32847307436168,0.0,0.0
155.25321239233017,133.53233621828258,0.0,0.0
147.96675556898117,158.64892290346324,0.0,0.0
141.17794090509415,177.18299673311412,0.0,0.0
137.00277590751648,187.4266116451472,0.0,0.0
136.11313173174858,189.83753846399486,0.0,0.0
135.9753221794963,189.43698925338686,0.0,0.0
136.2002604790032,187.05358487926424,0.0,1.0
