x,y,hover,eod
142.8314669430256,107.86299645900726,0.0,0.0
140.558073669672,110.88305234909058,0.0,0.0
136.46296843886375,115.01992613077164,0.0,0.0
128.15493866801262,119.85560327768326,0.0,0.0
121.78548619151115,120.75300022959709,0.0,0.0
115.94075247645378,119.53615933656693,0.0,0.0
109.27239403128624,113.53972941637039,0.0,0.0
105.57572826743126,101.60741597414017,0.0,0.0
108.02022367715836,90.55382162332535,0.0,0.0
113.24187010526657,82.72289961576462,0.0,0.0
118.3407810330391,77.83162623643875,0.0,0.0
126.03319078683853,74.8817303776741,0.0,0.0
134.35721546411514,75.91799892485142,0.0,0.0
142.03497141599655,84.5010308176279,0.0,0.0
148.45769375562668,99.46332849562168,0.0,0.0
151.44203782081604,116.1283341795206,0.0,0.0
150.31046152114868,134.55791272222996,0.0,0.0
147.00385183095932,152.3131886869669,0.0,0.0
142.52029329538345,167.74225033819675,0.0,0.0
139.53516632318497,177.82132305204868,0.0,0.0
137.67708376049995,182.97508157789707,0.0,1.0
