x,y,hover,eod
142.87572133541107,87.83359602093697,0.0,0.0
142.78887028992176,85.8259665966034,0.0,0.0
140.8474836796522,82.89046883583069,0.0,0.0
138.42972721159458,80.12434482574463,0.0,0.0
134.7264298349619,77.35579878091812,0.0,0.0
129.7676029354334,75.63509806990623,0.0,0.0
121.66372622549534,75.93957915902138,0.0,0.0
113.3803239017725,79.83493492007256,0.0,0.0
106.29632975161076,86.05745002627373,0.0,0.0
101.31124134361744,92.76580080389977,0.0,0.0
98.63271947205067,101.44620522856712,0.0,0.0
98.47591906040907,113.13302859663963,0.0,0.0
102.32321678847075,121.3800697028637,0.0,0.0
110.55734097212553,126.04797586798668,0.0,0.0
120.20507096499205,124.5617188513279,0.0,0.0
128.36862920969725,118.57193604111671,0.0,0.0
137.72280513495207,107.2419323027134,0.0,0.0
141.12508206814528,98.47236469388008,0.0,0.0
140.34894525259733,91.65374711155891,0.0,0.0
139.42150942236185,87.45622858405113,0.0,0.0
138.90386617928743,85.58277353644371,0.0,0.0
138.8431995799765,85.89140262454748,0.0,0.0
139.04926293250173,86.72258209437132,0.0,0.0
140.4045563256368,91.83662246912718,0.0,0.0
142.63139762636274,102.35851716250181,0.0,0.0
145.61090447660536,114.11574076861143,0.0,0.0
148.7906370377168,129.94882177561522,0.0,0.0
152.84709878917783,146.93067979067564,0.0,0.0
155.8240813827142,160.36080192774534,0.0,0.0
157.93177717085928,171.3597161695361,0.0,0.0
158.25485725607723,177.17026721686125,0.0,0.0
158.62276074197143,180.49613934010267,0.0,0.0
157.85166714992374,182.02182408422232,0.0,0.0
157.5741719333455,181.70648615807295,0.0,0.0
156.93031406681985,177.14263629168272,0.0,1.0
