x,y,hover,eod
140.1030039191246,111.25841128826141,0.0,0.0
130.97491973638535,115.22986727952957,0.0,0.0
122.35520774126053,115.66790479421616,0.0,0.0
116.37775057554245,112.98441606760025,0.0,0.0
109.60290068387985,103.75831145048141,0.0,0.0
107.59299004077911,92.14615124464035,0.0,0.0
110.72106802463531,81.95822256803513,0.0,0.0
119.51938652992249,73.88288694620132,0.0,0.0
130.1022126674652,70.08119928836823,0.0,0.0
140.6951084136963,73.52817046642303,0.0,0.0
147.0268895626068,87.43646609783173,0.0,0.0
149.31814724206924,108.72513043880463,0.0,0.0
147.91014337539673,138.46513736248016,0.0,0.0
144.16521483659744,159.90045297145844,0.0,0.0
139.90804994106293,175.3307830095291,0.0,0.0
137.67920324206352,183.90828657150269,0.0,0.0
136.19665244221687,186.2542371749878,0.0,0.0
135.46677657961845,186.60276602208614,0.0,0.0
134.76367616653442,185.79635272920132,0.0,0.0
134.10349959135056,181.90094004571438,0.0,1.0
