x,y,hover,eod
146.07662963867188,118.23228856921196,0.0,0.0
144.05511486530304,120.37637761235237,0.0,0.0
140.88345366716385,122.48845553398132,0.0,0.0
129.42869502305984,125.93268728256226,0.0,0.0
118.55344492197037,126.50033852458,0.0,0.0
110.83933907747269,123.8438152372837,0.0,0.0
102.89647179841995,115.9756683409214,0.0,0.0
99.33565574884415,107.06628134846687,0.0,0.0
100.52614334225655,94.74716117978096,0.0,0.0
107.26606431603432,83.35485270619392,0.0,0.0
117.11526337265968,72.73616722226143,0.0,0.0
128.2275611460209,64.76630321145058,0.0,0.0
136.6649025976658,62.42602413892746,0.0,0.0
141.39644715189934,62.9751363247633,0.0,0.0
148.02094075083733,69.87918703258038,0.0,0.0
153.3264032304287,82.55511848628521,0.0,0.0
156.93879905343056,98.72373907268047,0.0,0.0
157.63700272142887,116.50061337649822,0.0,0.0
156.88274624943733,132.77178375422955,0.0,0.0
153.13186410069466,153.17074625194073,0.0,0.0
148.9442262351513,168.28907339274883,0.0,0.0
144.84402957558632,178.4158751219511,0.0,0.0
141.8259969651699,185.57578890025616,0.0,0.0
139.42036318778992,190.3308474868536,0.0,0.0
137.19897213578224,193.62388490140438,0.0,0.0
136.1270769238472,194.45966815948486,0.0,0.0
135.70920377224684,194.21477657184005,0.0,0.0
135.3866245150566,193.85282222554088,0.0,1.0
