x,y,hover,eod
133.54217743873596,100.88611072301865,0.0,0.0
117.41971826553345,104.33897292613983,0.0,0.0
100.78768587112427,100.1240856051445,0.0,0.0
91.37588655948639,90.72777038812637,0.0,0.0
91.97757499665022,78.08946973085403,0.0,0.0
103.33349841088057,61.80580145120621,0.0,0.0
121.38798611611128,52.58543258905411,0.0,0.0
141.95899384468794,53.02431697398424,0.0,0.0
158.56850641220808,65.39637321978807,0.0,0.0
166.46598594635725,93.59620327502489,0.0,0.0
165.3558194860816,123.6258148625493,0.0,0.0
155.96382798999548,157.49498600512743,0.0,0.0
146.215686224401,180.9988665059209,0.0,0.0
135.77236237376928,198.7074183896184,0.0,0.0
130.49604239314795,204.76260716468096,0.0,0.0
129.0111811682582,205.18643288314342,0.0,0.0
128.89985810406506,203.8937081247568,0.0,1.0
