x,y,hover,eod
133.53465819358826,118.67012590169907,0.0,0.0
125.19939744472504,121.40601605176926,0.0,0.0
116.04883754253387,121.00207906216383,0.0,0.0
105.51379525661469,115.58217447251081,0.0,0.0
99.98598003387451,103.37912481278181,0.0,0.0
99.93407204374671,92.90852587670088,0.0,0.0
105.59010520204902,83.27490668743849,0.0,0.0
117.20584764704108,74.83337443321943,0.0,0.0
131.79904475435615,70.58840852230787,0.0,0.0
143.90982046350837,73.34162097424269,0.0,0.0
152.5816197656095,83.68973355740309,0.0,0.0
156.6192848943174,99.65869884938002,0.0,0.0
157.09315213933587,116.93310599774122,0.0,0.0
154.5662719346583,138.76985412091017,0.0,0.0
150.7320410348475,158.38070135563612,0.0,0.0
147.36816439405084,172.6421783491969,0.0,0.0
144.72091976180673,182.6938996836543,0.0,0.0
143.77652648463845,186.2643564864993,0.0,0.0
142.82102416828275,187.37235996872187,0.0,1.0
