x,y,hover,eod
153.33863162994385,109.73287582397461,0.0,0.0
143.67884719371796,118.58522772789001,0.0,0.0
133.08650934696198,123.6086654663086,0.0,0.0
119.10873138904572,126.10833495855331,0.0,0.0
106.36181914806366,126.60032838582993,0.0,0.0
97.85982990264893,122.27833718061447,0.0,0.0
92.94192636013031,112.34194666147232,0.0,0.0
95.74748212099075,99.90408807992935,0.0,0.0
104.14313906431198,86.83563143014908,0.0,0.0
117.6633226275444,75.77014476060867,0.0,0.0
131.6541766524315,72.19721555709839,0.0,0.0
144.5404457449913,76.51516556739807,0.0,0.0
154.35874098539352,91.25574350357056,0.0,0.0
159.85859686136246,112.9052472114563,0.0,0.0
163.5799970626831,140.55842876434326,0.0,0.0
164.17254129052162,161.34557008743286,0.0,0.0
162.98659028112888,176.31434798240662,0.0,0.0
162.3456075936556,183.1475591659546,0.0,0.0
161.78672695159912,185.42125642299652,0.0,0.0
160.78052358329296,185.60019616037607,0.0,1.0
