x,y,hover,eod
143.450809776783,75.95783439278603,0.0,0.0
140.75510895252228,74.973173558712,0.0,0.0
136.16974359750748,73.87569417059422,0.0,0.0
131.47846406698227,73.71325966715813,0.0,0.0
125.72573429346085,74.07177929580212,0.0,0.0
119.4349337220192,76.7536950558424,0.0,0.0
111.8403953909874,83.06529645621777,0.0,0.0
105.26279157400131,94.08848528563976,0.0,0.0
102.12708747386932,105.86029534041882,0.0,0.0
104.53679090738297,117.27744106948376,0.0,0.0
110.77651745080948,122.2534069865942,0.0,0.0
120.83360081911087,123.77404038608074,0.0,0.0
132.02013856172562,119.31810949742794,0.0,0.0
140.758782684803,111.63873408734798,0.0,0.0
146.52512496709824,101.16567705571651,0.0,0.0
147.96993589401245,92.33376418054104,0.0,0.0
147.5499410033226,83.78412340581417,0.0,0.0
146.98772712051868,79.25015841424465,0.0,0.0
146.57141240686178,78.51252642273903,0.0,0.0
146.77742291614413,79.11717013269663,0.0,0.0
146.70860733743757,80.17836534231901,0.0,0.0
147.49461006280035,88.66843842715025,0.0,0.0
148.93589343782514,99.58978318423033,0.0,0.0
150.05471270438284,115.93486212939024,0.0,0.0
150.9660306191072,131.53907679766417,0.0,0.0
152.05324996169657,146.912020675838,0.0,0.0
153.08123115357012,157.84029506891966,0.0,0.0
153.84122539218515,167.3566850349307,0.0,0.0
154.11964587774128,175.7124789878726,0.0,0.0
153.97874046023935,179.84013848751783,0.0,0.0
153.9978043725714,182.09198751300573,0.0,0.0
153.45201741810888,183.19737472385168,0.0,0.0
153.35912060830742,182.58522772043943,0.0,0.0
153.55876323673874,179.40016292780638,0.0,1.0
