x,y,hover,eod
150.40804579854012,84.82352039217949,0.0,0.0
150.93786045908928,83.728176638484,0.0,0.0
151.17367044091225,82.54668383300304,0.0,0.0
149.94703486561775,81.94992563128471,0.0,0.0
148.03568169474602,79.73229905962944,0.0,0.0
145.3944493830204,79.14064651727676,0.0,0.0
138.7850607931614,78.86035522818565,0.0,0.0
131.15177169442177,81.09112253785133,0.0,0.0
124.35099080204964,84.65666642785072,0.0,0.0
117.73309543728828,88.26911202073097,0.0,0.0
113.3609177172184,92.14551469683647,0.0,0.0
107.67057970166206,100.14686545729637,0.0,0.0
105.44360384345055,109.03700014948845,0.0,0.0
105.62257006764412,115.65966805815697,0.0,0.0
107.44163617491722,118.86678954958916,0.0,0.0
112.48939380049706,121.55393323302269,0.0,0.0
123.09903606772423,119.50542336702347,0.0,0.0
133.58143791556358,112.35393172502518,0.0,0.0
141.727384775877,103.94854611158371,0.0,0.0
146.46031513810158,97.22171014547348,0.0,0.0
147.71782249212265,92.41843169927597,0.0,0.0
147.63939859345555,90.32819053530693,0.0,0.0
147.94211246073246,89.95638331770897,0.0,0.0
147.91843708604574,90.26379159092903,0.0,0.0
147.83083936199546,90.51701471582055,0.0,0.0
147.80798161402345,91.68803066387773,0.0,0.0
147.932008523494,97.16069668903947,0.0,0.0
148.03059155121446,106.2533351816237,0.0,0.0
147.60107764974236,116.63837403431535,0.0,0.0
146.7415294982493,128.42362016811967,0.0,0.0
146.23866813257337,139.10863012447953,0.0,0.0
144.59275813773274,149.37098473683,0.0,0.0
143.1337565369904,160.71022242680192,0.0,0.0
142.24463241174817,169.16328281536698,0.0,0.0
141.62094281986356,173.58125925436616,0.0,0.0
140.9117309190333,176.59355372563004,0.0,0.0
140.76855429448187,177.69167319312692,0.0,0.0
140.85388407111168,177.8018674571067,0.0,0.0
140.77952881343663,177.49563807062805,0.0,0.0
140.70801143534482,177.2361745815724,0.0,1.0
