x,y,hover,eod
144.2195202410221,96.94454455375671,0.0,0.0
143.51253986358643,100.06931328773499,0.0,0.0
141.6909185051918,103.83611315488815,0.0,0.0
138.79803001880646,107.34841728210449,0.0,0.0
132.45317816734314,114.19400179386139,0.0,0.0
124.02494728565216,118.99852299690247,0.0,0.0
115.94407379627228,122.04904818534851,0.0,0.0
109.23030853271484,119.94157785177231,0.0,0.0
102.63767600059509,112.89480084180832,0.0,0.0
101.32750853896141,103.51159089803696,0.0,0.0
104.56257089972496,92.70226114988327,0.0,0.0
109.78751167654991,82.07813137769699,0.0,0.0
118.03488060832024,71.94248074293137,0.0,0.0
126.42780110239983,66.52741485834122,0.0,0.0
131.15632221102715,64.98057463765144,0.0,0.0
135.72997584939003,66.87649735808372,0.0,0.0
143.5454960167408,75.67638763785362,0.0,0.0
147.83274576067924,87.02640900015831,0.0,0.0
151.84893682599068,102.38868126273155,0.0,0.0
154.67673644423485,119.20779117941856,0.0,0.0
155.52878364920616,134.05942806601524,0.0,0.0
154.06001970171928,151.71763548254967,0.0,0.0
150.96006110310555,167.23705658316612,0.0,0.0
147.42034688591957,178.65320214629173,0.0,0.0
144.63111743330956,186.53202483057976,0.0,0.0
143.59408602118492,190.0400627553463,0.0,0.0
142.96921983361244,192.15418019890785,0.0,0.0
142.58671268820763,192.29078850336373,0.0,0.0
142.35502468422055,191.94576180167496,0.0,0.0
142.15052139014006,191.1432412136346,0.0,1.0
