x,y,hover,eod
142.49238538742065,113.08691835403442,0.0,0.0
141.91156632453203,115.24275904893875,0.0,0.0
139.47634226828814,118.38757401704788,0.0,0.0
127.5220311358571,123.082659304142,0.0,0.0
117.62730068713427,123.75714211165905,0.0,0.0
110.61204618960619,121.63683904707432,0.0,0.0
105.15721745043993,116.2651385217905,0.0,0.0
102.99180514365435,103.75811232626438,0.0,0.0
107.31203503161669,92.97080291807652,0.0,0.0
115.80811328440905,83.9777953773737,0.0,0.0
127.31520123034716,78.0211622864008,0.0,0.0
138.55374521762133,76.45614771544933,0.0,0.0
148.46603221446276,80.05137293040752,0.0,0.0
153.07213074713945,88.50301711261272,0.0,0.0
153.90956006199121,104.10804359614849,0.0,0.0
150.72446546703577,124.07988040149212,0.0,0.0
146.12038395553827,141.7129132002592,0.0,0.0
139.65715370327234,156.71601383388042,0.0,0.0
134.89370337873697,167.70097582042217,0.0,0.0
131.39008007198572,174.65612976253033,0.0,0.0
128.61857406049967,178.8350644558668,0.0,0.0
126.93876168876886,180.53705839812756,0.0,0.0
125.10912231355906,180.68550372868776,0.0,0.0
123.88523667305708,179.57883129268885,0.0,1.0
