x,y,hover,eod
133.58705472946167,112.57328176498413,0.0,0.0
119.678062915802,119.38068294525146,0.0,0.0
109.82848954200745,119.52147764712572,0.0,0.0
102.27969300746918,113.14877135306597,0.0,0.0
99.0867171883583,99.95572907477617,0.0,0.0
104.56133705377579,87.59715778380632,0.0,0.0
116.22788292169571,75.91513497382402,0.0,0.0
128.02073937654495,70.35880548506975,0.0,0.0
139.99193054437637,71.9960522428155,0.0,0.0
150.14486056566238,85.4914271607995,0.0,0.0
155.40604573488235,108.79095671325922,0.0,0.0
158.06585055589676,134.46811316162348,0.0,0.0
157.91437760740519,153.0853438153863,0.0,0.0
155.71271390467882,172.6992308869958,0.0,0.0
154.0570481196046,183.22003839164972,0.0,0.0
152.6853886321187,186.7328086271882,0.0,1.0
