x,y,hover,eod
142.99544425308704,112.4507263302803,0.0,0.0
141.90340542793274,114.92739498615265,0.0,0.0
139.1022183895111,118.2403889298439,0.0,0.0
133.17688071727753,120.07483512163162,0.0,0.0
123.78828072547913,120.50785832107067,0.0,0.0
115.1576110124588,118.32761310040951,0.0,0.0
110.40255898237228,114.28059868514538,0.0,0.0
108.87594604492188,103.67168717086315,0.0,0.0
111.96217352151871,92.6956420391798,0.0,0.0
118.06751960515976,85.23701302707195,0.0,0.0
127.85778278112411,77.68860749900341,0.0,0.0
137.34409922361374,73.13949577510357,0.0,0.0
142.7868133187294,72.7559207007289,0.0,0.0
146.75939613580704,77.13889580219984,0.0,0.0
148.521753937006,89.80426531285048,0.0,0.0
145.35766193270683,109.38107829540968,0.0,0.0
140.42831668257713,130.67969661206007,0.0,0.0
134.43120309710503,147.3277698084712,0.0,0.0
128.7055797278881,161.93763833492994,0.0,0.0
122.66485461592674,174.12054758518934,0.0,0.0
119.14405384659767,181.8541006371379,0.0,0.0
117.20390462875366,184.1750268265605,0.0,1.0
