x,y,hover,eod
131.2128745317459,119.58295530080795,0.0,0.0
121.62857162952423,120.97689321637154,0.0,0.0
112.00017023086548,119.2345749437809,0.0,0.0
106.51991355419159,114.5002638399601,0.0,0.0
105.66374230384827,102.45638719201088,0.0,0.0
112.79093611240387,86.56652680039406,0.0,0.0
122.21480059623718,78.25942268967628,0.0,0.0
133.86446166038513,74.20656821131706,0.0,0.0
144.61364436149597,76.3397624194622,0.0,0.0
151.54452252388,87.39010235667229,0.0,0.0
151.56820059474558,107.85475394129753,0.0,0.0
144.94018078502268,132.353450268507,0.0,0.0
136.19093478377908,153.219248265028,0.0,0.0
126.36642516311258,169.355802744627,0.0,0.0
120.13229668792337,178.19984576106071,0.0,0.0
116.98120862897485,181.89355185627937,0.0,1.0
