x,y,hover,eod
137.9368791282177,115.34154170751572,0.0,0.0
137.814958460629,116.70232856273651,0.0,0.0
137.64220128953457,118.10057619214058,0.0,0.0
136.1213266402483,119.83685711026192,0.0,0.0
133.55910624563694,121.51666337251663,0.0,0.0
130.34199084341526,123.71230298280716,0.0,0.0
124.21991850435734,125.53514102101326,0.0,0.0
118.01435436308384,126.08983555436134,0.0,0.0
112.08257879316807,124.78874990344048,0.0,0.0
104.71086825430393,117.87155279517174,0.0,0.0
100.55422540009022,107.72893199324608,0.0,0.0
99.86593301594257,98.5387415587902,0.0,0.0
102.39931876957417,91.8435967862606,0.0,0.0
106.96912552416325,85.1730007827282,0.0,0.0
114.85173846781254,78.22095164656639,0.0,0.0
123.37651337683201,74.30026242136955,0.0,0.0
132.97017480432987,71.04878583550453,0.0,0.0
140.46328927576542,70.02119654417038,0.0,0.0
146.253887668252,71.28803038597107,0.0,0.0
151.26821483671665,75.77028506994247,0.0,0.0
154.4477638155222,84.48984855413437,0.0,0.0
156.29240538179874,99.55576294660568,0.0,0.0
155.57028102874756,114.85080832242966,0.0,0.0
152.79589074850082,130.43672317266464,0.0,0.0
149.19720309972763,145.4541420340538,0.0,0.0
144.8767511844635,158.3849465250969,0.0,0.0
140.72681325674057,169.89300006628036,0.0,0.0
136.78236651420593,178.42525416612625,0.0,0.0
134.27985537052155,183.10853683948517,0.0,0.0
132.53269347548485,185.81006133556366,0.0,0.0
131.705672621727,186.69756756722927,0.0,0.0
130.96114414930344,187.1324342265725,0.0,0.0
130.51323834061623,187.02068310789764,0.0,0.0
130.11721304804087,186.48778170906007,0.0,1.0
