x,y,hover,eod
136.7699499130249,98.95115625858307,0.0,0.0
117.06581902503967,106.4130289554596,0.0,0.0
109.41451680660248,107.41383914649487,0.0,0.0
106.79816138744354,106.27626140415668,0.0,0.0
106.98341225087643,102.69411791861057,0.0,0.0
112.96421085298061,96.61216188967228,0.0,0.0
122.95462881028652,88.72170139849186,0.0,0.0
133.12172685563564,83.23375810682774,0.0,0.0
140.95221672952175,80.91669608652592,0.0,0.0
145.40196333825588,83.26752369105816,0.0,0.0
149.0798610895872,92.36274008452892,0.0,0.0
150.76212559640408,108.31747893989086,0.0,0.0
149.72205337882042,127.92783384025097,0.0,0.0
146.1879115998745,146.2551951855421,0.0,0.0
142.60003086924553,161.92302350699902,0.0,0.0
140.14916104078293,172.78852109611034,0.0,0.0
139.28057608008385,176.49237398803234,0.0,0.0
139.21746661700308,176.85724933445454,0.0,1.0
