x,y,hover,eod
152.8389064669609,76.88934350013733,0.0,0.0
147.3956326842308,74.44587343931198,0.0,0.0
139.35181599855423,72.61154168844223,0.0,0.0
127.49252897500992,75.55597180128098,0.0,0.0
115.9446011185646,83.70543950796127,0.0,0.0
106.38598901033401,95.62709802389145,0.0,0.0
101.27798837423325,107.74926060438156,0.0,0.0
102.5761307477951,118.18489545583725,0.0,0.0
110.0438482761383,125.10235780477524,0.0,0.0
121.39329385757446,125.92023679614067,0.0,0.0
133.8961524963379,119.9758286178112,0.0,0.0
144.69147515296936,110.88607975840569,0.0,0.0
151.57866311073303,101.64005228877068,0.0,0.0
155.90578895807266,91.56955787539482,0.0,0.0
156.5632754266262,85.52594730257988,0.0,0.0
155.42652410268784,82.64186748862267,0.0,0.0
154.6471994817257,82.534478507936,0.0,0.0
154.88377486169338,83.35618314892054,0.0,0.0
154.1651905030012,89.7521191611886,0.0,0.0
153.7682797461748,100.75623927265406,0.0,0.0
152.83776645362377,114.35968456417322,0.0,0.0
152.51833383738995,130.4261332526803,0.0,0.0
152.6230314821005,146.49038372188807,0.0,0.0
152.78395765274763,160.30208883434534,0.0,0.0
152.7737866975367,170.77439484745264,0.0,0.0
151.84280111268163,178.32878527790308,0.0,0.0
151.80619305744767,182.59573040157557,0.0,0.0
151.7706018667668,184.66459257155657,0.0,0.0
152.01760366372764,184.45608963817358,0.0,0.0
152.26194750331342,184.09811736643314,0.0,1.0
