x,y,hover,eod
117.61850428581238,120.6158744096756,0.0,0.0
106.75830793380737,121.55988427996635,0.0,0.0
98.33574962615967,116.93631026148796,0.0,0.0
93.54376298189163,105.62365266680717,0.0,0.0
95.41279029846191,87.42766591906548,0.0,0.0
104.21863567829132,71.06323811411858,0.0,0.0
116.122354388237,60.41519019007683,0.0,0.0
127.86719334125519,57.15882393717766,0.0,0.0
139.21945226192474,62.21688362956047,0.0,0.0
151.4234675168991,79.80286809802055,0.0,0.0
159.73668706417084,109.10882207751274,0.0,0.0
163.56687945127487,139.7458836734295,0.0,0.0
163.03967141360044,163.4493872821331,0.0,0.0
160.11402510851622,183.0885348021984,0.0,0.0
156.41657524555922,196.15616890788078,0.0,0.0
154.1236577257514,200.3300464451313,0.0,0.0
153.6655694693327,200.10937110707164,0.0,0.0
152.5125828832388,197.17851326987147,0.0,1.0
