x,y,hover,eod
134.04657351970673,129.5283140540123,0.0,0.0
129.7829003930092,131.06722581386566,0.0,0.0
119.8346294760704,132.59606245160103,0.0,0.0
111.07873994112015,130.99798145890236,0.0,0.0
105.49264627695084,127.10085037350655,0.0,0.0
101.69748175144196,117.81392458081245,0.0,0.0
103.16859531402588,102.65850189328194,0.0,0.0
109.11665546894073,90.9860945045948,0.0,0.0
119.98162496089935,83.16681924462318,0.0,0.0
132.79937374591827,78.75955227017403,0.0,0.0
143.81606686115265,79.06843054294586,0.0,0.0
152.2253053188324,87.09293711185455,0.0,0.0
155.46509730815887,100.78812944889069,0.0,0.0
152.7435623407364,117.99140679836273,0.0,0.0
145.14297652244568,136.26222240924835,0.0,0.0
136.54816019535065,152.58557784557343,0.0,0.0
128.465869307518,166.09445559978485,0.0,0.0
124.11646384000778,173.9493339061737,0.0,0.0
122.25520658493042,177.32646930217743,0.0,0.0
121.15947636961937,178.17122708261013,0.0,0.0
120.89641851559281,177.56336837261915,0.0,0.0
120.87699377164245,176.74489676207304,0.0,1.0
