x,y,hover,eod
143.2821699976921,73.32012416422367,0.0,0.0
141.50954619050026,72.68304215371609,0.0,0.0
138.53991761803627,73.47196163237095,0.0,0.0
132.07017377018929,77.34058709442616,0.0,0.0
122.3940946161747,85.76646836102009,0.0,0.0
115.0324584543705,93.94813270866871,0.0,0.0
110.54565742611885,101.36856408417225,0.0,0.0
107.84512683749199,110.23501010239124,0.0,0.0
108.4066641330719,120.77933640778065,0.0,0.0
111.73798501491547,123.9271983653307,0.0,0.0
121.10605180263519,125.48828007280827,0.0,0.0
129.18877840042114,121.8721634298563,0.0,0.0
136.31327390670776,114.81684090197086,0.0,0.0
143.81247222423553,102.9156387001276,0.0,0.0
148.19323807954788,93.3282226473093,0.0,0.0
148.64633809775114,87.15444447100163,0.0,0.0
147.9043259099126,83.22952868044376,0.0,0.0
146.90641675144434,81.61379681527615,0.0,0.0
145.85953619331121,81.66982383560389,0.0,0.0
145.74397729709744,82.27937978785485,0.0,0.0
145.7979934522882,87.33601194899529,0.0,0.0
145.51288940478116,95.34037751238793,0.0,0.0
146.62668951321393,107.02637356799096,0.0,0.0
148.02667387295514,121.80009883921593,0.0,0.0
149.70241137314588,137.75895279925317,0.0,0.0
149.5786689640954,151.23513025324792,0.0,0.0
149.94079765398055,162.7713887123391,0.0,0.0
149.78086147923023,171.63012546580285,0.0,0.0
148.51017434615642,179.47143954318017,0.0,0.0
148.19934692699462,182.53764730971307,0.0,0.0
147.19043601769954,184.6456122128293,0.0,0.0
146.482323971577,184.97835722845048,0.0,1.0
