x,y,hover,eod
148.47952249646187,85.34041488170624,0.0,0.0
148.2057297155261,81.88788557052612,0.0,0.0
147.35699362307787,79.30649721622467,0.0,0.0
145.21026215702295,76.25340723991394,0.0,0.0
139.76823172718287,73.97690424323082,0.0,0.0
131.72032914310694,74.2811198681593,0.0,0.0
124.51017878204584,77.1449943035841,0.0,0.0
117.11711487919092,81.75623492896557,0.0,0.0
110.26881716400385,90.6241853684187,0.0,0.0
108.64396414905787,101.9484873265028,0.0,0.0
110.09198225289583,109.87498717010021,0.0,0.0
113.1760982349515,112.57980959117413,0.0,0.0
123.95117319375277,111.63370916247368,0.0,0.0
134.35369647294283,105.25700458884239,0.0,0.0
142.7640298679471,96.70618125796318,0.0,0.0
147.54172749072313,88.81406316161156,0.0,0.0
148.96321318298578,85.12299755215645,0.0,0.0
149.11622078344226,83.23072934150696,0.0,0.0
148.79239493235946,83.83336139470339,0.0,0.0
148.77450997079723,84.61260599642992,0.0,0.0
148.02136132563464,87.95713109523058,0.0,0.0
146.4114418074023,98.48466319590807,0.0,0.0
144.12905046786182,111.9250218346715,0.0,0.0
141.62695178831927,127.21085590869188,0.0,0.0
139.55365875805728,142.42989344149828,0.0,0.0
137.96535039390437,155.73888821154833,0.0,0.0
136.46462211455218,165.67917508631945,0.0,0.0
133.94869903172366,176.5695039704442,0.0,0.0
132.56058299983852,181.07215804606676,0.0,0.0
132.18694051797502,182.5120539739728,0.0,0.0
132.13182748365216,181.9914903268218,0.0,0.0
132.32733539375477,180.9216899201274,0.0,0.0
133.3375374141615,174.21837156265974,0.0,1.0
