x,y,hover,eod
129.0797129869461,115.5387772321701,0.0,0.0
119.24657022953033,117.89791893959045,0.0,0.0
112.1560708284378,115.85687172412872,0.0,0.0
109.29627305269241,111.92522954940796,0.0,0.0
107.17934927344322,96.83282089233398,0.0,0.0
109.5871759057045,84.44831919670105,0.0,0.0
117.20076328516006,74.1032166481018,0.0,0.0
128.81606942415237,68.06741845607758,0.0,0.0
139.6416271328926,68.18711386807263,0.0,0.0
147.43166214227676,75.50320135243237,0.0,0.0
150.29782271385193,89.35845600254834,0.0,0.0
148.23316490650177,109.98799549229443,0.0,0.0
141.89228808879852,135.48969255574048,0.0,0.0
131.8297461271286,157.1403430569917,0.0,0.0
122.12070858478546,173.48166571743786,0.0,0.0
113.53151535987854,185.18400179035962,0.0,0.0
110.32473719120026,188.98353921063244,0.0,0.0
109.84890660643578,189.80622285790741,0.0,0.0
109.84123421274126,189.18350325711071,0.0,0.0
110.41599450074136,188.38423514552414,0.0,0.0
111.38330688141286,187.34260806627572,0.0,0.0
112.74568145535886,185.93793773837388,0.0,0.0
113.78238973580301,185.27703741379082,0.0,0.0
114.8714215066284,184.6010361034423,0.0,0.0
115.28217145614326,183.22548249550164,0.0,0.0
114.92237863503397,181.5835126657039,0.0,0.0
113.95204578898847,178.7486943025142,0.0,1.0
