x,y,hover,eod
141.99083930253983,114.47650164365768,0.0,0.0
142.91762402653694,113.96591547876596,0.0,0.0
143.52271864563227,114.62954092770815,0.0,0.0
140.23622224479914,116.57575283199549,0.0,0.0
132.27969834953547,119.45506874471903,0.0,0.0
121.76806399971247,119.86704025417566,0.0,0.0
111.52714679390192,117.00408313423395,0.0,0.0
105.20352909713984,111.33280966430902,0.0,0.0
102.6826418414712,103.82058832794428,0.0,0.0
106.1597023382783,90.99350903183222,0.0,0.0
115.61196962743998,80.23214671760798,0.0,0.0
127.06938306242228,72.66697321087122,0.0,0.0
137.7645949497819,70.32009739428759,0.0,0.0
146.7267701998353,73.10529667884111,0.0,0.0
151.98601523786783,85.33683616667986,0.0,0.0
153.79678840190172,102.05358821898699,0.0,0.0
153.8204220533371,120.97142655402422,0.0,0.0
152.46344259381294,139.42996460944414,0.0,0.0
150.09486413002014,156.2857897952199,0.0,0.0
146.70123821496964,172.1475263312459,0.0,0.0
144.22007566690445,181.72962088137865,0.0,0.0
143.08065301179886,185.68689484149218,0.0,0.0
142.05361834168434,187.05003444105387,0.0,0.0
141.13508059084415,186.67799409478903,0.0,0.0
140.41921286284924,184.42952256649733,0.0,1.0
