x,y,hover,eod
159.72519093751907,90.77729034423828,0.0,0.0
151.0933100581169,98.33154547214508,0.0,0.0
135.96876972913742,104.94150149822235,0.0,0.0
119.3854176402092,108.47746956348419,0.0,0.0
105.9136568903923,108.40768668055534,0.0,0.0
97.27708274126053,101.58951851725578,0.0,0.0
96.40004882216454,87.92072150111198,0.0,0.0
104.17368242144585,74.76027700304985,0.0,0.0
118.60190579295158,63.95876380801201,0.0,0.0
133.82809349894524,58.82856521010399,0.0,0.0
146.58910104632378,60.98285871744156,0.0,0.0
155.8592743575573,74.01850658655167,0.0,0.0
157.97119149565697,99.75785452127457,0.0,0.0
155.08475729823112,130.65030533075333,0.0,0.0
148.96633872389793,156.36299806833267,0.0,0.0
142.7750731408596,176.52610975503922,0.0,0.0
138.05600413680077,189.6753986477852,0.0,0.0
136.25096434354782,195.41265386343002,0.0,0.0
135.01389557123184,197.33082580566406,0.0,0.0
134.41262306272984,196.86650372296572,0.0,1.0
