x,y,hover,eod
138.09889143705368,112.84115701913834,0.0,0.0
135.09852743148804,115.61433970928192,0.0,0.0
127.35577917098999,117.7613915503025,0.0,0.0
119.31674039363861,117.47352994978428,0.0,0.0
112.50713920593262,112.877993658185,0.0,0.0
107.349658370018,101.43917568027973,0.0,0.0
106.89740674942732,90.39164192974567,0.0,0.0
111.7619984075427,82.11468823254108,0.0,0.0
120.4255007430911,76.88780553638935,0.0,0.0
131.5062199756503,74.84106488525867,0.0,0.0
143.44539868086576,77.613460496068,0.0,0.0
150.39468692988157,86.86797209084034,0.0,0.0
150.87484257668257,103.07320661842823,0.0,0.0
147.0437799617648,122.01738901436329,0.0,0.0
141.00752817839384,140.14126248657703,0.0,0.0
133.67136048525572,156.71896167099476,0.0,0.0
128.21290480345488,168.5547835379839,0.0,0.0
124.61882220953703,176.60177417099476,0.0,0.0
122.36936780065298,180.2383328229189,0.0,0.0
121.3195047006011,181.519558057189,0.0,1.0
