x,y,hover,eod
139.64868658781052,121.66578722000122,0.0,0.0
134.00350147485733,126.6061497926712,0.0,0.0
122.45563679933548,130.75808656215668,0.0,0.0
112.42466980218887,129.84147813916206,0.0,0.0
105.02620035409927,122.80330863595009,0.0,0.0
102.01939994096756,110.23284760117531,0.0,0.0
106.3546114563942,96.04129043221474,0.0,0.0
114.820292532444,85.52726355195045,0.0,0.0
125.78522735834122,77.42710855603218,0.0,0.0
137.2845464348793,74.19559654593468,0.0,0.0
146.71247774362564,77.65308645367622,0.0,0.0
153.65621024370193,94.44671419262886,0.0,0.0
154.94458356499672,113.67255833745003,0.0,0.0
153.50141191482544,133.3536722958088,0.0,0.0
149.78250348567963,150.36763218045235,0.0,0.0
146.16681241989136,165.18004205822945,0.0,0.0
141.6559880375862,178.15148857235909,0.0,0.0
139.67901596426964,181.92875412106514,0.0,1.0
