x,y,hover,eod
140.00483006238937,109.83251142501831,0.0,0.0
132.92515009641647,115.15516924858093,0.0,0.0
122.41590708494186,119.36502027511597,0.0,0.0
112.76643842458725,119.93940624594688,0.0,0.0
104.18061584234238,117.19993862509727,0.0,0.0
100.61964184045792,111.69485720992088,0.0,0.0
100.73285929858685,99.03182658553123,0.0,0.0
107.30736546218395,86.058150857687,0.0,0.0
117.26728968322277,74.63117751479149,0.0,0.0
129.41352538764477,65.4624203145504,0.0,0.0
139.35330860316753,63.93100652098656,0.0,0.0
144.53718356788158,67.57079514861107,0.0,0.0
147.87695698440075,79.47537097334862,0.0,0.0
150.11853642761707,95.83221945166588,0.0,0.0
152.62356884777546,116.03492531180382,0.0,0.0
155.00012271106243,135.26182207465172,0.0,0.0
155.783546641469,152.72492918372154,0.0,0.0
155.92072711326182,169.84246763586998,0.0,0.0
154.95916248299181,182.24161061644554,0.0,0.0
154.0406269673258,190.01378509402275,0.0,0.0
153.52650427259505,193.25164678692818,0.0,1.0
