x,y,hover,eod
138.62547857314348,110.6860656440258,0.0,0.0
138.17077157646418,112.29928174614906,0.0,0.0
137.30894131213427,114.70125341415405,0.0,0.0
132.99124700576067,119.09445309638977,0.0,0.0
126.84393269568682,124.29290676116943,0.0,0.0
119.66948134452105,127.65797996520996,0.0,0.0
111.1493174508214,127.8968700170517,0.0,0.0
107.19201368838549,123.95643734931946,0.0,0.0
104.28823483735323,113.29868340492249,0.0,0.0
105.11175213009119,103.14262056350708,0.0,0.0
109.24197164922953,94.21000444889069,0.0,0.0
116.56169322878122,84.72612941265106,0.0,0.0
125.64560679346323,78.54464137554169,0.0,0.0
133.94352582842112,76.33957797288895,0.0,0.0
139.77445808798075,78.14307817816734,0.0,0.0
146.00720611959696,84.601856559515,0.0,0.0
150.74859378486872,99.13142570853233,0.0,0.0
152.5850116983056,115.26664981245995,0.0,0.0
151.9390787705779,131.87669405341148,0.0,0.0
149.49258392304182,145.52395233511925,0.0,0.0
145.86102103441954,157.8825760781765,0.0,0.0
141.63006936758757,169.8932064473629,0.0,0.0
139.13028349727392,176.07750126719475,0.0,0.0
137.62075831741095,179.0956131517887,0.0,0.0
136.64324318617582,180.74441188573837,0.0,1.0
