x,y,hover,eod
135.20684921741486,76.42698913812637,0.0,0.0
131.20007628202438,73.33686649799347,0.0,0.0
126.43218034505844,71.18348404765129,0.0,0.0
120.90741270780563,70.54160997271538,0.0,0.0
112.57629626989365,72.3714953660965,0.0,0.0
104.8193251490593,77.40967512130737,0.0,0.0
99.06524354219437,84.4745135307312,0.0,0.0
96.13247358798981,94.2577588558197,0.0,0.0
96.80142165720463,106.97352290153503,0.0,0.0
102.9436487108469,119.44157481193542,0.0,0.0
110.75601102411747,122.5501137971878,0.0,0.0
123.02986384928226,117.44276642799377,0.0,0.0
132.2331369072199,106.71220898628235,0.0,0.0
139.38643337786198,93.41539978981018,0.0,0.0
140.15235581994057,81.74837470054626,0.0,0.0
137.57882604002953,74.8889672756195,0.0,0.0
135.63130819797516,71.95745468139648,0.0,0.0
134.935775116086,71.5089363977313,0.0,0.0
134.98472864367068,72.4969794228673,0.0,0.0
135.66733876802027,74.93354994803667,0.0,0.0
139.07484481669962,85.60605484992266,0.0,0.0
142.9584641251713,99.12131626158953,0.0,0.0
147.21615890599787,114.56278998404741,0.0,0.0
150.9910539779812,131.1295362189412,0.0,0.0
154.73831633664668,146.75665456801653,0.0,0.0
157.6118991766125,160.73207337409258,0.0,0.0
159.72225064970553,172.25151259452105,0.0,0.0
160.85817838646472,180.60858625918627,0.0,0.0
161.00339874252677,184.7764827683568,0.0,0.0
160.55782671645284,185.8328315988183,0.0,0.0
160.89899450168014,183.15277103334665,0.0,1.0
