x,y,hover,eod
146.18338617682457,77.05938994884491,0.0,0.0
144.4408479630947,73.99337738752365,0.0,0.0
142.13549050688744,72.38828539848328,0.0,0.0
139.2858335673809,71.1177322268486,0.0,0.0
133.70748910307884,71.78222000598907,0.0,0.0
125.11926445364952,76.9320160150528,0.0,0.0
115.73852095007896,87.25306451320648,0.0,0.0
108.21590933203697,97.95187890529633,0.0,0.0
104.00804671645164,111.22682392597198,0.0,0.0
105.15388260781765,115.93803346157074,0.0,0.0
111.55511151254177,119.76191431283951,0.0,0.0
121.078258857131,119.38910309225321,0.0,0.0
128.9555109590292,115.04386220127344,0.0,0.0
139.64256535470486,105.42435202747583,0.0,0.0
146.92211757600307,95.20666513592005,0.0,0.0
151.38485680520535,85.74703965336084,0.0,0.0
152.91906709969044,79.73805103451014,0.0,0.0
153.3361241146922,78.38328931480646,0.0,0.0
153.28236395679414,78.74514169991016,0.0,0.0
153.1328614819795,79.27773837000132,0.0,0.0
151.69214539416134,86.71063367277384,0.0,0.0
149.44496743567288,97.5530892983079,0.0,0.0
147.28812955506146,110.93105141073465,0.0,0.0
144.80249799974263,128.5236293449998,0.0,0.0
143.429815845564,146.17188517004251,0.0,0.0
141.20967231877148,160.99611941725016,0.0,0.0
139.12188731320202,172.57325116544962,0.0,0.0
137.46827401407063,180.75795236974955,0.0,0.0
135.70684872753918,184.9813363328576,0.0,0.0
135.57703932002187,186.0757716372609,0.0,0.0
135.75935849174857,185.82076955586672,0.0,1.0
