x,y,hover,eod
152.7217082977295,82.77069354057312,0.0,0.0
144.97831273078918,81.5063419342041,0.0,0.0
133.24940252304077,79.81787496805191,0.0,0.0
124.16441607475281,80.46362192928791,0.0,0.0
115.16427683830261,82.66407163441181,0.0,0.0
107.43876504898071,87.51324625313282,0.0,0.0
102.85883712768555,94.47381170094013,0.0,0.0
101.77713426947594,101.89775498211384,0.0,0.0
104.75634369254112,107.21799702942371,0.0,0.0
115.518679946661,108.72204245626926,0.0,0.0
127.79604944586754,104.30031241476536,0.0,0.0
138.95172986388206,96.43079043924809,0.0,0.0
148.42843744158745,88.05609704554081,0.0,0.0
152.79682341217995,81.99467541277409,0.0,0.0
154.54251247644424,79.02979464828968,0.0,0.0
155.46334567666054,78.27905298769474,0.0,0.0
155.12884910404682,79.0887905806303,0.0,0.0
154.7892310768366,80.54076166450977,0.0,0.0
152.7324887663126,87.80168803036213,0.0,0.0
149.8220568448305,99.23932464420795,0.0,0.0
146.59160341322422,115.06756456196308,0.0,0.0
143.7164103537798,132.78607042133808,0.0,0.0
140.82676734030247,150.83841712772846,0.0,0.0
137.11033399403095,163.58112008869648,0.0,0.0
134.76101066172123,173.31056328117847,0.0,0.0
133.37367455661297,176.87693478167057,0.0,0.0
133.0606245920062,178.21929575502872,0.0,0.0
133.19929966889322,177.90406671911478,0.0,0.0
133.20273349713534,177.41796077787876,0.0,1.0
