x,y,hover,eod
134.0405334830284,117.74001228809357,0.0,0.0
130.4795213341713,121.66183787584305,0.0,0.0
121.15212517976761,126.02221566438675,0.0,0.0
112.78928536176682,126.08509147726,0.0,0.0
107.45332080125809,118.93645668588579,0.0,0.0
105.51894295215607,104.90377569757402,0.0,0.0
108.35053133964539,93.09667492471635,0.0,0.0
114.27495110034943,84.91727376542985,0.0,0.0
124.11916899681091,78.11501885019243,0.0,0.0
134.02628827095032,76.06131816469133,0.0,0.0
142.9810165166855,81.7818459328264,0.0,0.0
148.14240562915802,95.87355459295213,0.0,0.0
150.6423555612564,113.57113922201097,0.0,0.0
149.2289433181286,135.06539905630052,0.0,0.0
146.08811381459236,151.9973036106676,0.0,0.0
141.62391605973244,166.09274948202074,0.0,0.0
137.7505696117878,177.3599549587816,0.0,0.0
136.6840646713972,181.23338515125215,0.0,0.0
136.40422431007028,181.4005945082754,0.0,1.0
