x,y,hover,eod
144.5700268149376,77.01855564117432,0.0,0.0
142.15314146876335,75.13534703850746,0.0,0.0
139.003505975008,74.53599640727043,0.0,0.0
132.15311792492867,76.76465728878975,0.0,0.0
122.91589823365211,83.82060566544533,0.0,0.0
114.23619595170021,94.5772365629673,0.0,0.0
109.22485199570656,105.41878738999367,0.0,0.0
107.98695144057274,115.05514362454414,0.0,0.0
108.52444042265415,118.53534081578255,0.0,0.0
114.17799164354801,122.37438806891441,0.0,0.0
123.38089753687382,121.11066827178001,0.0,0.0
132.30736900866032,114.1113186776638,0.0,0.0
140.50344575941563,104.14184221625328,0.0,0.0
145.15294601023197,94.52351161837578,0.0,0.0
146.86814834177494,87.89275774359703,0.0,0.0
146.55749686807394,85.04517534375191,0.0,0.0
146.57619544118643,84.1521559804678,0.0,0.0
146.60791748017073,84.66512167453766,0.0,0.0
146.60909044370055,87.04467245936394,0.0,0.0
145.85109325870872,95.9896112382412,0.0,0.0
146.33466704562306,109.0279413163662,0.0,0.0
147.38013534620404,125.83507785201073,0.0,0.0
148.0434721596539,142.85365590453148,0.0,0.0
148.88086906448007,157.24928626418114,0.0,0.0
149.6182876713574,169.38766011595726,0.0,0.0
149.86130547523499,176.8783218562603,0.0,0.0
149.7864819113165,180.49438932538033,0.0,0.0
149.48969820328057,182.37946444749832,0.0,0.0
149.12788821198046,182.21957390755415,0.0,0.0
148.4053910318762,180.74856420606375,0.0,1.0
