x,y,hover,eod
132.11550056934357,113.18446731567383,0.0,0.0
129.26402390003204,115.40829485654831,0.0,0.0
121.15360081195831,117.51921883225441,0.0,0.0
112.5997930765152,116.65433509647846,0.0,0.0
105.94509959220886,112.3820082694292,0.0,0.0
103.29153448343277,101.0527686625719,0.0,0.0
105.97469925880432,87.6651875525713,0.0,0.0
111.97870194911957,80.39309187233448,0.0,0.0
124.12319362163544,76.00525362789631,0.0,0.0
137.55446135997772,76.29186323285103,0.0,0.0
149.1539615392685,82.66652157902718,0.0,0.0
153.49744588136673,96.46627715229988,0.0,0.0
151.09900534152985,117.04395106434822,0.0,0.0
141.72053515911102,141.53655818104744,0.0,0.0
131.16717517375946,161.19207790493965,0.0,0.0
123.85295987129211,174.07800248265266,0.0,0.0
120.17233282327652,179.56568649411201,0.0,0.0
118.42706680297852,180.38225209712982,0.0,0.0
117.42795884609222,175.79676425457,0.0,1.0
