x,y,hover,eod
144.75191986560822,105.13656589388847,0.0,0.0
143.5696460902691,107.32561039924622,0.0,0.0
140.88755360245705,110.17910498380661,0.0,0.0
137.7301632463932,114.06276720762253,0.0,0.0
131.054579526186,119.0139513015747,0.0,0.0
121.08480861783028,123.24480283260345,0.0,0.0
112.51515498757362,124.8634481728077,0.0,0.0
106.00787451863289,121.42976167798042,0.0,0.0
100.40721169114113,113.53301945328712,0.0,0.0
98.9793082177639,102.98435154557228,0.0,0.0
103.4201549589634,92.21017542481422,0.0,0.0
111.87445691227913,81.64038839936256,0.0,0.0
122.32093861699104,73.36336317658424,0.0,0.0
132.65220096707344,68.61062023043633,0.0,0.0
141.62662914395332,67.35128703713417,0.0,0.0
147.83084979653358,70.5950787961483,0.0,0.0
153.5812764465809,80.68742427229881,0.0,0.0
156.48431888222694,94.74843296408653,0.0,0.0
158.40878447890282,112.16667804121971,0.0,0.0
158.36265558749437,131.09419855475426,0.0,0.0
155.84299588948488,148.94851359724998,0.0,0.0
152.81562591344118,164.45841345191002,0.0,0.0
149.50397873669863,176.58176574110985,0.0,0.0
146.5468713119626,184.85998424887657,0.0,0.0
144.662484921515,188.37186220288277,0.0,0.0
143.88727302104235,190.1615056693554,0.0,0.0
142.89818996936083,190.43858080357313,0.0,1.0
