x,y,hover,eod
136.984429910779,112.17330379784107,0.0,0.0
136.0824003368616,113.28324174880981,0.0,0.0
133.47229208052158,115.37401354312897,0.0,0.0
126.70004452764988,119.27666938304901,0.0,0.0
118.26649989187717,120.0364921092987,0.0,0.0
109.84745885431767,119.32933440804482,0.0,0.0
106.24580706655979,116.95121845602989,0.0,0.0
103.20064659416676,105.15751442313194,0.0,0.0
107.21636082231998,92.82976111769676,0.0,0.0
114.8323627859354,84.76612529158592,0.0,0.0
126.84584225714207,80.06321063637733,0.0,0.0
138.95593728125095,80.55722343176603,0.0,0.0
149.6555181890726,86.71478854864836,0.0,0.0
153.13161040842533,99.01432501524687,0.0,0.0
149.89446218311787,116.34516226500273,0.0,0.0
138.7679594308138,137.85548674315214,0.0,0.0
125.73868210613728,155.27639495581388,0.0,0.0
115.8951395303011,166.60781728476286,0.0,0.0
109.67575605213642,173.68295299261808,0.0,0.0
107.3074793368578,176.02869050949812,0.0,0.0
105.31451071798801,177.1084048077464,0.0,0.0
104.27343013882637,177.07067774049938,0.0,0.0
103.43576568365097,176.4142004530877,0.0,1.0
