x,y,hover,eod
135.775852099061,76.26163804531097,0.0,0.0
134.4496179074049,73.82772618532181,0.0,0.0
132.45927487313747,71.95758053660393,0.0,0.0
129.04609654843807,70.81911826133728,0.0,0.0
122.31903766095638,71.90553465485573,0.0,0.0
113.63645945489407,77.27370718121529,0.0,0.0
106.92050014436245,85.05839982628822,0.0,0.0
102.6562464684248,94.75038030743599,0.0,0.0
104.32853822410107,105.96870997548103,0.0,0.0
109.34351627528667,115.51597931981087,0.0,0.0
114.77765206992626,118.55141291022301,0.0,0.0
123.96631841361523,116.71563053131104,0.0,0.0
132.08823566138744,107.73388826847076,0.0,0.0
138.89997784793377,96.68636286258698,0.0,0.0
140.8240448385477,86.26629436016083,0.0,0.0
140.2412501052022,79.26587069034576,0.0,0.0
139.66090124845505,75.77505373954773,0.0,0.0
139.48098008334637,75.39966391026974,0.0,0.0
139.8881934285164,76.12832018733025,0.0,0.0
140.61389368772507,80.20768293738365,0.0,0.0
143.40146493911743,91.73287281394005,0.0,0.0
145.09934675693512,108.49877962470055,0.0,0.0
148.1825606226921,125.94092139601707,0.0,0.0
150.88702929019928,142.3770464360714,0.0,0.0
153.1946265399456,156.49096021056175,0.0,0.0
154.0945031195879,167.83107289671898,0.0,0.0
154.77602173388004,180.2958274781704,0.0,0.0
154.6105611398816,185.45795449614525,0.0,0.0
154.3841604962945,186.26206049323082,0.0,0.0
154.09108727052808,185.71692047268152,0.0,0.0
153.7179281450808,184.591560639441,0.0,1.0
