x,y,hover,eod
141.32806086540222,85.00424203276634,0.0,0.0
143.61773499846458,83.14458307623863,0.0,0.0
145.40783309936523,81.87710639834404,0.0,0.0
144.74099078774452,80.63797336816788,0.0,0.0
141.75095716118813,77.74376076459885,0.0,0.0
135.33289948105812,72.13849467039108,0.0,0.0
125.99365809559822,64.76938825845718,0.0,0.0
116.2289790213108,57.88041752576828,0.0,0.0
110.35845080018044,55.00986558198929,0.0,0.0
106.50671401619911,54.8442513756454,0.0,0.0
101.76890978217125,58.24372271820903,0.0,0.0
97.95389035344124,66.98064188286662,0.0,0.0
96.60088250041008,82.84931282326579,0.0,0.0
98.87552285194397,98.08970670029521,0.0,0.0
105.44985556602478,109.03205732628703,0.0,0.0
116.90284037590027,114.44905976578593,0.0,0.0
130.8091917037964,114.70792469382286,0.0,0.0
147.3070409297943,107.79049751162529,0.0,0.0
157.389732837677,99.12917432188988,0.0,0.0
161.22233593463898,90.4057043492794,0.0,0.0
160.75664022564888,83.56505331397057,0.0,0.0
159.58292917907238,78.56816020607948,0.0,0.0
158.70389105379581,76.32819232344627,0.0,0.0
158.37925267964602,76.38685287721455,0.0,0.0
158.1500737518072,77.01149666495621,0.0,0.0
158.37346745282412,83.5616996306926,0.0,0.0
159.0658280029893,98.38591361232102,0.0,0.0
159.24743055924773,116.91341781802475,0.0,0.0
158.39688986167312,137.78673315234482,0.0,0.0
157.92262374982238,155.70272827334702,0.0,0.0
156.57477587088943,171.13168263621628,0.0,0.0
154.73461001738906,183.49905395694077,0.0,0.0
153.27982723340392,193.2710524816066,0.0,0.0
152.62211694940925,197.43986779637635,0.0,0.0
151.97231374308467,199.9489464778453,0.0,0.0
151.65961246564984,201.6677587646991,0.0,0.0
151.47069261968136,201.19261594302952,0.0,1.0
