x,y,hover,eod
129.8899423480034,128.30500781536102,0.0,0.0
125.3634330034256,130.26589885354042,0.0,0.0
116.13122725486755,130.22858783602715,0.0,0.0
109.11995494365692,127.79007151722908,0.0,0.0
103.70234513282776,119.59911361336708,0.0,0.0
102.1935815513134,107.542914301157,0.0,0.0
104.520109385252,96.12634316086769,0.0,0.0
111.3647253215313,87.28152588009834,0.0,0.0
121.41786763072014,82.01709762215614,0.0,0.0
133.6364788711071,79.3884365260601,0.0,0.0
145.99822947382927,80.34434519708157,0.0,0.0
153.6771465241909,85.02929590642452,0.0,0.0
155.3063107430935,94.7051664441824,0.0,0.0
152.24120596051216,107.57271252572536,0.0,0.0
145.94010749459267,123.37000094354153,0.0,0.0
138.42077830433846,138.78749452531338,0.0,0.0
130.88582316040993,152.27133952081203,0.0,0.0
122.44310596585274,164.02209483087063,0.0,0.0
115.67615965008736,171.4055147022009,0.0,0.0
111.65052989125252,174.4774504750967,0.0,0.0
107.58572855591774,176.81445874273777,0.0,0.0
105.03013381361961,178.11093367636204,0.0,1.0
