x,y,hover,eod
142.58205485343933,109.46071600914001,0.0,0.0
135.90440106391907,113.57932960987091,0.0,0.0
121.63556289672852,115.49942469596863,0.0,0.0
109.47458815574646,113.33029305934906,0.0,0.0
102.34836888313293,107.75143599510193,0.0,0.0
101.03628259897232,98.56362915039062,0.0,0.0
107.77842265367508,83.0759105682373,0.0,0.0
119.11102396249771,74.68212342262268,0.0,0.0
135.17942887544632,68.76647388935089,0.0,0.0
149.1176317334175,71.3409406542778,0.0,0.0
156.0725114941597,82.01146787405014,0.0,0.0
153.4513474702835,107.20287269353867,0.0,0.0
144.72198736667633,133.4164041876793,0.0,0.0
133.16848528385162,159.08199733495712,0.0,0.0
124.5927060842514,174.77906173467636,0.0,0.0
118.30253970623016,184.55968803167343,0.0,0.0
115.791044652462,187.95993334054947,0.0,0.0
115.13560470938683,189.02026271820068,0.0,1.0
