x,y,hover,eod
147.29864838719368,106.19179052114487,0.0,0.0
146.56904096901417,109.95166164636612,0.0,0.0
142.5065075904131,115.301782310009,0.0,0.0
134.60149164497852,119.7039709687233,0.0,0.0
124.82999558746815,121.7814629971981,0.0,0.0
112.17411990463734,120.98166246712208,0.0,0.0
103.55533833801746,115.40419180691242,0.0,0.0
99.45149625837803,104.04869396984577,0.0,0.0
101.2892582565546,91.53714974224567,0.0,0.0
108.87398208677769,80.1777561455965,0.0,0.0
120.25168742239475,70.47239263355732,0.0,0.0
130.357212677598,66.26217801868916,0.0,0.0
137.57598008215427,65.41959647834301,0.0,0.0
141.4238824993372,66.4936964660883,0.0,0.0
146.90419103205204,72.40261663496494,0.0,0.0
152.22524847090244,83.90911449491978,0.0,0.0
155.16100253164768,97.16344703733921,0.0,0.0
156.6569645255804,112.39841093122959,0.0,0.0
156.54992891661823,125.54006089270115,0.0,0.0
154.8548513483256,142.12135781347752,0.0,0.0
152.45581789128482,158.22614063322544,0.0,0.0
148.713131679222,170.42674292623997,0.0,0.0
146.3230000268668,178.88275076448917,0.0,0.0
144.5636299084872,183.2795675545931,0.0,0.0
143.0851475726813,187.76724417507648,0.0,0.0
141.69381706230342,190.906367495656,0.0,0.0
140.8925750683993,192.16277559101582,0.0,0.0
140.50329750590026,191.82981197535992,0.0,0.0
140.41085856221616,191.20263685286045,0.0,0.0
139.68671569786966,189.83676363527775,0.0,1.0
