x,y,hover,eod
129.1604516506195,112.2634482383728,0.0,0.0
120.87182259559631,113.74259382486343,0.0,0.0
111.42310297489166,112.54993379116058,0.0,0.0
108.97619596123695,108.21039408445358,0.0,0.0
111.21102845668793,94.98728960752487,0.0,0.0
117.73643708229065,83.74199002981186,0.0,0.0
126.00605046749115,78.31535786390305,0.0,0.0
136.0481015443802,77.43880219757557,0.0,0.0
144.8205474615097,84.10718984901905,0.0,0.0
147.46111845970154,98.70692320168018,0.0,0.0
144.6207139492035,119.41401548683643,0.0,0.0
137.79702281951904,138.77924032509327,0.0,0.0
128.67956018447876,157.75021500885487,0.0,0.0
119.36936891078949,170.0273508578539,0.0,0.0
112.32096707820892,179.07076962292194,0.0,1.0
