x,y,hover,eod
144.04214257001877,116.49637866020203,0.0,0.0
134.33874660730362,122.1095507144928,0.0,0.0
123.66244250535965,124.29987001419067,0.0,0.0
114.39281040430069,123.29637441039085,0.0,0.0
108.13214534521103,117.35351058840752,0.0,0.0
106.47177869081497,104.68310448527336,0.0,0.0
113.12387043237686,89.5857295691967,0.0,0.0
124.21898299455643,79.99702069163322,0.0,0.0
136.43118554353714,75.44761988520622,0.0,0.0
146.2168180346489,76.58161345124245,0.0,0.0
151.2312292456627,88.32773748040199,0.0,0.0
150.2513517588377,110.58787408471107,0.0,0.0
145.22708313167095,132.29518952965736,0.0,0.0
138.52583603560925,149.7895306646824,0.0,0.0
130.8346893042326,164.25537768006325,0.0,0.0
123.78934518992901,174.89196959137917,0.0,0.0
119.54887168109417,181.66113498806953,0.0,1.0
