x,y,hover,eod
133.85856676101685,116.4724468588829,0.0,0.0
129.4644032716751,118.98518377542496,0.0,0.0
118.78478634357452,120.51686787605286,0.0,0.0
109.19751393795013,116.63618499040604,0.0,0.0
106.13118368387222,103.64057832956314,0.0,0.0
108.91612786054611,88.61308151483536,0.0,0.0
116.15187364816666,79.20125180482864,0.0,0.0
125.84140795469284,74.02906829118729,0.0,0.0
137.91713851690292,73.10525940358639,0.0,0.0
147.36539083719254,80.02170906960964,0.0,0.0
150.4986645579338,97.34707699716091,0.0,0.0
148.10774672031403,121.35449753701687,0.0,0.0
141.10685873031616,145.11569367349148,0.0,0.0
134.43387496471405,163.4781144708395,0.0,0.0
128.7173490524292,176.86558829247952,0.0,0.0
126.5250973701477,183.75207053124905,0.0,1.0
