x,y,hover,eod
139.42349648475647,114.40841433405876,0.0,0.0
137.98293030261993,116.79496479034424,0.0,0.0
136.8214706927538,119.5726443529129,0.0,0.0
129.71345944702625,126.59400177001953,0.0,0.0
122.02978475391865,132.25207221508026,0.0,0.0
115.1270912438631,134.56765097379684,0.0,0.0
109.61332662403584,133.83579981327057,0.0,0.0
104.06774444878101,127.22823393344879,0.0,0.0
101.32592602074146,116.83126938343048,0.0,0.0
102.50720097124577,106.16761696338654,0.0,0.0
106.02868361771107,95.11000525951385,0.0,0.0
111.20062454044819,84.69953191280365,0.0,0.0
117.89440675079823,76.92772281169891,0.0,0.0
124.70938964188099,73.06734931468964,0.0,0.0
130.56327684223652,72.95538075082004,0.0,0.0
138.58153922855854,77.8378320466727,0.0,0.0
145.00285132229328,85.81056661717594,0.0,0.0
150.82638485729694,98.82269091717899,0.0,0.0
154.71956385672092,115.01761860959232,0.0,0.0
156.3610011190176,131.23051233403385,0.0,0.0
155.26928624510765,146.5614969264716,0.0,0.0
153.53816723823547,159.95142526738346,0.0,0.0
150.85278815031052,173.351100159809,0.0,0.0
149.23202341794968,179.22566957585514,0.0,0.0
148.70134385675192,182.17682964913547,0.0,0.0
148.3670496046543,183.42292226664722,0.0,0.0
148.1258144453168,183.64600948803127,0.0,0.0
148.08718616049737,183.18245377205312,0.0,1.0
